Job List,DVFS mode,Exec. Time (us),Cumulative Exec. Time (us),Energy (J)
"[1, 0, 0, 0, 0]",[],3588.928,3588.928,0.0009511671000000096
"[0, 1, 0, 0, 0]",[],15988.0,15988.0,0.00423742869999917
"[0, 0, 1, 0, 0]",[],2296.0,2296.0,0.0005098200000000039
"[0, 0, 0, 1, 0]",[],6212.01,6212.01,0.0016564686999997987
"[0, 0, 0, 0, 1]",[],3168.0,3168.0,0.0006770580000000038
"[1, 1, 1, 1, 1]",[],24965.0,80261.938,0.006977322499998594
"[2, 2, 0, 2, 0]",[],49973.928,258072.876,0.01341894100000786
"[0, 0, 2, 0, 2]",[],11675.0,44988.0,0.002497631999999462
"[1, 0, 0, 0, 0]",[],3588.928,3588.928,0.0009511671000000097
"[0, 1, 0, 0, 0]",[],15988.0,15988.0,0.00423742869999917
"[0, 0, 1, 0, 0]",[],2240.0,2240.0,0.0005014500000000039
"[0, 0, 0, 1, 0]",[],6227.01,6227.01,0.0016581426999997984
"[0, 0, 0, 0, 1]",[],4920.0,4920.0,0.0009716820000000044
"[1, 1, 1, 1, 1]",[],24937.0,88212.938,0.006972300499998603
"[2, 2, 0, 2, 0]",[],49957.928,267478.876,0.013415593000007848
"[0, 0, 2, 0, 2]",[],21049.0,81275.0,0.004066169999998789
"[1, 0, 0, 0, 0]",[],3588.928,3588.928,0.0009511671000000096
"[0, 1, 0, 0, 0]",[],15988.0,15988.0,0.00423742869999917
"[0, 0, 1, 0, 0]",[],2275.0,2275.0,0.0005064720000000038
"[0, 0, 0, 1, 0]",[],6292.01,6292.01,0.0016698606999997934
"[0, 0, 0, 0, 1]",[],4544.0,4544.0,0.0009080700000000041
"[1, 1, 1, 1, 1]",[],28031.0,67615.938,0.0074912404999983905
"[2, 2, 0, 2, 0]",[],49231.0,160745.876,0.013295065000007874
"[0, 0, 2, 0, 2]",[],20451.0,76909.0,0.00396740399999884
"[1, 0, 0, 0, 0]",[],3588.928,3588.928,0.0009511671000000097
"[0, 1, 0, 0, 0]",[],15988.0,15988.0,0.00423742869999917
"[0, 0, 1, 0, 0]",[],2240.0,2240.0,0.0005014500000000039
"[0, 0, 0, 1, 0]",[],6235.01,6235.01,0.0016598166999997974
"[0, 0, 0, 0, 1]",[],4920.0,4920.0,0.0009716820000000044
"[1, 1, 1, 1, 1]",[],24938.0,77524.938,0.006972300499998604
"[2, 2, 0, 2, 0]",[],49271.0,253408.87600000002,0.013301761000007475
"[0, 0, 2, 0, 2]",[],20932.0,80823.0,0.004047755999998796
"[1, 0, 0, 0, 0]",[],3588.928,3588.928,0.0009511671000000096
"[0, 1, 0, 0, 0]",[],15988.0,15988.0,0.00423742869999917
"[0, 0, 1, 0, 0]",[],2544.0,2544.0,0.0005516700000000037
"[0, 0, 0, 1, 0]",[],6235.01,6235.01,0.0016598166999997974
"[0, 0, 0, 0, 1]",[],3232.0,3232.0,0.0006887760000000037
"[1, 1, 1, 1, 1]",[],24885.0,64528.937999999995,0.006963930499998601
"[2, 2, 0, 2, 0]",[],49429.01,232359.87600000002,0.013326871000007562
"[0, 0, 2, 0, 2]",[],11567.0,28125.0,0.0024792179999994692
"[1, 0, 0, 0, 0]",[],3003.928,3003.928,0.0008540750999999162
"[0, 1, 0, 0, 0]",[],16176.0,16176.0,0.004269234699999849
"[0, 0, 1, 0, 0]",[],2664.0,2664.0,0.0005717579999999739
"[0, 0, 0, 1, 0]",[],4075.01,4075.01,0.0012982326999997984
"[0, 0, 0, 0, 1]",[],2341.0,2341.0,0.0005397899999999867
"[1, 1, 1, 1, 1]",[],19222.0,39629.938,0.006016446500003682
"[2, 2, 0, 2, 0]",[],25415.0,112976.876,0.009307597000001739
"[0, 0, 2, 0, 2]",[],7989.0,29876.0,0.0018799259999995495
"[1, 0, 0, 0, 0]",[],3003.928,3003.928,0.0008540750999999162
"[0, 1, 0, 0, 0]",[],16176.0,16176.0,0.004269234699999849
"[0, 0, 1, 0, 0]",[],2664.0,2664.0,0.0005717579999999739
"[0, 0, 0, 1, 0]",[],4075.01,4075.01,0.0012982326999997984
"[0, 0, 0, 0, 1]",[],2308.0,2308.0,0.0005330939999999893
"[1, 1, 1, 1, 1]",[],19174.0,39562.938,0.006008076500003668
"[2, 2, 0, 2, 0]",[],26077.0,127373.87599999999,0.009418081000001384
"[0, 0, 2, 0, 2]",[],13253.0,51392.0,0.0027621239999991646
"[1, 0, 0, 0, 0]",[],3003.928,3003.928,0.0008540750999999162
"[0, 1, 0, 0, 0]",[],16176.0,16176.0,0.004269234699999849
"[0, 0, 1, 0, 0]",[],2664.0,2664.0,0.0005717579999999739
"[0, 0, 0, 1, 0]",[],4075.01,4075.01,0.0012982326999997984
"[0, 0, 0, 0, 1]",[],2206.0,2206.0,0.0005163539999999951
"[1, 1, 1, 1, 1]",[],19385.0,42020.938,0.006043230500003743
"[2, 2, 0, 2, 0]",[],26343.0,89704.876,0.009463279000001313
"[0, 0, 2, 0, 2]",[],14348.0,54812.0,0.002944589999999095
"[1, 0, 0, 0, 0]",[],3003.928,3003.928,0.0008540750999999162
"[0, 1, 0, 0, 0]",[],16176.0,16176.0,0.004269234699999849
"[0, 0, 1, 0, 0]",[],2664.0,2664.0,0.0005717579999999739
"[0, 0, 0, 1, 0]",[],4075.01,4075.01,0.0012982326999997984
"[0, 0, 0, 0, 1]",[],2308.0,2308.0,0.0005330939999999893
"[1, 1, 1, 1, 1]",[],19198.0,38545.938,0.006011424500003671
"[2, 2, 0, 2, 0]",[],25670.0,113018.87599999999,0.009351121000001626
"[0, 0, 2, 0, 2]",[],13104.0,49023.0,0.002737013999999176
"[1, 0, 0, 0, 0]",[],3003.928,3003.928,0.0008540750999999162
"[0, 1, 0, 0, 0]",[],16176.0,16176.0,0.004269234699999849
"[0, 0, 1, 0, 0]",[],2664.0,2664.0,0.0005717579999999739
"[0, 0, 0, 1, 0]",[],4075.01,4075.01,0.0012982326999997984
"[0, 0, 0, 0, 1]",[],2688.0,2688.0,0.0005967059999999665
"[1, 1, 1, 1, 1]",[],18559.0,37243.938,0.005904288500003473
"[2, 2, 0, 2, 0]",[],25476.0,112287.87599999999,0.009317641000001738
"[0, 0, 2, 0, 2]",[],8739.0,23015.0,0.0020054759999994973
"[1, 0, 0, 0, 0]",[],3003.928,3003.928,0.0008540751000000091
"[0, 1, 0, 0, 0]",[],16176.0,16176.0,0.004269234700000015
"[0, 0, 1, 0, 0]",[],2664.0,2664.0,0.0005717580000000036
"[0, 0, 0, 1, 0]",[],2552.01,2552.01,0.001043784699999951
"[0, 0, 0, 0, 1]",[],2001.0,2001.0,0.00048287400000000396
"[1, 1, 1, 1, 1]",[],17641.0,32082.938000000002,0.005751954499996507
"[2, 2, 0, 2, 0]",[],21027.0,70992.876,0.008572710999991993
"[1, 0, 0, 0, 0]",[],3003.928,3003.928,0.0008540751000000091
"[0, 1, 0, 0, 0]",[],16176.0,16176.0,0.004269234700000015
"[0, 0, 1, 0, 0]",[],2664.0,2664.0,0.0005717580000000036
"[0, 0, 0, 1, 0]",[],2552.01,2552.01,0.001043784699999951
"[0, 0, 0, 0, 1]",[],2007.0,2007.0,0.00048287400000000396
"[1, 1, 1, 1, 1]",[],17154.0,32212.938000000002,0.00566992849999668
"[2, 2, 0, 2, 0]",[],20350.0,74706.876,0.008460552999992436
"[0, 0, 2, 0, 2]",[],9136.0,35255.0,0.0020724359999991244
"[1, 0, 0, 0, 0]",[],3003.928,3003.928,0.0008540751000000091
"[0, 1, 0, 0, 0]",[],16176.0,16176.0,0.004269234700000015
"[0, 0, 1, 0, 0]",[],2664.0,2664.0,0.0005717580000000036
"[0, 0, 0, 1, 0]",[],2552.01,2552.01,0.001043784699999951
"[0, 0, 0, 0, 1]",[],2192.0,2192.0,0.000514680000000004
"[1, 1, 1, 1, 1]",[],17092.0,32767.938000000002,0.005659884499996697
"[2, 2, 0, 2, 0]",[],21750.0,66429.876,0.00869491299999133
"[0, 0, 2, 0, 2]",[],11259.0,43101.0,0.002427323999999431
"[1, 0, 0, 0, 0]",[],3003.928,3003.928,0.0008540751000000091
"[0, 1, 0, 0, 0]",[],16176.0,16176.0,0.004269234700000015
"[0, 0, 1, 0, 0]",[],2664.0,2664.0,0.0005717580000000036
"[0, 0, 0, 1, 0]",[],2552.01,2552.01,0.001043784699999951
"[0, 0, 0, 0, 1]",[],1828.0,1828.0,0.00045274200000000364
"[1, 1, 1, 1, 1]",[],17677.0,33196.938,0.00575697649999651
"[2, 2, 0, 2, 0]",[],20421.0,69526.876,0.008472270999992343
"[0, 0, 2, 0, 2]",[],8485.0,31198.0,0.0019636259999990468
"[1, 0, 0, 0, 0]",[],3003.928,3003.928,0.0008540751000000091
"[0, 1, 0, 0, 0]",[],16176.0,16176.0,0.004269234700000015
"[0, 0, 1, 0, 0]",[],2664.0,2664.0,0.0005717580000000036
"[0, 0, 0, 1, 0]",[],2552.01,2552.01,0.001043784699999951
"[0, 0, 0, 0, 1]",[],1880.0,1880.0,0.0004627860000000039
"[1, 1, 1, 1, 1]",[],17657.0,32890.938,0.0057536284999965106
"[2, 2, 0, 2, 0]",[],20374.0,64044.876000000004,0.00846390099999241
"[0, 0, 2, 0, 2]",[],7429.0,21681.0,0.0017861819999992134
"[1, 0, 0, 0, 0]",[],3632.928,3632.928,0.0009595370999999121
"[0, 1, 0, 0, 0]",[],16176.0,16176.0,0.004269234699998776
"[0, 0, 1, 0, 0]",[],2856.0,2856.0,0.0006035639999999741
"[0, 0, 0, 1, 0]",[],6308.01,6308.01,0.0016715347000000348
"[0, 0, 0, 0, 1]",[],4036.0,4036.0,0.0008226959999999148
"[1, 1, 1, 1, 1]",[],25105.0,74152.938,0.007000758499997309
"[2, 2, 0, 2, 0]",[],50125.928,258706.876,0.013444051000010011
"[0, 0, 2, 0, 2]",[],14904.0,57683.0,0.003038333999999269
"[1, 0, 0, 0, 0]",[],3632.928,3632.928,0.0009595370999999122
"[0, 1, 0, 0, 0]",[],16176.0,16176.0,0.004269234699998776
"[0, 0, 1, 0, 0]",[],2808.0,2808.0,0.0005951939999999766
"[0, 0, 0, 1, 0]",[],6335.01,6335.01,0.0016765567000000363
"[0, 0, 0, 0, 1]",[],6568.0,6568.0,0.001246217999999943
"[1, 1, 1, 1, 1]",[],26955.0,89006.938,0.00731044849999706
"[2, 2, 0, 2, 0]",[],50102.928,268165.876,0.013440703000010006
"[0, 0, 2, 0, 2]",[],28984.0,112345.0,0.00539532599999713
"[1, 0, 0, 0, 0]",[],3633.928,3633.928,0.0009595370999999121
"[0, 1, 0, 0, 0]",[],16176.0,16176.0,0.004269234699998776
"[0, 0, 1, 0, 0]",[],2867.0,2867.0,0.0006052379999999737
"[0, 0, 0, 1, 0]",[],6392.01,6392.01,0.00168660070000004
"[0, 0, 0, 0, 1]",[],5904.0,5904.0,0.0011357339999999109
"[1, 1, 1, 1, 1]",[],31314.0,83243.938,0.008040312499997154
"[2, 2, 0, 2, 0]",[],49431.0,161785.876,0.013328545000010053
"[0, 0, 2, 0, 2]",[],27459.0,103528.0,0.005139203999997383
"[1, 0, 0, 0, 0]",[],3632.928,3632.928,0.0009595370999999122
"[0, 1, 0, 0, 0]",[],16176.0,16176.0,0.004269234699998776
"[0, 0, 1, 0, 0]",[],2808.0,2808.0,0.0005951939999999766
"[0, 0, 0, 1, 0]",[],6335.01,6335.01,0.0016765567000000363
"[0, 0, 0, 0, 1]",[],6568.0,6568.0,0.001246217999999943
"[1, 1, 1, 1, 1]",[],26917.0,88812.938,0.007303752499997077
"[2, 2, 0, 2, 0]",[],49419.0,254128.87600000002,0.013325197000009503
"[0, 0, 2, 0, 2]",[],28624.0,110925.0,0.005335061999997186
"[1, 0, 0, 0, 0]",[],3633.928,3633.928,0.0009595370999999121
"[0, 1, 0, 0, 0]",[],16176.0,16176.0,0.004269234699998776
"[0, 0, 1, 0, 0]",[],3216.0,3216.0,0.0006638279999999576
"[0, 0, 0, 1, 0]",[],6323.01,6323.01,0.001674882700000036
"[0, 0, 0, 0, 1]",[],4280.0,4280.0,0.000864545999999903
"[1, 1, 1, 1, 1]",[],25021.0,69399.938,0.006987366499997328
"[2, 2, 0, 2, 0]",[],49663.01,232404.87600000002,0.013367047000009697
"[0, 0, 2, 0, 2]",[],15004.0,36748.0,0.003055073999999262
"[1, 0, 0, 0, 0]",[],3632.928,3632.928,0.0009595370999999121
"[0, 1, 0, 0, 0]",[],16176.0,16176.0,0.004269234699998776
"[0, 0, 1, 0, 0]",[],2856.0,2856.0,0.0006035639999999741
"[0, 0, 0, 1, 0]",[],6308.01,6308.01,0.0016715347000000348
"[0, 0, 0, 0, 1]",[],4036.0,4036.0,0.0008226959999999148
"[1, 1, 1, 1, 1]",[],25105.0,74152.938,0.007000758499997309
"[2, 2, 0, 2, 0]",[],50125.928,258706.876,0.013444051000010011
"[0, 0, 2, 0, 2]",[],14904.0,57683.0,0.003038333999999269
"[1, 0, 0, 0, 0]",[],3632.928,3632.928,0.0009595370999999122
"[0, 1, 0, 0, 0]",[],16176.0,16176.0,0.004269234699998776
"[0, 0, 1, 0, 0]",[],2808.0,2808.0,0.0005951939999999766
"[0, 0, 0, 1, 0]",[],6335.01,6335.01,0.0016765567000000363
"[0, 0, 0, 0, 1]",[],6568.0,6568.0,0.001246217999999943
"[1, 1, 1, 1, 1]",[],26955.0,89006.938,0.00731044849999706
"[2, 2, 0, 2, 0]",[],50102.928,268165.876,0.013440703000010006
"[0, 0, 2, 0, 2]",[],28984.0,112345.0,0.00539532599999713
"[1, 0, 0, 0, 0]",[],3633.928,3633.928,0.0009595370999999121
"[0, 1, 0, 0, 0]",[],16176.0,16176.0,0.004269234699998776
"[0, 0, 1, 0, 0]",[],2867.0,2867.0,0.0006052379999999737
"[0, 0, 0, 1, 0]",[],6392.01,6392.01,0.00168660070000004
"[0, 0, 0, 0, 1]",[],5904.0,5904.0,0.0011357339999999109
"[1, 1, 1, 1, 1]",[],31314.0,83243.938,0.008040312499997154
"[2, 2, 0, 2, 0]",[],49431.0,161785.876,0.013328545000010053
"[0, 0, 2, 0, 2]",[],27459.0,103528.0,0.005139203999997383
"[1, 0, 0, 0, 0]",[],3632.928,3632.928,0.0009595370999999122
"[0, 1, 0, 0, 0]",[],16176.0,16176.0,0.004269234699998776
"[0, 0, 1, 0, 0]",[],2808.0,2808.0,0.0005951939999999766
"[0, 0, 0, 1, 0]",[],6335.01,6335.01,0.0016765567000000363
"[0, 0, 0, 0, 1]",[],6568.0,6568.0,0.001246217999999943
"[1, 1, 1, 1, 1]",[],26917.0,88812.938,0.007303752499997077
"[2, 2, 0, 2, 0]",[],49419.0,254128.87600000002,0.013325197000009503
"[0, 0, 2, 0, 2]",[],28624.0,110925.0,0.005335061999997186
"[1, 0, 0, 0, 0]",[],3633.928,3633.928,0.0009595370999999121
"[0, 1, 0, 0, 0]",[],16176.0,16176.0,0.004269234699998776
"[0, 0, 1, 0, 0]",[],3216.0,3216.0,0.0006638279999999576
"[0, 0, 0, 1, 0]",[],6323.01,6323.01,0.001674882700000036
"[0, 0, 0, 0, 1]",[],4280.0,4280.0,0.000864545999999903
"[1, 1, 1, 1, 1]",[],25021.0,69399.938,0.006987366499997328
"[2, 2, 0, 2, 0]",[],49663.01,232404.87600000002,0.013367047000009697
"[0, 0, 2, 0, 2]",[],15004.0,36748.0,0.003055073999999262
"[1, 0, 0, 0, 0]",[],3016.928,3016.928,0.0008557490999999421
"[0, 1, 0, 0, 0]",[],16176.0,16176.0,0.004269234699998776
"[0, 0, 1, 0, 0]",[],2856.0,2856.0,0.0006035639999999741
"[0, 0, 0, 1, 0]",[],2657.01,2657.01,0.0010605246999999746
"[0, 0, 0, 0, 1]",[],4036.0,4036.0,0.0008226959999999148
"[1, 1, 1, 1, 1]",[],16931.0,47682.938,0.005633100499998396
"[2, 2, 0, 2, 0]",[],19424.0,61217.876000000004,0.008304870999999317
"[0, 0, 2, 0, 2]",[],14904.0,57683.0,0.003038333999999269
"[1, 0, 0, 0, 0]",[],3016.928,3016.928,0.0008557490999999422
"[0, 1, 0, 0, 0]",[],16176.0,16176.0,0.004269234699998776
"[0, 0, 1, 0, 0]",[],2808.0,2808.0,0.0005951939999999766
"[0, 0, 0, 1, 0]",[],2611.01,2611.01,0.0010538286999999722
"[0, 0, 0, 0, 1]",[],6568.0,6568.0,0.001246217999999943
"[1, 1, 1, 1, 1]",[],22278.0,74823.938,0.006527016499997613
"[2, 2, 0, 2, 0]",[],19282.0,64077.876000000004,0.008281434999998926
"[0, 0, 2, 0, 2]",[],28984.0,112345.0,0.00539532599999713
"[1, 0, 0, 0, 0]",[],3017.928,3017.928,0.0008557490999999419
"[0, 1, 0, 0, 0]",[],16176.0,16176.0,0.004269234699998776
"[0, 0, 1, 0, 0]",[],2867.0,2867.0,0.0006052379999999737
"[0, 0, 0, 1, 0]",[],2641.01,2641.01,0.0010588506999999739
"[0, 0, 0, 0, 1]",[],5904.0,5904.0,0.0011357339999999109
"[1, 1, 1, 1, 1]",[],26747.0,75650.938,0.007275294499997315
"[2, 2, 0, 2, 0]",[],19588.0,61286.876000000004,0.008331654999999041
"[0, 0, 2, 0, 2]",[],27459.0,103528.0,0.005139203999997383
"[1, 0, 0, 0, 0]",[],3016.928,3016.928,0.0008557490999999422
"[0, 1, 0, 0, 0]",[],16176.0,16176.0,0.004269234699998776
"[0, 0, 1, 0, 0]",[],2808.0,2808.0,0.0005951939999999766
"[0, 0, 0, 1, 0]",[],2611.01,2611.01,0.0010538286999999722
"[0, 0, 0, 0, 1]",[],6568.0,6568.0,0.001246217999999943
"[1, 1, 1, 1, 1]",[],22320.0,75033.938,0.0065353864999976065
"[2, 2, 0, 2, 0]",[],19282.0,59502.876000000004,0.008281434999999303
"[0, 0, 2, 0, 2]",[],28624.0,110925.0,0.005335061999997186
"[1, 0, 0, 0, 0]",[],3017.928,3017.928,0.0008557490999999419
"[0, 1, 0, 0, 0]",[],16176.0,16176.0,0.004269234699998776
"[0, 0, 1, 0, 0]",[],3216.0,3216.0,0.0006638279999999576
"[0, 0, 0, 1, 0]",[],2641.01,2641.01,0.0010588506999999732
"[0, 0, 0, 0, 1]",[],4280.0,4280.0,0.000864545999999903
"[1, 1, 1, 1, 1]",[],18973.0,45250.938,0.005974596499998051
"[2, 2, 0, 2, 0]",[],19282.0,59712.876000000004,0.008281434999999268
"[0, 0, 2, 0, 2]",[],15004.0,36748.0,0.003055073999999262
"[1, 0, 0, 0, 0]",[],3632.928,3632.928,0.0009595370999999121
"[0, 1, 0, 0, 0]",[],16176.0,16176.0,0.004269234699998776
"[0, 0, 1, 0, 0]",[],2856.0,2856.0,0.0006035639999999741
"[0, 0, 0, 1, 0]",[],6308.01,6308.01,0.0016715347000000348
"[0, 0, 0, 0, 1]",[],4036.0,4036.0,0.0008226959999999148
"[1, 1, 1, 1, 1]",[],25105.0,74152.938,0.007000758499997309
"[2, 2, 0, 2, 0]",[],50125.928,258706.876,0.013444051000010011
"[0, 0, 2, 0, 2]",[],14904.0,57683.0,0.003038333999999269
"[1, 0, 0, 0, 0]",[],3632.928,3632.928,0.0009595370999999122
"[0, 1, 0, 0, 0]",[],16176.0,16176.0,0.004269234699998776
"[0, 0, 1, 0, 0]",[],2808.0,2808.0,0.0005951939999999766
"[0, 0, 0, 1, 0]",[],6335.01,6335.01,0.0016765567000000363
"[0, 0, 0, 0, 1]",[],6568.0,6568.0,0.001246217999999943
"[1, 1, 1, 1, 1]",[],26955.0,89006.938,0.00731044849999706
"[2, 2, 0, 2, 0]",[],50102.928,268165.876,0.013440703000010006
"[0, 0, 2, 0, 2]",[],28984.0,112345.0,0.00539532599999713
"[1, 0, 0, 0, 0]",[],3633.928,3633.928,0.0009595370999999121
"[0, 1, 0, 0, 0]",[],16176.0,16176.0,0.004269234699998776
"[0, 0, 1, 0, 0]",[],2867.0,2867.0,0.0006052379999999737
"[0, 0, 0, 1, 0]",[],6392.01,6392.01,0.00168660070000004
"[0, 0, 0, 0, 1]",[],5904.0,5904.0,0.0011357339999999109
"[1, 1, 1, 1, 1]",[],31314.0,83243.938,0.008040312499997154
"[2, 2, 0, 2, 0]",[],49431.0,161785.876,0.013328545000010053
"[0, 0, 2, 0, 2]",[],27459.0,103528.0,0.005139203999997383
"[1, 0, 0, 0, 0]",[],3632.928,3632.928,0.0009595370999999122
"[0, 1, 0, 0, 0]",[],16176.0,16176.0,0.004269234699998776
"[0, 0, 1, 0, 0]",[],2808.0,2808.0,0.0005951939999999766
"[0, 0, 0, 1, 0]",[],6335.01,6335.01,0.0016765567000000363
"[0, 0, 0, 0, 1]",[],6568.0,6568.0,0.001246217999999943
"[1, 1, 1, 1, 1]",[],26917.0,88812.938,0.007303752499997077
"[2, 2, 0, 2, 0]",[],49419.0,254128.87600000002,0.013325197000009503
"[0, 0, 2, 0, 2]",[],28624.0,110925.0,0.005335061999997186
"[1, 0, 0, 0, 0]",[],3633.928,3633.928,0.0009595370999999121
"[0, 1, 0, 0, 0]",[],16176.0,16176.0,0.004269234699998776
"[0, 0, 1, 0, 0]",[],3216.0,3216.0,0.0006638279999999576
"[0, 0, 0, 1, 0]",[],6323.01,6323.01,0.001674882700000036
"[0, 0, 0, 0, 1]",[],4280.0,4280.0,0.000864545999999903
"[1, 1, 1, 1, 1]",[],25021.0,69399.938,0.006987366499997328
"[2, 2, 0, 2, 0]",[],49663.01,232404.87600000002,0.013367047000009697
"[0, 0, 2, 0, 2]",[],15004.0,36748.0,0.003055073999999262
"[1, 0, 0, 0, 0]",[],3632.928,3632.928,0.0009595370999999121
"[0, 1, 0, 0, 0]",[],16176.0,16176.0,0.004269234699998776
"[0, 0, 1, 0, 0]",[],2856.0,2856.0,0.0006035639999999741
"[0, 0, 0, 1, 0]",[],6308.01,6308.01,0.0016715347000000348
"[0, 0, 0, 0, 1]",[],4036.0,4036.0,0.0008226959999999148
"[1, 1, 1, 1, 1]",[],25105.0,74152.938,0.007000758499997309
"[2, 2, 0, 2, 0]",[],50125.928,258706.876,0.013444051000010011
"[0, 0, 2, 0, 2]",[],14904.0,57683.0,0.003038333999999269
"[1, 0, 0, 0, 0]",[],3632.928,3632.928,0.0009595370999999122
"[0, 1, 0, 0, 0]",[],16176.0,16176.0,0.004269234699998776
"[0, 0, 1, 0, 0]",[],2808.0,2808.0,0.0005951939999999766
"[0, 0, 0, 1, 0]",[],6335.01,6335.01,0.0016765567000000363
"[0, 0, 0, 0, 1]",[],6568.0,6568.0,0.001246217999999943
"[1, 1, 1, 1, 1]",[],26955.0,89006.938,0.00731044849999706
"[2, 2, 0, 2, 0]",[],50102.928,268165.876,0.013440703000010006
"[0, 0, 2, 0, 2]",[],28984.0,112345.0,0.00539532599999713
"[1, 0, 0, 0, 0]",[],3633.928,3633.928,0.0009595370999999121
"[0, 1, 0, 0, 0]",[],16176.0,16176.0,0.004269234699998776
"[0, 0, 1, 0, 0]",[],2867.0,2867.0,0.0006052379999999737
"[0, 0, 0, 1, 0]",[],6392.01,6392.01,0.00168660070000004
"[0, 0, 0, 0, 1]",[],5904.0,5904.0,0.0011357339999999109
"[1, 1, 1, 1, 1]",[],31314.0,83243.938,0.008040312499997154
"[2, 2, 0, 2, 0]",[],49431.0,161785.876,0.013328545000010053
"[0, 0, 2, 0, 2]",[],27459.0,103528.0,0.005139203999997383
"[1, 0, 0, 0, 0]",[],3632.928,3632.928,0.0009595370999999122
"[0, 1, 0, 0, 0]",[],16176.0,16176.0,0.004269234699998776
"[0, 0, 1, 0, 0]",[],2808.0,2808.0,0.0005951939999999766
"[0, 0, 0, 1, 0]",[],6335.01,6335.01,0.0016765567000000363
"[0, 0, 0, 0, 1]",[],6568.0,6568.0,0.001246217999999943
"[1, 1, 1, 1, 1]",[],26917.0,88812.938,0.007303752499997077
"[2, 2, 0, 2, 0]",[],49419.0,254128.87600000002,0.013325197000009503
"[0, 0, 2, 0, 2]",[],28624.0,110925.0,0.005335061999997186
"[1, 0, 0, 0, 0]",[],3633.928,3633.928,0.0009595370999999121
"[0, 1, 0, 0, 0]",[],16176.0,16176.0,0.004269234699998776
"[0, 0, 1, 0, 0]",[],3216.0,3216.0,0.0006638279999999576
"[0, 0, 0, 1, 0]",[],6323.01,6323.01,0.001674882700000036
"[0, 0, 0, 0, 1]",[],4280.0,4280.0,0.000864545999999903
"[1, 1, 1, 1, 1]",[],25021.0,69399.938,0.006987366499997328
"[2, 2, 0, 2, 0]",[],49663.01,232404.87600000002,0.013367047000009697
"[0, 0, 2, 0, 2]",[],15004.0,36748.0,0.003055073999999262
"[1, 0, 0, 0, 0]",[],3632.928,3632.928,0.0009595370999999121
"[0, 1, 0, 0, 0]",[],16176.0,16176.0,0.004269234699998776
"[0, 0, 1, 0, 0]",[],2856.0,2856.0,0.0006035639999999741
"[0, 0, 0, 1, 0]",[],6308.01,6308.01,0.0016715347000000348
"[0, 0, 0, 0, 1]",[],4036.0,4036.0,0.0008226959999999148
"[1, 1, 1, 1, 1]",[],25105.0,74152.938,0.007000758499997309
"[2, 2, 0, 2, 0]",[],50125.928,258706.876,0.013444051000010011
"[0, 0, 2, 0, 2]",[],14904.0,57683.0,0.003038333999999269
"[1, 0, 0, 0, 0]",[],3632.928,3632.928,0.0009595370999999122
"[0, 1, 0, 0, 0]",[],16176.0,16176.0,0.004269234699998776
"[0, 0, 1, 0, 0]",[],2808.0,2808.0,0.0005951939999999766
"[0, 0, 0, 1, 0]",[],6335.01,6335.01,0.0016765567000000363
"[0, 0, 0, 0, 1]",[],6568.0,6568.0,0.001246217999999943
"[1, 1, 1, 1, 1]",[],26955.0,89006.938,0.00731044849999706
"[2, 2, 0, 2, 0]",[],50102.928,268165.876,0.013440703000010006
"[0, 0, 2, 0, 2]",[],28984.0,112345.0,0.00539532599999713
"[1, 0, 0, 0, 0]",[],3633.928,3633.928,0.0009595370999999121
"[0, 1, 0, 0, 0]",[],16176.0,16176.0,0.004269234699998776
"[0, 0, 1, 0, 0]",[],2867.0,2867.0,0.0006052379999999737
"[0, 0, 0, 1, 0]",[],6392.01,6392.01,0.00168660070000004
"[0, 0, 0, 0, 1]",[],5904.0,5904.0,0.0011357339999999109
"[1, 1, 1, 1, 1]",[],31314.0,83243.938,0.008040312499997154
"[2, 2, 0, 2, 0]",[],49431.0,161785.876,0.013328545000010053
"[0, 0, 2, 0, 2]",[],27459.0,103528.0,0.005139203999997383
"[1, 0, 0, 0, 0]",[],3632.928,3632.928,0.0009595370999999122
"[0, 1, 0, 0, 0]",[],16176.0,16176.0,0.004269234699998776
"[0, 0, 1, 0, 0]",[],2808.0,2808.0,0.0005951939999999766
"[0, 0, 0, 1, 0]",[],6335.01,6335.01,0.0016765567000000363
"[0, 0, 0, 0, 1]",[],6568.0,6568.0,0.001246217999999943
"[1, 1, 1, 1, 1]",[],26917.0,88812.938,0.007303752499997077
"[2, 2, 0, 2, 0]",[],49419.0,254128.87600000002,0.013325197000009503
"[0, 0, 2, 0, 2]",[],28624.0,110925.0,0.005335061999997186
"[1, 0, 0, 0, 0]",[],3633.928,3633.928,0.0009595370999999121
"[0, 1, 0, 0, 0]",[],16176.0,16176.0,0.004269234699998776
"[0, 0, 1, 0, 0]",[],3216.0,3216.0,0.0006638279999999576
"[0, 0, 0, 1, 0]",[],6323.01,6323.01,0.001674882700000036
"[0, 0, 0, 0, 1]",[],4280.0,4280.0,0.000864545999999903
"[1, 1, 1, 1, 1]",[],25021.0,69399.938,0.006987366499997328
"[2, 2, 0, 2, 0]",[],49663.01,232404.87600000002,0.013367047000009697
"[0, 0, 2, 0, 2]",[],15004.0,36748.0,0.003055073999999262
"[1, 0, 0, 0, 0]",[],3619.928,3619.928,0.0009561890999999131
"[0, 1, 0, 0, 0]",[],16176.0,16176.0,0.004269234699998776
"[0, 0, 1, 0, 0]",[],2664.0,2664.0,0.0005717579999999823
"[0, 0, 0, 1, 0]",[],6323.01,6323.01,0.001674882700000036
"[0, 0, 0, 0, 1]",[],1664.0,1664.0,0.00042595800000000324
"[1, 1, 1, 1, 1]",[],25057.0,69075.938,0.006992388499997323
"[2, 2, 0, 2, 0]",[],50089.928,258725.876,0.013437355000009985
"[0, 0, 2, 0, 2]",[],6393.0,23030.0,0.0016137600000000311
"[1, 0, 0, 0, 0]",[],3619.928,3619.928,0.0009561890999999131
"[0, 1, 0, 0, 0]",[],16176.0,16176.0,0.004269234699998776
"[0, 0, 1, 0, 0]",[],2664.0,2664.0,0.0005717579999999823
"[0, 0, 0, 1, 0]",[],6323.01,6323.01,0.001674882700000036
"[0, 0, 0, 0, 1]",[],1664.0,1664.0,0.00042595800000000324
"[1, 1, 1, 1, 1]",[],24997.0,73587.938,0.006982344499997332
"[2, 2, 0, 2, 0]",[],50089.928,268091.876,0.013437355000009995
"[0, 0, 2, 0, 2]",[],8013.0,29465.0,0.0018849480000000974
"[1, 0, 0, 0, 0]",[],3619.928,3619.928,0.0009561890999999131
"[0, 1, 0, 0, 0]",[],16176.0,16176.0,0.004269234699998776
"[0, 0, 1, 0, 0]",[],2664.0,2664.0,0.0005717579999999823
"[0, 0, 0, 1, 0]",[],6323.01,6323.01,0.001674882700000036
"[0, 0, 0, 0, 1]",[],1664.0,1664.0,0.00042595800000000324
"[1, 1, 1, 1, 1]",[],25257.0,53252.938,0.007025868499997292
"[2, 2, 0, 2, 0]",[],49431.0,161632.876,0.013328545000010052
"[0, 0, 2, 0, 2]",[],9769.0,36753.0,0.002177897999999956
"[1, 0, 0, 0, 0]",[],3619.928,3619.928,0.0009561890999999131
"[0, 1, 0, 0, 0]",[],16176.0,16176.0,0.004269234699998776
"[0, 0, 1, 0, 0]",[],2664.0,2664.0,0.0005717579999999823
"[0, 0, 0, 1, 0]",[],6323.01,6323.01,0.001674882700000036
"[0, 0, 0, 0, 1]",[],1664.0,1664.0,0.00042595800000000324
"[1, 1, 1, 1, 1]",[],24974.0,66974.938,0.006978996499997338
"[2, 2, 0, 2, 0]",[],49454.0,254330.87600000002,0.01333189300000953
"[0, 0, 2, 0, 2]",[],7746.0,29103.0,0.0018397500000000876
"[1, 0, 0, 0, 0]",[],3619.928,3619.928,0.0009561890999999131
"[0, 1, 0, 0, 0]",[],16176.0,16176.0,0.004269234699998776
"[0, 0, 1, 0, 0]",[],2664.0,2664.0,0.0005717579999999823
"[0, 0, 0, 1, 0]",[],6334.01,6334.01,0.0016765567000000367
"[0, 0, 0, 0, 1]",[],1664.0,1664.0,0.00042595800000000324
"[1, 1, 1, 1, 1]",[],25022.0,65118.937999999995,0.006987366499997329
"[2, 2, 0, 2, 0]",[],49576.01,232250.87600000002,0.013351981000009625
"[0, 0, 2, 0, 2]",[],7542.0,23527.0,0.0018062700000000811
"[1, 0, 0, 0, 0]",[],3544.928,3544.928,0.0009444711000000096
"[0, 1, 0, 0, 0]",[],15800.0,15800.0,0.004207296699999183
"[0, 0, 1, 0, 0]",[],1788.0,1788.0,0.0004244460000000032
"[0, 0, 0, 1, 0]",[],6164.01,6164.01,0.001648098699999802
"[0, 0, 0, 0, 1]",[],2336.0,2336.0,0.0005381160000000038
"[1, 1, 1, 1, 1]",[],24689.0,67394.938,0.0069304504999986
"[2, 2, 0, 2, 0]",[],49417.928,255246.876,0.013325197000007637
"[0, 0, 2, 0, 2]",[],8599.0,32896.0,0.0019820399999996683
"[1, 0, 0, 0, 0]",[],3544.928,3544.928,0.0009444711000000097
"[0, 1, 0, 0, 0]",[],15800.0,15800.0,0.004207296699999183
"[0, 0, 1, 0, 0]",[],1764.0,1764.0,0.0004210980000000032
"[0, 0, 0, 1, 0]",[],6171.01,6171.01,0.0016497726999998015
"[0, 0, 0, 0, 1]",[],3672.0,3672.0,0.000762432000000004
"[1, 1, 1, 1, 1]",[],25318.928,82754.938,0.007035912499998568
"[2, 2, 0, 2, 0]",[],49410.928,264537.876,0.01332519700000764
"[0, 0, 2, 0, 2]",[],15340.0,58975.0,0.003111989999999201
"[1, 0, 0, 0, 0]",[],3544.928,3544.928,0.0009444711000000096
"[0, 1, 0, 0, 0]",[],15800.0,15800.0,0.004207296699999183
"[0, 0, 1, 0, 0]",[],1799.0,1799.0,0.0004261200000000033
"[0, 0, 0, 1, 0]",[],6212.01,6212.01,0.0016564686999997983
"[0, 0, 0, 0, 1]",[],3456.0,3456.0,0.0007256040000000036
"[1, 1, 1, 1, 1]",[],25765.0,57160.938,0.007111242499998544
"[2, 2, 0, 2, 0]",[],48775.0,159243.876,0.013218061000007697
"[0, 0, 2, 0, 2]",[],14759.0,55494.0,0.00301322399999925
"[1, 0, 0, 0, 0]",[],3544.928,3544.928,0.0009444711000000097
"[0, 1, 0, 0, 0]",[],15800.0,15800.0,0.004207296699999183
"[0, 0, 1, 0, 0]",[],1764.0,1764.0,0.0004210980000000032
"[0, 0, 0, 1, 0]",[],6171.01,6171.01,0.0016497726999998015
"[0, 0, 0, 0, 1]",[],3672.0,3672.0,0.000762432000000004
"[1, 1, 1, 1, 1]",[],24657.0,75097.938,0.006925428499998621
"[2, 2, 0, 2, 0]",[],48767.0,250704.87600000002,0.013216387000007294
"[0, 0, 2, 0, 2]",[],15219.0,58499.0,0.003090227999999211
"[1, 0, 0, 0, 0]",[],3544.928,3544.928,0.0009444711000000096
"[0, 1, 0, 0, 0]",[],15800.0,15800.0,0.004207296699999183
"[0, 0, 1, 0, 0]",[],1908.0,1908.0,0.0004445340000000035
"[0, 0, 0, 1, 0]",[],6167.01,6167.01,0.0016480986999998024
"[0, 0, 0, 0, 1]",[],2352.0,2352.0,0.0005414640000000037
"[1, 1, 1, 1, 1]",[],24658.0,64695.937999999995,0.006925428499998603
"[2, 2, 0, 2, 0]",[],48945.01,230082.87600000002,0.013246519000007383
"[0, 0, 2, 0, 2]",[],8520.0,20406.0,0.0019703219999996735
"[1, 0, 0, 0, 0]",[],2898.928,2898.928,0.0008356610999999231
"[0, 1, 0, 0, 0]",[],15800.0,15800.0,0.004207296699999733
"[0, 0, 1, 0, 0]",[],1636.0,1636.0,0.000399336000000003
"[0, 0, 0, 1, 0]",[],4014.01,4014.01,0.0012881886999998018
"[0, 0, 0, 0, 1]",[],1586.0,1586.0,0.00041256600000000315
"[1, 1, 1, 1, 1]",[],18211.0,37648.938,0.005847372500003334
"[2, 2, 0, 2, 0]",[],25799.0,110817.87599999999,0.009371209000001327
"[0, 0, 2, 0, 2]",[],5719.0,21216.0,0.001499927999999705
"[1, 0, 0, 0, 0]",[],3544.928,3544.928,0.0009444711000000096
"[0, 1, 0, 0, 0]",[],15800.0,15800.0,0.004207296699999183
"[0, 0, 1, 0, 0]",[],1788.0,1788.0,0.0004244460000000032
"[0, 0, 0, 1, 0]",[],6164.01,6164.01,0.001648098699999802
"[0, 0, 0, 0, 1]",[],2336.0,2336.0,0.0005381160000000038
"[1, 1, 1, 1, 1]",[],24689.0,67394.938,0.0069304504999986
"[2, 2, 0, 2, 0]",[],49417.928,255246.876,0.013325197000007637
"[0, 0, 2, 0, 2]",[],8599.0,32896.0,0.0019820399999996683
"[1, 0, 0, 0, 0]",[],3544.928,3544.928,0.0009444711000000097
"[0, 1, 0, 0, 0]",[],15800.0,15800.0,0.004207296699999183
"[0, 0, 1, 0, 0]",[],1764.0,1764.0,0.0004210980000000032
"[0, 0, 0, 1, 0]",[],6171.01,6171.01,0.0016497726999998015
"[0, 0, 0, 0, 1]",[],3672.0,3672.0,0.000762432000000004
"[1, 1, 1, 1, 1]",[],25318.928,82754.938,0.007035912499998568
"[2, 2, 0, 2, 0]",[],49410.928,264537.876,0.01332519700000764
"[0, 0, 2, 0, 2]",[],15340.0,58975.0,0.003111989999999201
"[1, 0, 0, 0, 0]",[],3544.928,3544.928,0.0009444711000000096
"[0, 1, 0, 0, 0]",[],15800.0,15800.0,0.004207296699999183
"[0, 0, 1, 0, 0]",[],1799.0,1799.0,0.0004261200000000033
"[0, 0, 0, 1, 0]",[],6212.01,6212.01,0.0016564686999997983
"[0, 0, 0, 0, 1]",[],3456.0,3456.0,0.0007256040000000036
"[1, 1, 1, 1, 1]",[],25765.0,57160.938,0.007111242499998544
"[2, 2, 0, 2, 0]",[],48775.0,159243.876,0.013218061000007697
"[0, 0, 2, 0, 2]",[],14759.0,55494.0,0.00301322399999925
"[1, 0, 0, 0, 0]",[],3544.928,3544.928,0.0009444711000000097
"[0, 1, 0, 0, 0]",[],15800.0,15800.0,0.004207296699999183
"[0, 0, 1, 0, 0]",[],1764.0,1764.0,0.0004210980000000032
"[0, 0, 0, 1, 0]",[],6171.01,6171.01,0.0016497726999998015
"[0, 0, 0, 0, 1]",[],3672.0,3672.0,0.000762432000000004
"[1, 1, 1, 1, 1]",[],24657.0,75097.938,0.006925428499998621
"[2, 2, 0, 2, 0]",[],48767.0,250704.87600000002,0.013216387000007294
"[0, 0, 2, 0, 2]",[],15219.0,58499.0,0.003090227999999211
"[1, 0, 0, 0, 0]",[],3544.928,3544.928,0.0009444711000000096
"[0, 1, 0, 0, 0]",[],15800.0,15800.0,0.004207296699999183
"[0, 0, 1, 0, 0]",[],1908.0,1908.0,0.0004445340000000035
"[0, 0, 0, 1, 0]",[],6167.01,6167.01,0.0016480986999998024
"[0, 0, 0, 0, 1]",[],2352.0,2352.0,0.0005414640000000037
"[1, 1, 1, 1, 1]",[],24658.0,64695.937999999995,0.006925428499998603
"[2, 2, 0, 2, 0]",[],48945.01,230082.87600000002,0.013246519000007383
"[0, 0, 2, 0, 2]",[],8520.0,20406.0,0.0019703219999996735
"[1, 0, 0, 0, 0]",[],2898.928,2898.928,0.0008356610999999231
"[0, 1, 0, 0, 0]",[],15800.0,15800.0,0.004207296699999733
"[0, 0, 1, 0, 0]",[],1636.0,1636.0,0.000399336000000003
"[0, 0, 0, 1, 0]",[],4014.01,4014.01,0.0012881886999998018
"[0, 0, 0, 0, 1]",[],1586.0,1586.0,0.00041256600000000315
"[1, 1, 1, 1, 1]",[],18211.0,37648.938,0.005847372500003334
"[2, 2, 0, 2, 0]",[],25799.0,110817.87599999999,0.009371209000001327
"[0, 0, 2, 0, 2]",[],5719.0,21216.0,0.001499927999999705
"[1, 0, 0, 0, 0]",[],2898.928,2898.928,0.0008356610999999231
"[0, 1, 0, 0, 0]",[],15800.0,15800.0,0.004207296699999733
"[0, 0, 1, 0, 0]",[],1636.0,1636.0,0.000399336000000003
"[0, 0, 0, 1, 0]",[],4014.01,4014.01,0.0012881886999998018
"[0, 0, 0, 0, 1]",[],1864.0,1864.0,0.00045943800000000374
"[1, 1, 1, 1, 1]",[],18220.0,38717.938,0.005849046500003335
"[2, 2, 0, 2, 0]",[],25153.0,114804.876,0.009264073000001712
"[0, 0, 2, 0, 2]",[],11742.0,45248.0,0.002509349999999272
"[1, 0, 0, 0, 0]",[],2898.928,2898.928,0.0008356610999999231
"[0, 1, 0, 0, 0]",[],15800.0,15800.0,0.004207296699999733
"[0, 0, 1, 0, 0]",[],1636.0,1636.0,0.000399336000000003
"[0, 0, 0, 1, 0]",[],4014.01,4014.01,0.0012881886999998018
"[0, 0, 0, 0, 1]",[],2108.0,2108.0,0.0004996140000000001
"[1, 1, 1, 1, 1]",[],20407.0,40064.938,0.006213978500004012
"[2, 2, 0, 2, 0]",[],25751.0,86126.876,0.009364513000001512
"[0, 0, 2, 0, 2]",[],12088.0,45783.0,0.0025662659999992586
"[1, 0, 0, 0, 0]",[],2898.928,2898.928,0.0008356610999999231
"[0, 1, 0, 0, 0]",[],15800.0,15800.0,0.004207296699999733
"[0, 0, 1, 0, 0]",[],1636.0,1636.0,0.000399336000000003
"[0, 0, 0, 1, 0]",[],4014.01,4014.01,0.0012881886999998018
"[0, 0, 0, 0, 1]",[],1791.0,1791.0,0.0004477200000000036
"[1, 1, 1, 1, 1]",[],18847.0,36657.938,0.005952834500003529
"[2, 2, 0, 2, 0]",[],25153.0,99810.876,0.00926407300000184
"[0, 0, 2, 0, 2]",[],12674.0,48928.0,0.002665031999999209
"[1, 0, 0, 0, 0]",[],2898.928,2898.928,0.0008356610999999231
"[0, 1, 0, 0, 0]",[],15800.0,15800.0,0.004207296699999733
"[0, 0, 1, 0, 0]",[],1636.0,1636.0,0.000399336000000003
"[0, 0, 0, 1, 0]",[],4014.01,4014.01,0.0012881886999998018
"[0, 0, 0, 0, 1]",[],1616.0,1616.0,0.00041758800000000324
"[1, 1, 1, 1, 1]",[],18831.0,34805.938,0.005951160500003524
"[2, 2, 0, 2, 0]",[],25100.0,100736.87599999999,0.00925570300000179
"[0, 0, 2, 0, 2]",[],6273.0,16515.0,0.0015936719999996671
"[1, 0, 0, 0, 0]",[],2896.928,2896.928,0.0008356611000000089
"[0, 1, 0, 0, 0]",[],15800.0,15800.0,0.004207296700000165
"[0, 0, 1, 0, 0]",[],1636.0,1636.0,0.000399336000000003
"[0, 0, 0, 1, 0]",[],2480.01,2480.01,0.0010320666999999637
"[0, 0, 0, 0, 1]",[],1324.0,1324.0,0.0003690420000000027
"[1, 1, 1, 1, 1]",[],17316.0,31323.938000000002,0.005696712499996676
"[2, 2, 0, 2, 0]",[],20631.0,69423.876,0.008507424999992241
"[0, 0, 2, 0, 2]",[],5785.0,21698.0,0.0015116459999995322
"[1, 0, 0, 0, 0]",[],2896.928,2896.928,0.0008356611000000089
"[0, 1, 0, 0, 0]",[],15800.0,15800.0,0.004207296700000165
"[0, 0, 1, 0, 0]",[],1636.0,1636.0,0.000399336000000003
"[0, 0, 0, 1, 0]",[],2480.01,2480.01,0.0010320666999999637
"[0, 0, 0, 0, 1]",[],1743.0,1743.0,0.00043935000000000344
"[1, 1, 1, 1, 1]",[],16721.0,31180.938000000002,0.005597946499996891
"[2, 2, 0, 2, 0]",[],19910.0,75454.876,0.008386896999992738
"[0, 0, 2, 0, 2]",[],9929.0,38109.0,0.0022046819999991885
"[1, 0, 0, 0, 0]",[],2896.928,2896.928,0.0008356611000000089
"[0, 1, 0, 0, 0]",[],15800.0,15800.0,0.004207296700000165
"[0, 0, 1, 0, 0]",[],1636.0,1636.0,0.000399336000000003
"[0, 0, 0, 1, 0]",[],2480.01,2480.01,0.0010320666999999637
"[0, 0, 0, 0, 1]",[],1544.0,1544.0,0.0004058700000000031
"[1, 1, 1, 1, 1]",[],16769.0,31421.938000000002,0.005604642499996846
"[2, 2, 0, 2, 0]",[],21218.0,64835.876000000004,0.008604516999991681
"[0, 0, 2, 0, 2]",[],11369.0,42738.0,0.0024457379999994555
"[1, 0, 0, 0, 0]",[],2896.928,2896.928,0.0008356611000000089
"[0, 1, 0, 0, 0]",[],15800.0,15800.0,0.004207296700000165
"[0, 0, 1, 0, 0]",[],1636.0,1636.0,0.000399336000000003
"[0, 0, 0, 1, 0]",[],2480.01,2480.01,0.0010320666999999637
"[0, 0, 0, 0, 1]",[],1524.0,1524.0,0.0004025220000000031
"[1, 1, 1, 1, 1]",[],17313.0,32003.938000000002,0.005696712499996685
"[2, 2, 0, 2, 0]",[],19945.0,66355.876,0.008391918999992646
"[0, 0, 2, 0, 2]",[],10364.0,39844.0,0.0022783379999993057
"[1, 0, 0, 0, 0]",[],2896.928,2896.928,0.0008356611000000089
"[0, 1, 0, 0, 0]",[],15800.0,15800.0,0.004207296700000165
"[0, 0, 1, 0, 0]",[],1636.0,1636.0,0.000399336000000003
"[0, 0, 0, 1, 0]",[],2480.01,2480.01,0.0010320666999999637
"[0, 0, 0, 0, 1]",[],1496.0,1496.0,0.00039750000000000294
"[1, 1, 1, 1, 1]",[],17338.0,31631.938000000002,0.005700060499996676
"[2, 2, 0, 2, 0]",[],19930.0,64308.876000000004,0.00839024499999272
"[0, 0, 2, 0, 2]",[],6255.0,18112.0,0.00159032399999945
"[1, 0, 0, 0, 0]",[],3544.928,3544.928,0.0009444710999999163
"[0, 1, 0, 0, 0]",[],15800.0,15800.0,0.0042072966999988255
"[0, 0, 1, 0, 0]",[],1788.0,1788.0,0.0004244460000000032
"[0, 0, 0, 1, 0]",[],6164.01,6164.01,0.00164809870000003
"[0, 0, 0, 0, 1]",[],2336.0,2336.0,0.0005381159999999919
"[1, 1, 1, 1, 1]",[],24689.0,67394.938,0.006930450499997361
"[2, 2, 0, 2, 0]",[],49417.928,255246.876,0.013325197000009633
"[0, 0, 2, 0, 2]",[],8599.0,32896.0,0.001982040000000096
"[1, 0, 0, 0, 0]",[],3544.928,3544.928,0.0009444710999999164
"[0, 1, 0, 0, 0]",[],15800.0,15800.0,0.0042072966999988255
"[0, 0, 1, 0, 0]",[],1764.0,1764.0,0.0004210980000000032
"[0, 0, 0, 1, 0]",[],6171.01,6171.01,0.0016497727000000307
"[0, 0, 0, 0, 1]",[],3672.0,3672.0,0.0007624319999999319
"[1, 1, 1, 1, 1]",[],25318.928,82754.938,0.007035912499997265
"[2, 2, 0, 2, 0]",[],49410.928,264537.876,0.013325197000009637
"[0, 0, 2, 0, 2]",[],15340.0,58975.0,0.003111989999999201
"[1, 0, 0, 0, 0]",[],3544.928,3544.928,0.0009444710999999163
"[0, 1, 0, 0, 0]",[],15800.0,15800.0,0.0042072966999988255
"[0, 0, 1, 0, 0]",[],1799.0,1799.0,0.0004261200000000033
"[0, 0, 0, 1, 0]",[],6212.01,6212.01,0.0016564687000000327
"[0, 0, 0, 0, 1]",[],3456.0,3456.0,0.0007256039999999421
"[1, 1, 1, 1, 1]",[],25765.0,57160.938,0.007111242499997249
"[2, 2, 0, 2, 0]",[],48775.0,159243.876,0.01321806100000973
"[0, 0, 2, 0, 2]",[],14759.0,55494.0,0.003013223999999297
"[1, 0, 0, 0, 0]",[],3544.928,3544.928,0.0009444710999999164
"[0, 1, 0, 0, 0]",[],15800.0,15800.0,0.0042072966999988255
"[0, 0, 1, 0, 0]",[],1764.0,1764.0,0.0004210980000000032
"[0, 0, 0, 1, 0]",[],6171.01,6171.01,0.0016497727000000307
"[0, 0, 0, 0, 1]",[],3672.0,3672.0,0.0007624319999999319
"[1, 1, 1, 1, 1]",[],24657.0,75097.938,0.006925428499997375
"[2, 2, 0, 2, 0]",[],48767.0,250704.87600000002,0.013216387000009178
"[0, 0, 2, 0, 2]",[],15219.0,58499.0,0.0030902279999992207
"[1, 0, 0, 0, 0]",[],3544.928,3544.928,0.0009444710999999163
"[0, 1, 0, 0, 0]",[],15800.0,15800.0,0.0042072966999988255
"[0, 0, 1, 0, 0]",[],1908.0,1908.0,0.0004445340000000034
"[0, 0, 0, 1, 0]",[],6167.01,6167.01,0.0016480987000000303
"[0, 0, 0, 0, 1]",[],2352.0,2352.0,0.000541463999999991
"[1, 1, 1, 1, 1]",[],24658.0,64695.937999999995,0.0069254284999973655
"[2, 2, 0, 2, 0]",[],48945.01,230082.87600000002,0.013246519000009298
"[0, 0, 2, 0, 2]",[],8520.0,20406.0,0.0019703220000001007
"[1, 0, 0, 0, 0]",[],3544.928,3544.928,0.0009444710999999163
"[0, 1, 0, 0, 0]",[],15800.0,15800.0,0.0042072966999988255
"[0, 0, 1, 0, 0]",[],1788.0,1788.0,0.0004244460000000032
"[0, 0, 0, 1, 0]",[],6164.01,6164.01,0.00164809870000003
"[0, 0, 0, 0, 1]",[],2336.0,2336.0,0.0005381159999999919
"[1, 1, 1, 1, 1]",[],24689.0,67394.938,0.006930450499997361
"[2, 2, 0, 2, 0]",[],49417.928,255246.876,0.013325197000009633
"[0, 0, 2, 0, 2]",[],8599.0,32896.0,0.001982040000000096
"[1, 0, 0, 0, 0]",[],3544.928,3544.928,0.0009444710999999164
"[0, 1, 0, 0, 0]",[],15800.0,15800.0,0.0042072966999988255
"[0, 0, 1, 0, 0]",[],1764.0,1764.0,0.0004210980000000032
"[0, 0, 0, 1, 0]",[],6171.01,6171.01,0.0016497727000000307
"[0, 0, 0, 0, 1]",[],3672.0,3672.0,0.0007624319999999319
"[1, 1, 1, 1, 1]",[],25318.928,82754.938,0.007035912499997265
"[2, 2, 0, 2, 0]",[],49410.928,264537.876,0.013325197000009637
"[0, 0, 2, 0, 2]",[],15340.0,58975.0,0.003111989999999201
"[1, 0, 0, 0, 0]",[],3544.928,3544.928,0.0009444710999999163
"[0, 1, 0, 0, 0]",[],15800.0,15800.0,0.0042072966999988255
"[0, 0, 1, 0, 0]",[],1799.0,1799.0,0.0004261200000000033
"[0, 0, 0, 1, 0]",[],6212.01,6212.01,0.0016564687000000327
"[0, 0, 0, 0, 1]",[],3456.0,3456.0,0.0007256039999999421
"[1, 1, 1, 1, 1]",[],25765.0,57160.938,0.007111242499997249
"[2, 2, 0, 2, 0]",[],48775.0,159243.876,0.01321806100000973
"[0, 0, 2, 0, 2]",[],14759.0,55494.0,0.003013223999999297
"[1, 0, 0, 0, 0]",[],3544.928,3544.928,0.0009444710999999164
"[0, 1, 0, 0, 0]",[],15800.0,15800.0,0.0042072966999988255
"[0, 0, 1, 0, 0]",[],1764.0,1764.0,0.0004210980000000032
"[0, 0, 0, 1, 0]",[],6171.01,6171.01,0.0016497727000000307
"[0, 0, 0, 0, 1]",[],3672.0,3672.0,0.0007624319999999319
"[1, 1, 1, 1, 1]",[],24657.0,75097.938,0.006925428499997375
"[2, 2, 0, 2, 0]",[],48767.0,250704.87600000002,0.013216387000009178
"[0, 0, 2, 0, 2]",[],15219.0,58499.0,0.0030902279999992207
"[1, 0, 0, 0, 0]",[],3544.928,3544.928,0.0009444710999999163
"[0, 1, 0, 0, 0]",[],15800.0,15800.0,0.0042072966999988255
"[0, 0, 1, 0, 0]",[],1908.0,1908.0,0.0004445340000000034
"[0, 0, 0, 1, 0]",[],6167.01,6167.01,0.0016480987000000303
"[0, 0, 0, 0, 1]",[],2352.0,2352.0,0.000541463999999991
"[1, 1, 1, 1, 1]",[],24658.0,64695.937999999995,0.0069254284999973655
"[2, 2, 0, 2, 0]",[],48945.01,230082.87600000002,0.013246519000009298
"[0, 0, 2, 0, 2]",[],8520.0,20406.0,0.0019703220000001007
"[1, 0, 0, 0, 0]",[],2917.928,2917.928,0.0008390090999999464
"[0, 1, 0, 0, 0]",[],15800.0,15800.0,0.0042072966999988255
"[0, 0, 1, 0, 0]",[],1788.0,1788.0,0.0004244460000000032
"[0, 0, 0, 1, 0]",[],2490.01,2490.01,0.0010337406999999673
"[0, 0, 0, 0, 1]",[],2336.0,2336.0,0.0005381159999999919
"[1, 1, 1, 1, 1]",[],16169.0,35267.938,0.005504202499998403
"[2, 2, 0, 2, 0]",[],18980.0,62988.876000000004,0.008231214999999018
"[0, 0, 2, 0, 2]",[],8599.0,32896.0,0.001982040000000096
"[1, 0, 0, 0, 0]",[],2917.928,2917.928,0.0008390090999999463
"[0, 1, 0, 0, 0]",[],15800.0,15800.0,0.0042072966999988255
"[0, 0, 1, 0, 0]",[],1764.0,1764.0,0.0004210980000000032
"[0, 0, 0, 1, 0]",[],2483.01,2483.01,0.0010320666999999665
"[0, 0, 0, 0, 1]",[],3672.0,3672.0,0.0007624319999999319
"[1, 1, 1, 1, 1]",[],16573.0,46746.938,0.005572836499998441
"[2, 2, 0, 2, 0]",[],18838.0,61361.876000000004,0.00820610499999908
"[0, 0, 2, 0, 2]",[],15340.0,58975.0,0.003111989999999201
"[1, 0, 0, 0, 0]",[],2917.928,2917.928,0.0008390090999999464
"[0, 1, 0, 0, 0]",[],15800.0,15800.0,0.0042072966999988255
"[0, 0, 1, 0, 0]",[],1799.0,1799.0,0.0004261200000000033
"[0, 0, 0, 1, 0]",[],2509.01,2509.01,0.0010354146999999683
"[0, 0, 0, 0, 1]",[],3456.0,3456.0,0.0007256039999999421
"[1, 1, 1, 1, 1]",[],21088.0,48886.938,0.006327810499998092
"[2, 2, 0, 2, 0]",[],19987.0,57304.876000000004,0.008398614999999563
"[0, 0, 2, 0, 2]",[],14759.0,55494.0,0.003013223999999297
"[1, 0, 0, 0, 0]",[],2917.928,2917.928,0.0008390090999999463
"[0, 1, 0, 0, 0]",[],15800.0,15800.0,0.0042072966999988255
"[0, 0, 1, 0, 0]",[],1764.0,1764.0,0.0004210980000000032
"[0, 0, 0, 1, 0]",[],2483.01,2483.01,0.0010320666999999665
"[0, 0, 0, 0, 1]",[],3672.0,3672.0,0.0007624319999999319
"[1, 1, 1, 1, 1]",[],16549.0,46626.938,0.005567814499998451
"[2, 2, 0, 2, 0]",[],19299.0,58803.876000000004,0.008283108999999286
"[0, 0, 2, 0, 2]",[],15219.0,58499.0,0.0030902279999992207
"[1, 0, 0, 0, 0]",[],2917.928,2917.928,0.0008390090999999464
"[0, 1, 0, 0, 0]",[],15800.0,15800.0,0.0042072966999988255
"[0, 0, 1, 0, 0]",[],1908.0,1908.0,0.0004445340000000034
"[0, 0, 0, 1, 0]",[],2509.01,2509.01,0.0010354146999999683
"[0, 0, 0, 0, 1]",[],2352.0,2352.0,0.000541463999999991
"[1, 1, 1, 1, 1]",[],16886.0,32673.938000000002,0.005624730499998056
"[2, 2, 0, 2, 0]",[],18838.0,58142.876000000004,0.008206104999999157
"[0, 0, 2, 0, 2]",[],8520.0,20406.0,0.0019703220000001007
"[1, 0, 0, 0, 0]",[],3544.928,3544.928,0.0009444710999999163
"[0, 1, 0, 0, 0]",[],15800.0,15800.0,0.0042072966999988255
"[0, 0, 1, 0, 0]",[],1788.0,1788.0,0.0004244460000000032
"[0, 0, 0, 1, 0]",[],6164.01,6164.01,0.00164809870000003
"[0, 0, 0, 0, 1]",[],2336.0,2336.0,0.0005381159999999919
"[1, 1, 1, 1, 1]",[],24689.0,67394.938,0.006930450499997361
"[2, 2, 0, 2, 0]",[],49417.928,255246.876,0.013325197000009633
"[0, 0, 2, 0, 2]",[],8599.0,32896.0,0.001982040000000096
"[1, 0, 0, 0, 0]",[],3544.928,3544.928,0.0009444710999999164
"[0, 1, 0, 0, 0]",[],15800.0,15800.0,0.0042072966999988255
"[0, 0, 1, 0, 0]",[],1764.0,1764.0,0.0004210980000000032
"[0, 0, 0, 1, 0]",[],6171.01,6171.01,0.0016497727000000307
"[0, 0, 0, 0, 1]",[],3672.0,3672.0,0.0007624319999999319
"[1, 1, 1, 1, 1]",[],25318.928,82754.938,0.007035912499997265
"[2, 2, 0, 2, 0]",[],49410.928,264537.876,0.013325197000009637
"[0, 0, 2, 0, 2]",[],15340.0,58975.0,0.003111989999999201
"[1, 0, 0, 0, 0]",[],3544.928,3544.928,0.0009444710999999163
"[0, 1, 0, 0, 0]",[],15800.0,15800.0,0.0042072966999988255
"[0, 0, 1, 0, 0]",[],1799.0,1799.0,0.0004261200000000033
"[0, 0, 0, 1, 0]",[],6212.01,6212.01,0.0016564687000000327
"[0, 0, 0, 0, 1]",[],3456.0,3456.0,0.0007256039999999421
"[1, 1, 1, 1, 1]",[],25765.0,57160.938,0.007111242499997249
"[2, 2, 0, 2, 0]",[],48775.0,159243.876,0.01321806100000973
"[0, 0, 2, 0, 2]",[],14759.0,55494.0,0.003013223999999297
"[1, 0, 0, 0, 0]",[],3544.928,3544.928,0.0009444710999999164
"[0, 1, 0, 0, 0]",[],15800.0,15800.0,0.0042072966999988255
"[0, 0, 1, 0, 0]",[],1764.0,1764.0,0.0004210980000000032
"[0, 0, 0, 1, 0]",[],6171.01,6171.01,0.0016497727000000307
"[0, 0, 0, 0, 1]",[],3672.0,3672.0,0.0007624319999999319
"[1, 1, 1, 1, 1]",[],24657.0,75097.938,0.006925428499997375
"[2, 2, 0, 2, 0]",[],48767.0,250704.87600000002,0.013216387000009178
"[0, 0, 2, 0, 2]",[],15219.0,58499.0,0.0030902279999992207
"[1, 0, 0, 0, 0]",[],3544.928,3544.928,0.0009444710999999163
"[0, 1, 0, 0, 0]",[],15800.0,15800.0,0.0042072966999988255
"[0, 0, 1, 0, 0]",[],1908.0,1908.0,0.0004445340000000034
"[0, 0, 0, 1, 0]",[],6167.01,6167.01,0.0016480987000000303
"[0, 0, 0, 0, 1]",[],2352.0,2352.0,0.000541463999999991
"[1, 1, 1, 1, 1]",[],24658.0,64695.937999999995,0.0069254284999973655
"[2, 2, 0, 2, 0]",[],48945.01,230082.87600000002,0.013246519000009298
"[0, 0, 2, 0, 2]",[],8520.0,20406.0,0.0019703220000001007
"[1, 0, 0, 0, 0]",[],3544.928,3544.928,0.0009444710999999163
"[0, 1, 0, 0, 0]",[],15800.0,15800.0,0.0042072966999988255
"[0, 0, 1, 0, 0]",[],1788.0,1788.0,0.0004244460000000032
"[0, 0, 0, 1, 0]",[],6164.01,6164.01,0.00164809870000003
"[0, 0, 0, 0, 1]",[],2336.0,2336.0,0.0005381159999999919
"[1, 1, 1, 1, 1]",[],24689.0,67394.938,0.006930450499997361
"[2, 2, 0, 2, 0]",[],49417.928,255246.876,0.013325197000009633
"[0, 0, 2, 0, 2]",[],8599.0,32896.0,0.001982040000000096
"[1, 0, 0, 0, 0]",[],3544.928,3544.928,0.0009444710999999164
"[0, 1, 0, 0, 0]",[],15800.0,15800.0,0.0042072966999988255
"[0, 0, 1, 0, 0]",[],1764.0,1764.0,0.0004210980000000032
"[0, 0, 0, 1, 0]",[],6171.01,6171.01,0.0016497727000000307
"[0, 0, 0, 0, 1]",[],3672.0,3672.0,0.0007624319999999319
"[1, 1, 1, 1, 1]",[],25318.928,82754.938,0.007035912499997265
"[2, 2, 0, 2, 0]",[],49410.928,264537.876,0.013325197000009637
"[0, 0, 2, 0, 2]",[],15340.0,58975.0,0.003111989999999201
"[1, 0, 0, 0, 0]",[],3544.928,3544.928,0.0009444710999999163
"[0, 1, 0, 0, 0]",[],15800.0,15800.0,0.0042072966999988255
"[0, 0, 1, 0, 0]",[],1799.0,1799.0,0.0004261200000000033
"[0, 0, 0, 1, 0]",[],6212.01,6212.01,0.0016564687000000327
"[0, 0, 0, 0, 1]",[],3456.0,3456.0,0.0007256039999999421
"[1, 1, 1, 1, 1]",[],25765.0,57160.938,0.007111242499997249
"[2, 2, 0, 2, 0]",[],48775.0,159243.876,0.01321806100000973
"[0, 0, 2, 0, 2]",[],14759.0,55494.0,0.003013223999999297
"[1, 0, 0, 0, 0]",[],3544.928,3544.928,0.0009444710999999164
"[0, 1, 0, 0, 0]",[],15800.0,15800.0,0.0042072966999988255
"[0, 0, 1, 0, 0]",[],1764.0,1764.0,0.0004210980000000032
"[0, 0, 0, 1, 0]",[],6171.01,6171.01,0.0016497727000000307
"[0, 0, 0, 0, 1]",[],3672.0,3672.0,0.0007624319999999319
"[1, 1, 1, 1, 1]",[],24657.0,75097.938,0.006925428499997375
"[2, 2, 0, 2, 0]",[],48767.0,250704.87600000002,0.013216387000009178
"[0, 0, 2, 0, 2]",[],15219.0,58499.0,0.0030902279999992207
"[1, 0, 0, 0, 0]",[],3544.928,3544.928,0.0009444710999999163
"[0, 1, 0, 0, 0]",[],15800.0,15800.0,0.0042072966999988255
"[0, 0, 1, 0, 0]",[],1908.0,1908.0,0.0004445340000000034
"[0, 0, 0, 1, 0]",[],6167.01,6167.01,0.0016480987000000303
"[0, 0, 0, 0, 1]",[],2352.0,2352.0,0.000541463999999991
"[1, 1, 1, 1, 1]",[],24658.0,64695.937999999995,0.0069254284999973655
"[2, 2, 0, 2, 0]",[],48945.01,230082.87600000002,0.013246519000009298
"[0, 0, 2, 0, 2]",[],8520.0,20406.0,0.0019703220000001007
"[1, 0, 0, 0, 0]",[],3544.928,3544.928,0.0009444710999999163
"[0, 1, 0, 0, 0]",[],15800.0,15800.0,0.0042072966999988255
"[0, 0, 1, 0, 0]",[],1788.0,1788.0,0.0004244460000000032
"[0, 0, 0, 1, 0]",[],6164.01,6164.01,0.00164809870000003
"[0, 0, 0, 0, 1]",[],2336.0,2336.0,0.0005381159999999919
"[1, 1, 1, 1, 1]",[],24689.0,67394.938,0.006930450499997361
"[2, 2, 0, 2, 0]",[],49417.928,255246.876,0.013325197000009633
"[0, 0, 2, 0, 2]",[],8599.0,32896.0,0.001982040000000096
"[1, 0, 0, 0, 0]",[],3544.928,3544.928,0.0009444710999999164
"[0, 1, 0, 0, 0]",[],15800.0,15800.0,0.0042072966999988255
"[0, 0, 1, 0, 0]",[],1764.0,1764.0,0.0004210980000000032
"[0, 0, 0, 1, 0]",[],6171.01,6171.01,0.0016497727000000307
"[0, 0, 0, 0, 1]",[],3672.0,3672.0,0.0007624319999999319
"[1, 1, 1, 1, 1]",[],25318.928,82754.938,0.007035912499997265
"[2, 2, 0, 2, 0]",[],49410.928,264537.876,0.013325197000009637
"[0, 0, 2, 0, 2]",[],15340.0,58975.0,0.003111989999999201
"[1, 0, 0, 0, 0]",[],3544.928,3544.928,0.0009444710999999163
"[0, 1, 0, 0, 0]",[],15800.0,15800.0,0.0042072966999988255
"[0, 0, 1, 0, 0]",[],1799.0,1799.0,0.0004261200000000033
"[0, 0, 0, 1, 0]",[],6212.01,6212.01,0.0016564687000000327
"[0, 0, 0, 0, 1]",[],3456.0,3456.0,0.0007256039999999421
"[1, 1, 1, 1, 1]",[],25765.0,57160.938,0.007111242499997249
"[2, 2, 0, 2, 0]",[],48775.0,159243.876,0.01321806100000973
"[0, 0, 2, 0, 2]",[],14759.0,55494.0,0.003013223999999297
"[1, 0, 0, 0, 0]",[],3544.928,3544.928,0.0009444710999999164
"[0, 1, 0, 0, 0]",[],15800.0,15800.0,0.0042072966999988255
"[0, 0, 1, 0, 0]",[],1764.0,1764.0,0.0004210980000000032
"[0, 0, 0, 1, 0]",[],6171.01,6171.01,0.0016497727000000307
"[0, 0, 0, 0, 1]",[],3672.0,3672.0,0.0007624319999999319
"[1, 1, 1, 1, 1]",[],24657.0,75097.938,0.006925428499997375
"[2, 2, 0, 2, 0]",[],48767.0,250704.87600000002,0.013216387000009178
"[0, 0, 2, 0, 2]",[],15219.0,58499.0,0.0030902279999992207
"[1, 0, 0, 0, 0]",[],3544.928,3544.928,0.0009444710999999163
"[0, 1, 0, 0, 0]",[],15800.0,15800.0,0.0042072966999988255
"[0, 0, 1, 0, 0]",[],1908.0,1908.0,0.0004445340000000034
"[0, 0, 0, 1, 0]",[],6167.01,6167.01,0.0016480987000000303
"[0, 0, 0, 0, 1]",[],2352.0,2352.0,0.000541463999999991
"[1, 1, 1, 1, 1]",[],24658.0,64695.937999999995,0.0069254284999973655
"[2, 2, 0, 2, 0]",[],48945.01,230082.87600000002,0.013246519000009298
"[0, 0, 2, 0, 2]",[],8520.0,20406.0,0.0019703220000001007
"[1, 0, 0, 0, 0]",[],3535.928,3535.928,0.0009427970999999169
"[0, 1, 0, 0, 0]",[],15800.0,15800.0,0.0042072966999988255
"[0, 0, 1, 0, 0]",[],1636.0,1636.0,0.00039933600000000295
"[0, 0, 0, 1, 0]",[],6167.01,6167.01,0.0016480987000000301
"[0, 0, 0, 0, 1]",[],1664.0,1664.0,0.0004259580000000033
"[1, 1, 1, 1, 1]",[],24809.0,64075.937999999995,0.00695053849999737
"[2, 2, 0, 2, 0]",[],49405.928,255309.876,0.013323523000009618
"[0, 0, 2, 0, 2]",[],6552.0,24630.0,0.001640544000000038
"[1, 0, 0, 0, 0]",[],3535.928,3535.928,0.0009427970999999169
"[0, 1, 0, 0, 0]",[],15800.0,15800.0,0.0042072966999988255
"[0, 0, 1, 0, 0]",[],1636.0,1636.0,0.00039933600000000295
"[0, 0, 0, 1, 0]",[],6167.01,6167.01,0.0016480987000000301
"[0, 0, 0, 0, 1]",[],1664.0,1664.0,0.0004259580000000033
"[1, 1, 1, 1, 1]",[],24709.0,64966.938,0.006933798499997377
"[2, 2, 0, 2, 0]",[],49405.928,264511.876,0.013323523000009623
"[0, 0, 2, 0, 2]",[],7826.0,28981.0,0.001853142000000084
"[1, 0, 0, 0, 0]",[],3535.928,3535.928,0.0009427970999999169
"[0, 1, 0, 0, 0]",[],15800.0,15800.0,0.0042072966999988255
"[0, 0, 1, 0, 0]",[],1636.0,1636.0,0.00039933600000000295
"[0, 0, 0, 1, 0]",[],6167.01,6167.01,0.0016480987000000301
"[0, 0, 0, 0, 1]",[],1664.0,1664.0,0.0004259580000000033
"[1, 1, 1, 1, 1]",[],24861.0,52011.938,0.006960582499997361
"[2, 2, 0, 2, 0]",[],48775.0,159136.876,0.01321806100000973
"[0, 0, 2, 0, 2]",[],9337.0,34392.0,0.002105916000000021
"[1, 0, 0, 0, 0]",[],3535.928,3535.928,0.0009427970999999169
"[0, 1, 0, 0, 0]",[],15800.0,15800.0,0.0042072966999988255
"[0, 0, 1, 0, 0]",[],1636.0,1636.0,0.00039933600000000295
"[0, 0, 0, 1, 0]",[],6167.01,6167.01,0.0016480987000000301
"[0, 0, 0, 0, 1]",[],1664.0,1664.0,0.0004259580000000033
"[1, 1, 1, 1, 1]",[],24713.0,60302.937999999995,0.0069354724999973775
"[2, 2, 0, 2, 0]",[],48782.0,250790.87600000002,0.01321973500000918
"[0, 0, 2, 0, 2]",[],7708.0,28253.0,0.0018330540000000817
"[1, 0, 0, 0, 0]",[],3535.928,3535.928,0.0009427970999999169
"[0, 1, 0, 0, 0]",[],15800.0,15800.0,0.0042072966999988255
"[0, 0, 1, 0, 0]",[],1636.0,1636.0,0.00039933600000000295
"[0, 0, 0, 1, 0]",[],6206.01,6206.01,0.0016547947000000326
"[0, 0, 0, 0, 1]",[],1664.0,1664.0,0.0004259580000000033
"[1, 1, 1, 1, 1]",[],24721.0,60073.937999999995,0.006937146499997379
"[2, 2, 0, 2, 0]",[],48931.01,230144.87600000002,0.013244845000009295
"[0, 0, 2, 0, 2]",[],7102.0,23429.0,0.0017326140000000542
"[1, 0, 0, 0, 0]",[],3588.928,3588.928,0.0009511671000000096
"[0, 1, 0, 0, 0]",[],15988.0,15988.0,0.00423742869999917
"[0, 0, 1, 0, 0]",[],2296.0,2296.0,0.0005098200000000039
"[0, 0, 0, 1, 0]",[],6236.01,6236.01,0.0016598166999997976
"[0, 0, 0, 0, 1]",[],3168.0,3168.0,0.0006770580000000038
"[1, 1, 1, 1, 1]",[],24893.0,70511.938,0.0069656044999986035
"[2, 2, 0, 2, 0]",[],49765.928,256922.876,0.013383787000007771
"[0, 0, 2, 0, 2]",[],11675.0,44988.0,0.002497631999999462
"[1, 0, 0, 0, 0]",[],3588.928,3588.928,0.0009511671000000097
"[0, 1, 0, 0, 0]",[],15988.0,15988.0,0.00423742869999917
"[0, 0, 1, 0, 0]",[],2240.0,2240.0,0.0005014500000000039
"[0, 0, 0, 1, 0]",[],6251.01,6251.01,0.001663164699999796
"[0, 0, 0, 0, 1]",[],4920.0,4920.0,0.0009716820000000044
"[1, 1, 1, 1, 1]",[],24808.0,84319.938,0.006950538499998607
"[2, 2, 0, 2, 0]",[],49750.928,266301.876,0.01338211300000777
"[0, 0, 2, 0, 2]",[],21049.0,81275.0,0.004066169999998789
"[1, 0, 0, 0, 0]",[],3588.928,3588.928,0.0009511671000000096
"[0, 1, 0, 0, 0]",[],15988.0,15988.0,0.00423742869999917
"[0, 0, 1, 0, 0]",[],2275.0,2275.0,0.0005064720000000038
"[0, 0, 0, 1, 0]",[],6300.01,6300.01,0.0016715346999997922
"[0, 0, 0, 0, 1]",[],4544.0,4544.0,0.0009080700000000041
"[1, 1, 1, 1, 1]",[],28071.0,67839.938,0.007497936499998387
"[2, 2, 0, 2, 0]",[],49103.0,160499.876,0.01327330300000782
"[0, 0, 2, 0, 2]",[],20451.0,76909.0,0.00396740399999884
"[1, 0, 0, 0, 0]",[],3588.928,3588.928,0.0009511671000000097
"[0, 1, 0, 0, 0]",[],15988.0,15988.0,0.00423742869999917
"[0, 0, 1, 0, 0]",[],2240.0,2240.0,0.0005014500000000039
"[0, 0, 0, 1, 0]",[],6251.01,6251.01,0.001663164699999796
"[0, 0, 0, 0, 1]",[],4920.0,4920.0,0.0009716820000000044
"[1, 1, 1, 1, 1]",[],24855.0,77322.938,0.006958908499998607
"[2, 2, 0, 2, 0]",[],49087.0,252362.87600000002,0.013269955000007416
"[0, 0, 2, 0, 2]",[],20932.0,80823.0,0.004047755999998796
"[1, 0, 0, 0, 0]",[],3588.928,3588.928,0.0009511671000000096
"[0, 1, 0, 0, 0]",[],15988.0,15988.0,0.00423742869999917
"[0, 0, 1, 0, 0]",[],2544.0,2544.0,0.0005516700000000037
"[0, 0, 0, 1, 0]",[],6243.01,6243.01,0.001661490699999797
"[0, 0, 0, 0, 1]",[],3232.0,3232.0,0.0006887760000000037
"[1, 1, 1, 1, 1]",[],24908.0,61457.937999999995,0.006967278499998597
"[2, 2, 0, 2, 0]",[],49285.01,231599.87600000002,0.013303435000007515
"[0, 0, 2, 0, 2]",[],11567.0,28125.0,0.0024792179999994692
"[1, 0, 0, 0, 0]",[],2930.928,2930.928,0.0008423570999999208
"[0, 1, 0, 0, 0]",[],15988.0,15988.0,0.004237428699999789
"[0, 0, 1, 0, 0]",[],2088.0,2088.0,0.0004746660000000038
"[0, 0, 0, 1, 0]",[],4029.01,4029.01,0.001289862699999802
"[0, 0, 0, 0, 1]",[],2040.0,2040.0,0.0004895700000000035
"[1, 1, 1, 1, 1]",[],18958.0,39641.938,0.0059712485000035734
"[2, 2, 0, 2, 0]",[],26031.0,111742.87599999999,0.009411385000001214
"[0, 0, 2, 0, 2]",[],6863.0,25260.0,0.0016924379999996274
"[1, 0, 0, 0, 0]",[],2930.928,2930.928,0.0008423570999999208
"[0, 1, 0, 0, 0]",[],15988.0,15988.0,0.004237428699999789
"[0, 0, 1, 0, 0]",[],2088.0,2088.0,0.0004746660000000038
"[0, 0, 0, 1, 0]",[],4029.01,4029.01,0.001289862699999802
"[0, 0, 0, 0, 1]",[],1840.0,1840.0,0.0004560900000000038
"[1, 1, 1, 1, 1]",[],18408.0,40521.938,0.005879178500003407
"[2, 2, 0, 2, 0]",[],25389.0,115892.876,0.009302575000001645
"[0, 0, 2, 0, 2]",[],12597.0,48500.0,0.0026516399999992122
"[1, 0, 0, 0, 0]",[],2930.928,2930.928,0.0008423570999999208
"[0, 1, 0, 0, 0]",[],15988.0,15988.0,0.004237428699999789
"[0, 0, 1, 0, 0]",[],2088.0,2088.0,0.0004746660000000038
"[0, 0, 0, 1, 0]",[],4029.01,4029.01,0.001289862699999802
"[0, 0, 0, 0, 1]",[],2024.0,2024.0,0.00048622200000000403
"[1, 1, 1, 1, 1]",[],19460.0,40284.938,0.006056622500003757
"[2, 2, 0, 2, 0]",[],26039.0,87074.876,0.009411385000001427
"[0, 0, 2, 0, 2]",[],13152.0,49792.0,0.002745383999999181
"[1, 0, 0, 0, 0]",[],2930.928,2930.928,0.0008423570999999208
"[0, 1, 0, 0, 0]",[],15988.0,15988.0,0.004237428699999789
"[0, 0, 1, 0, 0]",[],2088.0,2088.0,0.0004746660000000038
"[0, 0, 0, 1, 0]",[],4029.01,4029.01,0.001289862699999802
"[0, 0, 0, 0, 1]",[],1840.0,1840.0,0.0004560900000000038
"[1, 1, 1, 1, 1]",[],19030.0,37233.938,0.0059846405000036
"[2, 2, 0, 2, 0]",[],25357.0,109630.87599999999,0.009297553000001667
"[0, 0, 2, 0, 2]",[],12918.0,49419.0,0.002705207999999192
"[1, 0, 0, 0, 0]",[],2930.928,2930.928,0.0008423570999999208
"[0, 1, 0, 0, 0]",[],15988.0,15988.0,0.004237428699999789
"[0, 0, 1, 0, 0]",[],2088.0,2088.0,0.0004746660000000038
"[0, 0, 0, 1, 0]",[],4029.01,4029.01,0.001289862699999802
"[0, 0, 0, 0, 1]",[],2425.0,2425.0,0.0005531819999999823
"[1, 1, 1, 1, 1]",[],18429.0,35954.938,0.00588252650000341
"[2, 2, 0, 2, 0]",[],25296.0,106601.87599999999,0.00928750900000172
"[0, 0, 2, 0, 2]",[],6903.0,19088.0,0.0016991339999996296
"[1, 0, 0, 0, 0]",[],2936.928,2936.928,0.0008423571000000091
"[0, 1, 0, 0, 0]",[],15988.0,15988.0,0.004237428700000091
"[0, 0, 1, 0, 0]",[],2088.0,2088.0,0.0004746660000000038
"[0, 0, 0, 1, 0]",[],2500.01,2500.01,0.0010354146999999605
"[0, 0, 0, 0, 1]",[],1578.0,1578.0,0.0004108920000000032
"[1, 1, 1, 1, 1]",[],17451.0,32301.938000000002,0.0057201484999965975
"[2, 2, 0, 2, 0]",[],20819.0,70240.876,0.008537556999992132
"[0, 0, 2, 0, 2]",[],6071.0,22786.0,0.001560191999999469
"[1, 0, 0, 0, 0]",[],2936.928,2936.928,0.0008423571000000091
"[0, 1, 0, 0, 0]",[],15988.0,15988.0,0.004237428700000091
"[0, 0, 1, 0, 0]",[],2088.0,2088.0,0.0004746660000000038
"[0, 0, 0, 1, 0]",[],2500.01,2500.01,0.0010354146999999605
"[0, 0, 0, 0, 1]",[],1632.0,1632.0,0.00042093600000000326
"[1, 1, 1, 1, 1]",[],17093.0,32569.938000000002,0.005659884499996724
"[2, 2, 0, 2, 0]",[],20173.0,71069.876,0.008430420999992548
"[0, 0, 2, 0, 2]",[],8539.0,32520.0,0.001971995999999057
"[1, 0, 0, 0, 0]",[],2936.928,2936.928,0.0008423571000000091
"[0, 1, 0, 0, 0]",[],15988.0,15988.0,0.004237428700000091
"[0, 0, 1, 0, 0]",[],2088.0,2088.0,0.0004746660000000038
"[0, 0, 0, 1, 0]",[],2500.01,2500.01,0.0010354146999999605
"[0, 0, 0, 0, 1]",[],1776.0,1776.0,0.0004443720000000036
"[1, 1, 1, 1, 1]",[],16963.0,32424.938000000002,0.005638122499996755
"[2, 2, 0, 2, 0]",[],21478.0,65631.876,0.008648040999991512
"[0, 0, 2, 0, 2]",[],11370.0,42939.0,0.0024474119999994813
"[1, 0, 0, 0, 0]",[],2936.928,2936.928,0.0008423571000000091
"[0, 1, 0, 0, 0]",[],15988.0,15988.0,0.004237428700000091
"[0, 0, 1, 0, 0]",[],2088.0,2088.0,0.0004746660000000038
"[0, 0, 0, 1, 0]",[],2500.01,2500.01,0.0010354146999999605
"[0, 0, 0, 0, 1]",[],1632.0,1632.0,0.00042093600000000326
"[1, 1, 1, 1, 1]",[],17445.0,32388.938000000002,0.005718474499996608
"[2, 2, 0, 2, 0]",[],20173.0,67097.876,0.008430420999992493
"[0, 0, 2, 0, 2]",[],9217.0,34994.0,0.0020858279999990893
"[1, 0, 0, 0, 0]",[],2936.928,2936.928,0.0008423571000000091
"[0, 1, 0, 0, 0]",[],15988.0,15988.0,0.004237428700000091
"[0, 0, 1, 0, 0]",[],2088.0,2088.0,0.0004746660000000038
"[0, 0, 0, 1, 0]",[],2500.01,2500.01,0.0010354146999999605
"[0, 0, 0, 0, 1]",[],1758.0,1758.0,0.00044102400000000345
"[1, 1, 1, 1, 1]",[],17435.0,32342.938000000002,0.005716800499996618
"[2, 2, 0, 2, 0]",[],20142.0,63344.876000000004,0.008425398999992555
"[0, 0, 2, 0, 2]",[],6897.0,20208.0,0.001697459999999325
"[1, 0, 0, 0, 0]",[],3588.928,3588.928,0.0009511670999999144
"[0, 1, 0, 0, 0]",[],15988.0,15988.0,0.004237428699998802
"[0, 0, 1, 0, 0]",[],2296.0,2296.0,0.0005098199999999986
"[0, 0, 0, 1, 0]",[],6236.01,6236.01,0.001659816700000033
"[0, 0, 0, 0, 1]",[],3168.0,3168.0,0.0006770579999999559
"[1, 1, 1, 1, 1]",[],24893.0,70511.938,0.006965604499997328
"[2, 2, 0, 2, 0]",[],49765.928,256922.876,0.013383787000009813
"[0, 0, 2, 0, 2]",[],11675.0,44988.0,0.0024976319999997117
"[1, 0, 0, 0, 0]",[],3588.928,3588.928,0.0009511670999999145
"[0, 1, 0, 0, 0]",[],15988.0,15988.0,0.004237428699998802
"[0, 0, 1, 0, 0]",[],2240.0,2240.0,0.0005014500000000007
"[0, 0, 0, 1, 0]",[],6251.01,6251.01,0.0016631647000000338
"[0, 0, 0, 0, 1]",[],4920.0,4920.0,0.0009716819999998716
"[1, 1, 1, 1, 1]",[],24808.0,84319.938,0.006950538499997373
"[2, 2, 0, 2, 0]",[],49750.928,266301.876,0.013382113000009811
"[0, 0, 2, 0, 2]",[],21049.0,81275.0,0.004066169999998357
"[1, 0, 0, 0, 0]",[],3588.928,3588.928,0.0009511670999999144
"[0, 1, 0, 0, 0]",[],15988.0,15988.0,0.004237428699998802
"[0, 0, 1, 0, 0]",[],2275.0,2275.0,0.0005064719999999992
"[0, 0, 0, 1, 0]",[],6300.01,6300.01,0.0016715347000000366
"[0, 0, 0, 0, 1]",[],4544.0,4544.0,0.00090806999999989
"[1, 1, 1, 1, 1]",[],28071.0,67839.938,0.007497936499996951
"[2, 2, 0, 2, 0]",[],49103.0,160499.876,0.013273303000009892
"[0, 0, 2, 0, 2]",[],20451.0,76909.0,0.003967403999998462
"[1, 0, 0, 0, 0]",[],3588.928,3588.928,0.0009511670999999145
"[0, 1, 0, 0, 0]",[],15988.0,15988.0,0.004237428699998802
"[0, 0, 1, 0, 0]",[],2240.0,2240.0,0.0005014500000000007
"[0, 0, 0, 1, 0]",[],6251.01,6251.01,0.0016631647000000338
"[0, 0, 0, 0, 1]",[],4920.0,4920.0,0.0009716819999998716
"[1, 1, 1, 1, 1]",[],24855.0,77322.938,0.006958908499997369
"[2, 2, 0, 2, 0]",[],49087.0,252362.87600000002,0.01326995500000934
"[0, 0, 2, 0, 2]",[],20932.0,80823.0,0.004047755999998373
"[1, 0, 0, 0, 0]",[],3588.928,3588.928,0.0009511670999999144
"[0, 1, 0, 0, 0]",[],15988.0,15988.0,0.004237428699998802
"[0, 0, 1, 0, 0]",[],2544.0,2544.0,0.0005516699999999878
"[0, 0, 0, 1, 0]",[],6243.01,6243.01,0.0016614907000000335
"[0, 0, 0, 0, 1]",[],3232.0,3232.0,0.0006887759999999528
"[1, 1, 1, 1, 1]",[],24908.0,61457.937999999995,0.006967278499997312
"[2, 2, 0, 2, 0]",[],49285.01,231599.87600000002,0.013303435000009474
"[0, 0, 2, 0, 2]",[],11567.0,28125.0,0.002479217999999732
"[1, 0, 0, 0, 0]",[],3588.928,3588.928,0.0009511670999999144
"[0, 1, 0, 0, 0]",[],15988.0,15988.0,0.004237428699998802
"[0, 0, 1, 0, 0]",[],2296.0,2296.0,0.0005098199999999986
"[0, 0, 0, 1, 0]",[],6236.01,6236.01,0.001659816700000033
"[0, 0, 0, 0, 1]",[],3168.0,3168.0,0.0006770579999999559
"[1, 1, 1, 1, 1]",[],24893.0,70511.938,0.006965604499997328
"[2, 2, 0, 2, 0]",[],49765.928,256922.876,0.013383787000009813
"[0, 0, 2, 0, 2]",[],11675.0,44988.0,0.0024976319999997117
"[1, 0, 0, 0, 0]",[],3588.928,3588.928,0.0009511670999999145
"[0, 1, 0, 0, 0]",[],15988.0,15988.0,0.004237428699998802
"[0, 0, 1, 0, 0]",[],2240.0,2240.0,0.0005014500000000007
"[0, 0, 0, 1, 0]",[],6251.01,6251.01,0.0016631647000000338
"[0, 0, 0, 0, 1]",[],4920.0,4920.0,0.0009716819999998716
"[1, 1, 1, 1, 1]",[],24808.0,84319.938,0.006950538499997373
"[2, 2, 0, 2, 0]",[],49750.928,266301.876,0.013382113000009811
"[0, 0, 2, 0, 2]",[],21049.0,81275.0,0.004066169999998357
"[1, 0, 0, 0, 0]",[],3588.928,3588.928,0.0009511670999999144
"[0, 1, 0, 0, 0]",[],15988.0,15988.0,0.004237428699998802
"[0, 0, 1, 0, 0]",[],2275.0,2275.0,0.0005064719999999992
"[0, 0, 0, 1, 0]",[],6300.01,6300.01,0.0016715347000000366
"[0, 0, 0, 0, 1]",[],4544.0,4544.0,0.00090806999999989
"[1, 1, 1, 1, 1]",[],28071.0,67839.938,0.007497936499996951
"[2, 2, 0, 2, 0]",[],49103.0,160499.876,0.013273303000009892
"[0, 0, 2, 0, 2]",[],20451.0,76909.0,0.003967403999998462
"[1, 0, 0, 0, 0]",[],3588.928,3588.928,0.0009511670999999145
"[0, 1, 0, 0, 0]",[],15988.0,15988.0,0.004237428699998802
"[0, 0, 1, 0, 0]",[],2240.0,2240.0,0.0005014500000000007
"[0, 0, 0, 1, 0]",[],6251.01,6251.01,0.0016631647000000338
"[0, 0, 0, 0, 1]",[],4920.0,4920.0,0.0009716819999998716
"[1, 1, 1, 1, 1]",[],24855.0,77322.938,0.006958908499997369
"[2, 2, 0, 2, 0]",[],49087.0,252362.87600000002,0.01326995500000934
"[0, 0, 2, 0, 2]",[],20932.0,80823.0,0.004047755999998373
"[1, 0, 0, 0, 0]",[],3588.928,3588.928,0.0009511670999999144
"[0, 1, 0, 0, 0]",[],15988.0,15988.0,0.004237428699998802
"[0, 0, 1, 0, 0]",[],2544.0,2544.0,0.0005516699999999878
"[0, 0, 0, 1, 0]",[],6243.01,6243.01,0.0016614907000000335
"[0, 0, 0, 0, 1]",[],3232.0,3232.0,0.0006887759999999528
"[1, 1, 1, 1, 1]",[],24908.0,61457.937999999995,0.006967278499997312
"[2, 2, 0, 2, 0]",[],49285.01,231599.87600000002,0.013303435000009474
"[0, 0, 2, 0, 2]",[],11567.0,28125.0,0.002479217999999732
"[1, 0, 0, 0, 0]",[],2965.928,2965.928,0.0008473790999999444
"[0, 1, 0, 0, 0]",[],15988.0,15988.0,0.004237428699998802
"[0, 0, 1, 0, 0]",[],2296.0,2296.0,0.0005098199999999986
"[0, 0, 0, 1, 0]",[],2571.01,2571.01,0.0010471326999999715
"[0, 0, 0, 0, 1]",[],3168.0,3168.0,0.0006770579999999559
"[1, 1, 1, 1, 1]",[],16361.0,40975.938,0.005537682499998449
"[2, 2, 0, 2, 0]",[],19196.0,60478.876000000004,0.008266368999999264
"[0, 0, 2, 0, 2]",[],11675.0,44988.0,0.0024976319999997117
"[1, 0, 0, 0, 0]",[],2965.928,2965.928,0.0008473790999999444
"[0, 1, 0, 0, 0]",[],15988.0,15988.0,0.004237428699998802
"[0, 0, 1, 0, 0]",[],2240.0,2240.0,0.0005014500000000007
"[0, 0, 0, 1, 0]",[],2540.01,2540.01,0.0010421106999999698
"[0, 0, 0, 0, 1]",[],4920.0,4920.0,0.0009716819999998716
"[1, 1, 1, 1, 1]",[],18964.0,58410.938,0.005972922499998081
"[2, 2, 0, 2, 0]",[],19054.0,63295.876000000004,0.008242932999998882
"[0, 0, 2, 0, 2]",[],21049.0,81275.0,0.004066169999998357
"[1, 0, 0, 0, 0]",[],2965.928,2965.928,0.0008473790999999445
"[0, 1, 0, 0, 0]",[],15988.0,15988.0,0.004237428699998802
"[0, 0, 1, 0, 0]",[],2275.0,2275.0,0.0005064719999999992
"[0, 0, 0, 1, 0]",[],2565.01,2565.01,0.001045458699999971
"[0, 0, 0, 0, 1]",[],4544.0,4544.0,0.00090806999999989
"[1, 1, 1, 1, 1]",[],23807.0,61771.938,0.00678313849999774
"[2, 2, 0, 2, 0]",[],19313.0,60281.876000000004,0.00828645699999898
"[0, 0, 2, 0, 2]",[],20451.0,76909.0,0.003967403999998462
"[1, 0, 0, 0, 0]",[],2965.928,2965.928,0.0008473790999999444
"[0, 1, 0, 0, 0]",[],15988.0,15988.0,0.004237428699998802
"[0, 0, 1, 0, 0]",[],2240.0,2240.0,0.0005014500000000007
"[0, 0, 0, 1, 0]",[],2540.01,2540.01,0.0010421106999999698
"[0, 0, 0, 0, 1]",[],4920.0,4920.0,0.0009716819999998716
"[1, 1, 1, 1, 1]",[],18949.0,58367.938,0.005969574499998087
"[2, 2, 0, 2, 0]",[],19054.0,60047.876000000004,0.008242932999998879
"[0, 0, 2, 0, 2]",[],20932.0,80823.0,0.004047755999998373
"[1, 0, 0, 0, 0]",[],2965.928,2965.928,0.0008473790999999445
"[0, 1, 0, 0, 0]",[],15988.0,15988.0,0.004237428699998802
"[0, 0, 1, 0, 0]",[],2544.0,2544.0,0.0005516699999999878
"[0, 0, 0, 1, 0]",[],2565.01,2565.01,0.0010454586999999712
"[0, 0, 0, 0, 1]",[],3232.0,3232.0,0.0006887759999999528
"[1, 1, 1, 1, 1]",[],17719.0,37954.938,0.005763672499998068
"[2, 2, 0, 2, 0]",[],19054.0,58856.876000000004,0.008242932999999193
"[0, 0, 2, 0, 2]",[],11567.0,28125.0,0.002479217999999732
"[1, 0, 0, 0, 0]",[],3588.928,3588.928,0.0009511670999999144
"[0, 1, 0, 0, 0]",[],15988.0,15988.0,0.004237428699998802
"[0, 0, 1, 0, 0]",[],2296.0,2296.0,0.0005098199999999986
"[0, 0, 0, 1, 0]",[],6236.01,6236.01,0.001659816700000033
"[0, 0, 0, 0, 1]",[],3168.0,3168.0,0.0006770579999999559
"[1, 1, 1, 1, 1]",[],24893.0,70511.938,0.006965604499997328
"[2, 2, 0, 2, 0]",[],49765.928,256922.876,0.013383787000009813
"[0, 0, 2, 0, 2]",[],11675.0,44988.0,0.0024976319999997117
"[1, 0, 0, 0, 0]",[],3588.928,3588.928,0.0009511670999999145
"[0, 1, 0, 0, 0]",[],15988.0,15988.0,0.004237428699998802
"[0, 0, 1, 0, 0]",[],2240.0,2240.0,0.0005014500000000007
"[0, 0, 0, 1, 0]",[],6251.01,6251.01,0.0016631647000000338
"[0, 0, 0, 0, 1]",[],4920.0,4920.0,0.0009716819999998716
"[1, 1, 1, 1, 1]",[],24808.0,84319.938,0.006950538499997373
"[2, 2, 0, 2, 0]",[],49750.928,266301.876,0.013382113000009811
"[0, 0, 2, 0, 2]",[],21049.0,81275.0,0.004066169999998357
"[1, 0, 0, 0, 0]",[],3588.928,3588.928,0.0009511670999999144
"[0, 1, 0, 0, 0]",[],15988.0,15988.0,0.004237428699998802
"[0, 0, 1, 0, 0]",[],2275.0,2275.0,0.0005064719999999992
"[0, 0, 0, 1, 0]",[],6300.01,6300.01,0.0016715347000000366
"[0, 0, 0, 0, 1]",[],4544.0,4544.0,0.00090806999999989
"[1, 1, 1, 1, 1]",[],28071.0,67839.938,0.007497936499996951
"[2, 2, 0, 2, 0]",[],49103.0,160499.876,0.013273303000009892
"[0, 0, 2, 0, 2]",[],20451.0,76909.0,0.003967403999998462
"[1, 0, 0, 0, 0]",[],3588.928,3588.928,0.0009511670999999145
"[0, 1, 0, 0, 0]",[],15988.0,15988.0,0.004237428699998802
"[0, 0, 1, 0, 0]",[],2240.0,2240.0,0.0005014500000000007
"[0, 0, 0, 1, 0]",[],6251.01,6251.01,0.0016631647000000338
"[0, 0, 0, 0, 1]",[],4920.0,4920.0,0.0009716819999998716
"[1, 1, 1, 1, 1]",[],24855.0,77322.938,0.006958908499997369
"[2, 2, 0, 2, 0]",[],49087.0,252362.87600000002,0.01326995500000934
"[0, 0, 2, 0, 2]",[],20932.0,80823.0,0.004047755999998373
"[1, 0, 0, 0, 0]",[],3588.928,3588.928,0.0009511670999999144
"[0, 1, 0, 0, 0]",[],15988.0,15988.0,0.004237428699998802
"[0, 0, 1, 0, 0]",[],2544.0,2544.0,0.0005516699999999878
"[0, 0, 0, 1, 0]",[],6243.01,6243.01,0.0016614907000000335
"[0, 0, 0, 0, 1]",[],3232.0,3232.0,0.0006887759999999528
"[1, 1, 1, 1, 1]",[],24908.0,61457.937999999995,0.006967278499997312
"[2, 2, 0, 2, 0]",[],49285.01,231599.87600000002,0.013303435000009474
"[0, 0, 2, 0, 2]",[],11567.0,28125.0,0.002479217999999732
"[1, 0, 0, 0, 0]",[],3588.928,3588.928,0.0009511670999999144
"[0, 1, 0, 0, 0]",[],15988.0,15988.0,0.004237428699998802
"[0, 0, 1, 0, 0]",[],2296.0,2296.0,0.0005098199999999986
"[0, 0, 0, 1, 0]",[],6236.01,6236.01,0.001659816700000033
"[0, 0, 0, 0, 1]",[],3168.0,3168.0,0.0006770579999999559
"[1, 1, 1, 1, 1]",[],24893.0,70511.938,0.006965604499997328
"[2, 2, 0, 2, 0]",[],49765.928,256922.876,0.013383787000009813
"[0, 0, 2, 0, 2]",[],11675.0,44988.0,0.0024976319999997117
"[1, 0, 0, 0, 0]",[],3588.928,3588.928,0.0009511670999999145
"[0, 1, 0, 0, 0]",[],15988.0,15988.0,0.004237428699998802
"[0, 0, 1, 0, 0]",[],2240.0,2240.0,0.0005014500000000007
"[0, 0, 0, 1, 0]",[],6251.01,6251.01,0.0016631647000000338
"[0, 0, 0, 0, 1]",[],4920.0,4920.0,0.0009716819999998716
"[1, 1, 1, 1, 1]",[],24808.0,84319.938,0.006950538499997373
"[2, 2, 0, 2, 0]",[],49750.928,266301.876,0.013382113000009811
"[0, 0, 2, 0, 2]",[],21049.0,81275.0,0.004066169999998357
"[1, 0, 0, 0, 0]",[],3588.928,3588.928,0.0009511670999999144
"[0, 1, 0, 0, 0]",[],15988.0,15988.0,0.004237428699998802
"[0, 0, 1, 0, 0]",[],2275.0,2275.0,0.0005064719999999992
"[0, 0, 0, 1, 0]",[],6300.01,6300.01,0.0016715347000000366
"[0, 0, 0, 0, 1]",[],4544.0,4544.0,0.00090806999999989
"[1, 1, 1, 1, 1]",[],28071.0,67839.938,0.007497936499996951
"[2, 2, 0, 2, 0]",[],49103.0,160499.876,0.013273303000009892
"[0, 0, 2, 0, 2]",[],20451.0,76909.0,0.003967403999998462
"[1, 0, 0, 0, 0]",[],3588.928,3588.928,0.0009511670999999145
"[0, 1, 0, 0, 0]",[],15988.0,15988.0,0.004237428699998802
"[0, 0, 1, 0, 0]",[],2240.0,2240.0,0.0005014500000000007
"[0, 0, 0, 1, 0]",[],6251.01,6251.01,0.0016631647000000338
"[0, 0, 0, 0, 1]",[],4920.0,4920.0,0.0009716819999998716
"[1, 1, 1, 1, 1]",[],24855.0,77322.938,0.006958908499997369
"[2, 2, 0, 2, 0]",[],49087.0,252362.87600000002,0.01326995500000934
"[0, 0, 2, 0, 2]",[],20932.0,80823.0,0.004047755999998373
"[1, 0, 0, 0, 0]",[],3588.928,3588.928,0.0009511670999999144
"[0, 1, 0, 0, 0]",[],15988.0,15988.0,0.004237428699998802
"[0, 0, 1, 0, 0]",[],2544.0,2544.0,0.0005516699999999878
"[0, 0, 0, 1, 0]",[],6243.01,6243.01,0.0016614907000000335
"[0, 0, 0, 0, 1]",[],3232.0,3232.0,0.0006887759999999528
"[1, 1, 1, 1, 1]",[],24908.0,61457.937999999995,0.006967278499997312
"[2, 2, 0, 2, 0]",[],49285.01,231599.87600000002,0.013303435000009474
"[0, 0, 2, 0, 2]",[],11567.0,28125.0,0.002479217999999732
"[1, 0, 0, 0, 0]",[],3588.928,3588.928,0.0009511670999999144
"[0, 1, 0, 0, 0]",[],15988.0,15988.0,0.004237428699998802
"[0, 0, 1, 0, 0]",[],2296.0,2296.0,0.0005098199999999986
"[0, 0, 0, 1, 0]",[],6236.01,6236.01,0.001659816700000033
"[0, 0, 0, 0, 1]",[],3168.0,3168.0,0.0006770579999999559
"[1, 1, 1, 1, 1]",[],24893.0,70511.938,0.006965604499997328
"[2, 2, 0, 2, 0]",[],49765.928,256922.876,0.013383787000009813
"[0, 0, 2, 0, 2]",[],11675.0,44988.0,0.0024976319999997117
"[1, 0, 0, 0, 0]",[],3588.928,3588.928,0.0009511670999999145
"[0, 1, 0, 0, 0]",[],15988.0,15988.0,0.004237428699998802
"[0, 0, 1, 0, 0]",[],2240.0,2240.0,0.0005014500000000007
"[0, 0, 0, 1, 0]",[],6251.01,6251.01,0.0016631647000000338
"[0, 0, 0, 0, 1]",[],4920.0,4920.0,0.0009716819999998716
"[1, 1, 1, 1, 1]",[],24808.0,84319.938,0.006950538499997373
"[2, 2, 0, 2, 0]",[],49750.928,266301.876,0.013382113000009811
"[0, 0, 2, 0, 2]",[],21049.0,81275.0,0.004066169999998357
"[1, 0, 0, 0, 0]",[],3588.928,3588.928,0.0009511670999999144
"[0, 1, 0, 0, 0]",[],15988.0,15988.0,0.004237428699998802
"[0, 0, 1, 0, 0]",[],2275.0,2275.0,0.0005064719999999992
"[0, 0, 0, 1, 0]",[],6300.01,6300.01,0.0016715347000000366
"[0, 0, 0, 0, 1]",[],4544.0,4544.0,0.00090806999999989
"[1, 1, 1, 1, 1]",[],28071.0,67839.938,0.007497936499996951
"[2, 2, 0, 2, 0]",[],49103.0,160499.876,0.013273303000009892
"[0, 0, 2, 0, 2]",[],20451.0,76909.0,0.003967403999998462
"[1, 0, 0, 0, 0]",[],3588.928,3588.928,0.0009511670999999145
"[0, 1, 0, 0, 0]",[],15988.0,15988.0,0.004237428699998802
"[0, 0, 1, 0, 0]",[],2240.0,2240.0,0.0005014500000000007
"[0, 0, 0, 1, 0]",[],6251.01,6251.01,0.0016631647000000338
"[0, 0, 0, 0, 1]",[],4920.0,4920.0,0.0009716819999998716
"[1, 1, 1, 1, 1]",[],24855.0,77322.938,0.006958908499997369
"[2, 2, 0, 2, 0]",[],49087.0,252362.87600000002,0.01326995500000934
"[0, 0, 2, 0, 2]",[],20932.0,80823.0,0.004047755999998373
"[1, 0, 0, 0, 0]",[],3588.928,3588.928,0.0009511670999999144
"[0, 1, 0, 0, 0]",[],15988.0,15988.0,0.004237428699998802
"[0, 0, 1, 0, 0]",[],2544.0,2544.0,0.0005516699999999878
"[0, 0, 0, 1, 0]",[],6243.01,6243.01,0.0016614907000000335
"[0, 0, 0, 0, 1]",[],3232.0,3232.0,0.0006887759999999528
"[1, 1, 1, 1, 1]",[],24908.0,61457.937999999995,0.006967278499997312
"[2, 2, 0, 2, 0]",[],49285.01,231599.87600000002,0.013303435000009474
"[0, 0, 2, 0, 2]",[],11567.0,28125.0,0.002479217999999732
"[1, 0, 0, 0, 0]",[],3575.928,3575.928,0.0009494930999999151
"[0, 1, 0, 0, 0]",[],15988.0,15988.0,0.004237428699998802
"[0, 0, 1, 0, 0]",[],2088.0,2088.0,0.0004746660000000038
"[0, 0, 0, 1, 0]",[],6243.01,6243.01,0.0016614907000000335
"[0, 0, 0, 0, 1]",[],1656.0,1656.0,0.0004242840000000033
"[1, 1, 1, 1, 1]",[],24953.0,64846.937999999995,0.006975648499997351
"[2, 2, 0, 2, 0]",[],49745.928,256985.876,0.0133804390000098
"[0, 0, 2, 0, 2]",[],6553.0,24841.0,0.0016405440000000382
"[1, 0, 0, 0, 0]",[],3575.928,3575.928,0.0009494930999999151
"[0, 1, 0, 0, 0]",[],15988.0,15988.0,0.004237428699998802
"[0, 0, 1, 0, 0]",[],2088.0,2088.0,0.0004746660000000038
"[0, 0, 0, 1, 0]",[],6243.01,6243.01,0.0016614907000000335
"[0, 0, 0, 0, 1]",[],1656.0,1656.0,0.0004242840000000033
"[1, 1, 1, 1, 1]",[],24973.0,66070.938,0.0069789964999973425
"[2, 2, 0, 2, 0]",[],49745.928,266278.876,0.013380439000009813
"[0, 0, 2, 0, 2]",[],7746.0,27313.0,0.0018397500000000852
"[1, 0, 0, 0, 0]",[],3575.928,3575.928,0.0009494930999999151
"[0, 1, 0, 0, 0]",[],15988.0,15988.0,0.004237428699998802
"[0, 0, 1, 0, 0]",[],2088.0,2088.0,0.0004746660000000038
"[0, 0, 0, 1, 0]",[],6243.01,6243.01,0.0016614907000000335
"[0, 0, 0, 0, 1]",[],1656.0,1656.0,0.0004242840000000033
"[1, 1, 1, 1, 1]",[],25165.0,52778.938,0.007010802499997316
"[2, 2, 0, 2, 0]",[],49103.0,160351.876,0.01327330300000989
"[0, 0, 2, 0, 2]",[],9090.0,33560.0,0.0020657400000000407
"[1, 0, 0, 0, 0]",[],3575.928,3575.928,0.0009494930999999151
"[0, 1, 0, 0, 0]",[],15988.0,15988.0,0.004237428699998802
"[0, 0, 1, 0, 0]",[],2088.0,2088.0,0.0004746660000000038
"[0, 0, 0, 1, 0]",[],6243.01,6243.01,0.0016614907000000335
"[0, 0, 0, 0, 1]",[],1656.0,1656.0,0.0004242840000000033
"[1, 1, 1, 1, 1]",[],24949.0,61493.937999999995,0.00697397449999735
"[2, 2, 0, 2, 0]",[],49118.0,252542.87600000002,0.013274977000009356
"[0, 0, 2, 0, 2]",[],7874.0,28142.0,0.00186151200000009
"[1, 0, 0, 0, 0]",[],3575.928,3575.928,0.0009494930999999151
"[0, 1, 0, 0, 0]",[],15988.0,15988.0,0.004237428699998802
"[0, 0, 1, 0, 0]",[],2088.0,2088.0,0.0004746660000000038
"[0, 0, 0, 1, 0]",[],6253.01,6253.01,0.0016631647000000338
"[0, 0, 0, 0, 1]",[],1656.0,1656.0,0.0004242840000000033
"[1, 1, 1, 1, 1]",[],24949.0,61562.937999999995,0.006973974499997344
"[2, 2, 0, 2, 0]",[],49222.01,231535.87600000002,0.013293391000009442
"[0, 0, 2, 0, 2]",[],7302.0,23329.0,0.0017660940000000644
"[1, 0, 0, 0, 0]",[],3632.928,3632.928,0.0009595371000000097
"[0, 1, 0, 0, 0]",[],16176.0,16176.0,0.004269234699999158
"[0, 0, 1, 0, 0]",[],2856.0,2856.0,0.0006035640000000037
"[0, 0, 0, 1, 0]",[],6308.01,6308.01,0.001671534699999793
"[0, 0, 0, 0, 1]",[],4036.0,4036.0,0.000822696000000004
"[1, 1, 1, 1, 1]",[],25105.0,74152.938,0.007000758499998589
"[2, 2, 0, 2, 0]",[],50125.928,258706.876,0.01344405100000792
"[0, 0, 2, 0, 2]",[],14904.0,57683.0,0.0030383339999992378
"[1, 0, 0, 0, 0]",[],3632.928,3632.928,0.0009595371000000098
"[0, 1, 0, 0, 0]",[],16176.0,16176.0,0.004269234699999158
"[0, 0, 1, 0, 0]",[],2808.0,2808.0,0.0005951940000000035
"[0, 0, 0, 1, 0]",[],6335.01,6335.01,0.0016765566999997906
"[0, 0, 0, 0, 1]",[],6568.0,6568.0,0.0012462179999998973
"[1, 1, 1, 1, 1]",[],26955.0,89006.938,0.00731044849999845
"[2, 2, 0, 2, 0]",[],50102.928,268163.876,0.013440703000007923
"[0, 0, 2, 0, 2]",[],28984.0,112345.0,0.005395325999998197
"[1, 0, 0, 0, 0]",[],3633.928,3633.928,0.0009595371000000097
"[0, 1, 0, 0, 0]",[],16176.0,16176.0,0.004269234699999158
"[0, 0, 1, 0, 0]",[],2867.0,2867.0,0.0006052380000000037
"[0, 0, 0, 1, 0]",[],6392.01,6392.01,0.0016866006999997866
"[0, 0, 0, 0, 1]",[],5904.0,5904.0,0.0011357339999999428
"[1, 1, 1, 1, 1]",[],31314.0,83243.938,0.008040312499998604
"[2, 2, 0, 2, 0]",[],49431.0,161783.876,0.01332854500000794
"[0, 0, 2, 0, 2]",[],27459.0,103528.0,0.005139203999998318
"[1, 0, 0, 0, 0]",[],3632.928,3632.928,0.0009595371000000098
"[0, 1, 0, 0, 0]",[],16176.0,16176.0,0.004269234699999158
"[0, 0, 1, 0, 0]",[],2808.0,2808.0,0.0005951940000000035
"[0, 0, 0, 1, 0]",[],6335.01,6335.01,0.0016765566999997906
"[0, 0, 0, 0, 1]",[],6568.0,6568.0,0.0012462179999998973
"[1, 1, 1, 1, 1]",[],26915.0,88802.938,0.007303752499998457
"[2, 2, 0, 2, 0]",[],49419.0,254128.87600000002,0.013325197000007538
"[0, 0, 2, 0, 2]",[],28624.0,110925.0,0.0053350619999982234
"[1, 0, 0, 0, 0]",[],3633.928,3633.928,0.0009595371000000097
"[0, 1, 0, 0, 0]",[],16176.0,16176.0,0.004269234699999158
"[0, 0, 1, 0, 0]",[],3216.0,3216.0,0.0006638280000000038
"[0, 0, 0, 1, 0]",[],6323.01,6323.01,0.0016748826999997916
"[0, 0, 0, 0, 1]",[],4280.0,4280.0,0.0008645460000000041
"[1, 1, 1, 1, 1]",[],25021.0,69395.938,0.006987366499998601
"[2, 2, 0, 2, 0]",[],49663.01,232404.87600000002,0.013367047000007685
"[0, 0, 2, 0, 2]",[],15004.0,36748.0,0.0030550739999992294
"[1, 0, 0, 0, 0]",[],3003.928,3003.928,0.0008540750999999162
"[0, 1, 0, 0, 0]",[],16176.0,16176.0,0.004269234699999849
"[0, 0, 1, 0, 0]",[],2664.0,2664.0,0.0005717579999999739
"[0, 0, 0, 1, 0]",[],4075.01,4075.01,0.0012982326999997984
"[0, 0, 0, 0, 1]",[],2341.0,2341.0,0.0005397899999999867
"[1, 1, 1, 1, 1]",[],17604.0,37915.938,0.0057452585000031895
"[2, 2, 0, 2, 0]",[],25326.0,112661.87599999999,0.009292531000001764
"[0, 0, 2, 0, 2]",[],7895.0,29920.0,0.0018648599999995577
"[1, 0, 0, 0, 0]",[],3003.928,3003.928,0.0008540750999999162
"[0, 1, 0, 0, 0]",[],16176.0,16176.0,0.004269234699999849
"[0, 0, 1, 0, 0]",[],2664.0,2664.0,0.0005717579999999739
"[0, 0, 0, 1, 0]",[],4075.01,4075.01,0.0012982326999997984
"[0, 0, 0, 0, 1]",[],2308.0,2308.0,0.0005330939999999893
"[1, 1, 1, 1, 1]",[],19222.0,40968.938,0.006016446500003682
"[2, 2, 0, 2, 0]",[],25523.0,120188.87599999999,0.009326011000001707
"[0, 0, 2, 0, 2]",[],13856.0,53254.0,0.002862563999999122
"[1, 0, 0, 0, 0]",[],3003.928,3003.928,0.0008540750999999162
"[0, 1, 0, 0, 0]",[],16176.0,16176.0,0.004269234699999849
"[0, 0, 1, 0, 0]",[],2664.0,2664.0,0.0005717579999999739
"[0, 0, 0, 1, 0]",[],4075.01,4075.01,0.0012982326999997984
"[0, 0, 0, 0, 1]",[],2206.0,2206.0,0.0005163539999999951
"[1, 1, 1, 1, 1]",[],19314.0,40464.938,0.006031512500003714
"[2, 2, 0, 2, 0]",[],26319.0,89602.876,0.00945825700000131
"[0, 0, 2, 0, 2]",[],14265.0,55061.0,0.0029311979999991017
"[1, 0, 0, 0, 0]",[],3003.928,3003.928,0.0008540750999999162
"[0, 1, 0, 0, 0]",[],16176.0,16176.0,0.004269234699999849
"[0, 0, 1, 0, 0]",[],2664.0,2664.0,0.0005717579999999739
"[0, 0, 0, 1, 0]",[],4075.01,4075.01,0.0012982326999997984
"[0, 0, 0, 0, 1]",[],2308.0,2308.0,0.0005330939999999893
"[1, 1, 1, 1, 1]",[],17662.0,39520.938,0.005755302500003207
"[2, 2, 0, 2, 0]",[],25534.0,114071.87599999999,0.009327685000001702
"[0, 0, 2, 0, 2]",[],13034.0,50055.0,0.0027252959999991815
"[1, 0, 0, 0, 0]",[],3003.928,3003.928,0.0008540750999999162
"[0, 1, 0, 0, 0]",[],16176.0,16176.0,0.004269234699999849
"[0, 0, 1, 0, 0]",[],2664.0,2664.0,0.0005717579999999739
"[0, 0, 0, 1, 0]",[],4075.01,4075.01,0.0012982326999997984
"[0, 0, 0, 0, 1]",[],2688.0,2688.0,0.0005967059999999664
"[1, 1, 1, 1, 1]",[],18559.0,37200.938,0.0059042885000034715
"[2, 2, 0, 2, 0]",[],25488.0,107390.87599999999,0.009319315000001637
"[0, 0, 2, 0, 2]",[],8738.0,22826.0,0.002005475999999496
"[1, 0, 0, 0, 0]",[],3003.928,3003.928,0.0008540751000000091
"[0, 1, 0, 0, 0]",[],16176.0,16176.0,0.004269234700000015
"[0, 0, 1, 0, 0]",[],2664.0,2664.0,0.0005717580000000036
"[0, 0, 0, 1, 0]",[],2552.01,2552.01,0.001043784699999951
"[0, 0, 0, 0, 1]",[],1987.0,1987.0,0.0004795260000000039
"[1, 1, 1, 1, 1]",[],17641.0,32565.938000000002,0.0057519544999965104
"[2, 2, 0, 2, 0]",[],21027.0,70991.876,0.008572710999991993
"[0, 0, 2, 0, 2]",[],6310.0,22893.0,0.0016003679999994458
"[1, 0, 0, 0, 0]",[],3003.928,3003.928,0.0008540751000000091
"[0, 1, 0, 0, 0]",[],16176.0,16176.0,0.004269234700000015
"[0, 0, 1, 0, 0]",[],2664.0,2664.0,0.0005717580000000036
"[0, 0, 0, 1, 0]",[],2552.01,2552.01,0.001043784699999951
"[0, 0, 0, 0, 1]",[],1992.0,1992.0,0.00048120000000000394
"[1, 1, 1, 1, 1]",[],17167.0,32669.938000000002,0.005671602499996687
"[2, 2, 0, 2, 0]",[],20350.0,74706.876,0.008460552999992436
"[0, 0, 2, 0, 2]",[],8289.0,29516.0,0.0019301459999990596
"[1, 0, 0, 0, 0]",[],3003.928,3003.928,0.0008540751000000091
"[0, 1, 0, 0, 0]",[],16176.0,16176.0,0.004269234700000015
"[0, 0, 1, 0, 0]",[],2664.0,2664.0,0.0005717580000000036
"[0, 0, 0, 1, 0]",[],2552.01,2552.01,0.001043784699999951
"[0, 0, 0, 0, 1]",[],2192.0,2192.0,0.000514680000000004
"[1, 1, 1, 1, 1]",[],17131.0,33232.938,0.0056665804999966604
"[2, 2, 0, 2, 0]",[],21750.0,66429.876,0.00869491299999133
"[0, 0, 2, 0, 2]",[],10611.0,38620.0,0.002320187999999304
"[1, 0, 0, 0, 0]",[],3003.928,3003.928,0.0008540751000000091
"[0, 1, 0, 0, 0]",[],16176.0,16176.0,0.004269234700000015
"[0, 0, 1, 0, 0]",[],2664.0,2664.0,0.0005717580000000036
"[0, 0, 0, 1, 0]",[],2552.01,2552.01,0.001043784699999951
"[0, 0, 0, 0, 1]",[],1824.0,1824.0,0.00045274200000000364
"[1, 1, 1, 1, 1]",[],17593.0,33242.938,0.005743584499996538
"[2, 2, 0, 2, 0]",[],20421.0,69525.876,0.008472270999992343
"[0, 0, 2, 0, 2]",[],8623.0,32244.0,0.0019870619999990714
"[1, 0, 0, 0, 0]",[],3003.928,3003.928,0.0008540751000000091
"[0, 1, 0, 0, 0]",[],16176.0,16176.0,0.004269234700000015
"[0, 0, 1, 0, 0]",[],2664.0,2664.0,0.0005717580000000036
"[0, 0, 0, 1, 0]",[],2552.01,2552.01,0.001043784699999951
"[0, 0, 0, 0, 1]",[],1931.0,1931.0,0.00047115600000000393
"[1, 1, 1, 1, 1]",[],17133.0,32942.938,0.005666580499996696
"[2, 2, 0, 2, 0]",[],20374.0,64044.876000000004,0.00846390099999241
"[0, 0, 2, 0, 2]",[],6904.0,20576.0,0.0016991339999993232
"[1, 0, 0, 0, 0]",[],3632.928,3632.928,0.0009595370999999121
"[0, 1, 0, 0, 0]",[],16176.0,16176.0,0.004269234699998776
"[0, 0, 1, 0, 0]",[],2856.0,2856.0,0.0006035639999999741
"[0, 0, 0, 1, 0]",[],6308.01,6308.01,0.0016715347000000348
"[0, 0, 0, 0, 1]",[],4036.0,4036.0,0.0008226959999999148
"[1, 1, 1, 1, 1]",[],25105.0,74152.938,0.007000758499997309
"[2, 2, 0, 2, 0]",[],50125.928,258706.876,0.01344405100001001
"[0, 0, 2, 0, 2]",[],14904.0,57683.0,0.003038333999999269
"[1, 0, 0, 0, 0]",[],3632.928,3632.928,0.0009595370999999122
"[0, 1, 0, 0, 0]",[],16176.0,16176.0,0.004269234699998776
"[0, 0, 1, 0, 0]",[],2808.0,2808.0,0.0005951939999999766
"[0, 0, 0, 1, 0]",[],6335.01,6335.01,0.0016765567000000363
"[0, 0, 0, 0, 1]",[],6568.0,6568.0,0.001246217999999943
"[1, 1, 1, 1, 1]",[],26955.0,89006.938,0.00731044849999706
"[2, 2, 0, 2, 0]",[],50102.928,268163.876,0.01344070300001001
"[0, 0, 2, 0, 2]",[],28984.0,112345.0,0.00539532599999713
"[1, 0, 0, 0, 0]",[],3633.928,3633.928,0.0009595370999999121
"[0, 1, 0, 0, 0]",[],16176.0,16176.0,0.004269234699998776
"[0, 0, 1, 0, 0]",[],2867.0,2867.0,0.0006052379999999737
"[0, 0, 0, 1, 0]",[],6392.01,6392.01,0.00168660070000004
"[0, 0, 0, 0, 1]",[],5904.0,5904.0,0.0011357339999999109
"[1, 1, 1, 1, 1]",[],31314.0,83243.938,0.008040312499997154
"[2, 2, 0, 2, 0]",[],49431.0,161783.876,0.013328545000010053
"[0, 0, 2, 0, 2]",[],27459.0,103528.0,0.005139203999997383
"[1, 0, 0, 0, 0]",[],3632.928,3632.928,0.0009595370999999122
"[0, 1, 0, 0, 0]",[],16176.0,16176.0,0.004269234699998776
"[0, 0, 1, 0, 0]",[],2808.0,2808.0,0.0005951939999999766
"[0, 0, 0, 1, 0]",[],6335.01,6335.01,0.0016765567000000363
"[0, 0, 0, 0, 1]",[],6568.0,6568.0,0.001246217999999943
"[1, 1, 1, 1, 1]",[],26915.0,88802.938,0.00730375249999707
"[2, 2, 0, 2, 0]",[],49419.0,254128.87600000002,0.013325197000009505
"[0, 0, 2, 0, 2]",[],28624.0,110925.0,0.005335061999997186
"[1, 0, 0, 0, 0]",[],3633.928,3633.928,0.0009595370999999121
"[0, 1, 0, 0, 0]",[],16176.0,16176.0,0.004269234699998776
"[0, 0, 1, 0, 0]",[],3216.0,3216.0,0.0006638279999999576
"[0, 0, 0, 1, 0]",[],6323.01,6323.01,0.001674882700000036
"[0, 0, 0, 0, 1]",[],4280.0,4280.0,0.000864545999999903
"[1, 1, 1, 1, 1]",[],25021.0,69395.938,0.006987366499997329
"[2, 2, 0, 2, 0]",[],49663.01,232404.87600000002,0.013367047000009695
"[0, 0, 2, 0, 2]",[],15004.0,36748.0,0.003055073999999262
"[1, 0, 0, 0, 0]",[],3632.928,3632.928,0.0009595370999999121
"[0, 1, 0, 0, 0]",[],16176.0,16176.0,0.004269234699998776
"[0, 0, 1, 0, 0]",[],2856.0,2856.0,0.0006035639999999741
"[0, 0, 0, 1, 0]",[],6308.01,6308.01,0.0016715347000000348
"[0, 0, 0, 0, 1]",[],4036.0,4036.0,0.0008226959999999148
"[1, 1, 1, 1, 1]",[],25105.0,74152.938,0.007000758499997309
"[2, 2, 0, 2, 0]",[],50125.928,258706.876,0.01344405100001001
"[0, 0, 2, 0, 2]",[],14904.0,57683.0,0.003038333999999269
"[1, 0, 0, 0, 0]",[],3632.928,3632.928,0.0009595370999999122
"[0, 1, 0, 0, 0]",[],16176.0,16176.0,0.004269234699998776
"[0, 0, 1, 0, 0]",[],2808.0,2808.0,0.0005951939999999766
"[0, 0, 0, 1, 0]",[],6335.01,6335.01,0.0016765567000000363
"[0, 0, 0, 0, 1]",[],6568.0,6568.0,0.001246217999999943
"[1, 1, 1, 1, 1]",[],26955.0,89006.938,0.00731044849999706
"[2, 2, 0, 2, 0]",[],50102.928,268163.876,0.01344070300001001
"[0, 0, 2, 0, 2]",[],28984.0,112345.0,0.00539532599999713
"[1, 0, 0, 0, 0]",[],3633.928,3633.928,0.0009595370999999121
"[0, 1, 0, 0, 0]",[],16176.0,16176.0,0.004269234699998776
"[0, 0, 1, 0, 0]",[],2867.0,2867.0,0.0006052379999999737
"[0, 0, 0, 1, 0]",[],6392.01,6392.01,0.00168660070000004
"[0, 0, 0, 0, 1]",[],5904.0,5904.0,0.0011357339999999109
"[1, 1, 1, 1, 1]",[],31314.0,83243.938,0.008040312499997154
"[2, 2, 0, 2, 0]",[],49431.0,161783.876,0.013328545000010053
"[0, 0, 2, 0, 2]",[],27459.0,103528.0,0.005139203999997383
"[1, 0, 0, 0, 0]",[],3632.928,3632.928,0.0009595370999999122
"[0, 1, 0, 0, 0]",[],16176.0,16176.0,0.004269234699998776
"[0, 0, 1, 0, 0]",[],2808.0,2808.0,0.0005951939999999766
"[0, 0, 0, 1, 0]",[],6335.01,6335.01,0.0016765567000000363
"[0, 0, 0, 0, 1]",[],6568.0,6568.0,0.001246217999999943
"[1, 1, 1, 1, 1]",[],26915.0,88802.938,0.00730375249999707
"[2, 2, 0, 2, 0]",[],49419.0,254128.87600000002,0.013325197000009505
"[0, 0, 2, 0, 2]",[],28624.0,110925.0,0.005335061999997186
"[1, 0, 0, 0, 0]",[],3633.928,3633.928,0.0009595370999999121
"[0, 1, 0, 0, 0]",[],16176.0,16176.0,0.004269234699998776
"[0, 0, 1, 0, 0]",[],3216.0,3216.0,0.0006638279999999576
"[0, 0, 0, 1, 0]",[],6323.01,6323.01,0.001674882700000036
"[0, 0, 0, 0, 1]",[],4280.0,4280.0,0.000864545999999903
"[1, 1, 1, 1, 1]",[],25021.0,69395.938,0.006987366499997329
"[2, 2, 0, 2, 0]",[],49663.01,232404.87600000002,0.013367047000009695
"[0, 0, 2, 0, 2]",[],15004.0,36748.0,0.003055073999999262
"[1, 0, 0, 0, 0]",[],3016.928,3016.928,0.0008557490999999421
"[0, 1, 0, 0, 0]",[],16176.0,16176.0,0.004269234699998776
"[0, 0, 1, 0, 0]",[],2856.0,2856.0,0.0006035639999999741
"[0, 0, 0, 1, 0]",[],2657.01,2657.01,0.0010605246999999746
"[0, 0, 0, 0, 1]",[],4036.0,4036.0,0.0008226959999999148
"[1, 1, 1, 1, 1]",[],16931.0,47682.938,0.005633100499998396
"[2, 2, 0, 2, 0]",[],19424.0,61212.876000000004,0.008304870999999318
"[0, 0, 2, 0, 2]",[],14904.0,57683.0,0.003038333999999269
"[1, 0, 0, 0, 0]",[],3016.928,3016.928,0.0008557490999999422
"[0, 1, 0, 0, 0]",[],16176.0,16176.0,0.004269234699998776
"[0, 0, 1, 0, 0]",[],2808.0,2808.0,0.0005951939999999766
"[0, 0, 0, 1, 0]",[],2611.01,2611.01,0.0010538286999999722
"[0, 0, 0, 0, 1]",[],6568.0,6568.0,0.001246217999999943
"[1, 1, 1, 1, 1]",[],22269.0,74778.938,0.006525342499997619
"[2, 2, 0, 2, 0]",[],19282.0,64075.876000000004,0.008281434999998926
"[0, 0, 2, 0, 2]",[],28984.0,112345.0,0.00539532599999713
"[1, 0, 0, 0, 0]",[],3017.928,3017.928,0.0008557490999999419
"[0, 1, 0, 0, 0]",[],16176.0,16176.0,0.004269234699998776
"[0, 0, 1, 0, 0]",[],2867.0,2867.0,0.0006052379999999737
"[0, 0, 0, 1, 0]",[],2641.01,2641.01,0.0010588506999999739
"[0, 0, 0, 0, 1]",[],5904.0,5904.0,0.0011357339999999109
"[1, 1, 1, 1, 1]",[],26747.0,75650.938,0.007275294499997315
"[2, 2, 0, 2, 0]",[],19588.0,61286.876000000004,0.008331654999999041
"[0, 0, 2, 0, 2]",[],27459.0,103528.0,0.005139203999997383
"[1, 0, 0, 0, 0]",[],3016.928,3016.928,0.0008557490999999422
"[0, 1, 0, 0, 0]",[],16176.0,16176.0,0.004269234699998776
"[0, 0, 1, 0, 0]",[],2808.0,2808.0,0.0005951939999999766
"[0, 0, 0, 1, 0]",[],2611.01,2611.01,0.0010538286999999722
"[0, 0, 0, 0, 1]",[],6568.0,6568.0,0.001246217999999943
"[1, 1, 1, 1, 1]",[],22316.0,75013.938,0.0065337124999976124
"[2, 2, 0, 2, 0]",[],19282.0,59500.876000000004,0.008281434999999303
"[0, 0, 2, 0, 2]",[],28624.0,110925.0,0.005335061999997186
"[1, 0, 0, 0, 0]",[],3017.928,3017.928,0.0008557490999999419
"[0, 1, 0, 0, 0]",[],16176.0,16176.0,0.004269234699998776
"[0, 0, 1, 0, 0]",[],3216.0,3216.0,0.0006638279999999576
"[0, 0, 0, 1, 0]",[],2641.01,2641.01,0.0010588506999999732
"[0, 0, 0, 0, 1]",[],4280.0,4280.0,0.000864545999999903
"[1, 1, 1, 1, 1]",[],18970.0,45238.938,0.005974596499998052
"[2, 2, 0, 2, 0]",[],19282.0,59709.876000000004,0.008281434999999268
"[0, 0, 2, 0, 2]",[],15004.0,36748.0,0.003055073999999262
"[1, 0, 0, 0, 0]",[],3632.928,3632.928,0.0009595370999999121
"[0, 1, 0, 0, 0]",[],16176.0,16176.0,0.004269234699998776
"[0, 0, 1, 0, 0]",[],2856.0,2856.0,0.0006035639999999741
"[0, 0, 0, 1, 0]",[],6308.01,6308.01,0.0016715347000000348
"[0, 0, 0, 0, 1]",[],4036.0,4036.0,0.0008226959999999148
"[1, 1, 1, 1, 1]",[],25105.0,74152.938,0.007000758499997309
"[2, 2, 0, 2, 0]",[],50125.928,258706.876,0.01344405100001001
"[0, 0, 2, 0, 2]",[],14904.0,57683.0,0.003038333999999269
"[1, 0, 0, 0, 0]",[],3632.928,3632.928,0.0009595370999999122
"[0, 1, 0, 0, 0]",[],16176.0,16176.0,0.004269234699998776
"[0, 0, 1, 0, 0]",[],2808.0,2808.0,0.0005951939999999766
"[0, 0, 0, 1, 0]",[],6335.01,6335.01,0.0016765567000000363
"[0, 0, 0, 0, 1]",[],6568.0,6568.0,0.001246217999999943
"[1, 1, 1, 1, 1]",[],26955.0,89006.938,0.00731044849999706
"[2, 2, 0, 2, 0]",[],50102.928,268163.876,0.01344070300001001
"[0, 0, 2, 0, 2]",[],28984.0,112345.0,0.00539532599999713
"[1, 0, 0, 0, 0]",[],3633.928,3633.928,0.0009595370999999121
"[0, 1, 0, 0, 0]",[],16176.0,16176.0,0.004269234699998776
"[0, 0, 1, 0, 0]",[],2867.0,2867.0,0.0006052379999999737
"[0, 0, 0, 1, 0]",[],6392.01,6392.01,0.00168660070000004
"[0, 0, 0, 0, 1]",[],5904.0,5904.0,0.0011357339999999109
"[1, 1, 1, 1, 1]",[],31314.0,83243.938,0.008040312499997154
"[2, 2, 0, 2, 0]",[],49431.0,161783.876,0.013328545000010053
"[0, 0, 2, 0, 2]",[],27459.0,103528.0,0.005139203999997383
"[1, 0, 0, 0, 0]",[],3632.928,3632.928,0.0009595370999999122
"[0, 1, 0, 0, 0]",[],16176.0,16176.0,0.004269234699998776
"[0, 0, 1, 0, 0]",[],2808.0,2808.0,0.0005951939999999766
"[0, 0, 0, 1, 0]",[],6335.01,6335.01,0.0016765567000000363
"[0, 0, 0, 0, 1]",[],6568.0,6568.0,0.001246217999999943
"[1, 1, 1, 1, 1]",[],26915.0,88802.938,0.00730375249999707
"[2, 2, 0, 2, 0]",[],49419.0,254128.87600000002,0.013325197000009505
"[0, 0, 2, 0, 2]",[],28624.0,110925.0,0.005335061999997186
"[1, 0, 0, 0, 0]",[],3633.928,3633.928,0.0009595370999999121
"[0, 1, 0, 0, 0]",[],16176.0,16176.0,0.004269234699998776
"[0, 0, 1, 0, 0]",[],3216.0,3216.0,0.0006638279999999576
"[0, 0, 0, 1, 0]",[],6323.01,6323.01,0.001674882700000036
"[0, 0, 0, 0, 1]",[],4280.0,4280.0,0.000864545999999903
"[1, 1, 1, 1, 1]",[],25021.0,69395.938,0.006987366499997329
"[2, 2, 0, 2, 0]",[],49663.01,232404.87600000002,0.013367047000009695
"[0, 0, 2, 0, 2]",[],15004.0,36748.0,0.003055073999999262
"[1, 0, 0, 0, 0]",[],3632.928,3632.928,0.0009595370999999121
"[0, 1, 0, 0, 0]",[],16176.0,16176.0,0.004269234699998776
"[0, 0, 1, 0, 0]",[],2856.0,2856.0,0.0006035639999999741
"[0, 0, 0, 1, 0]",[],6308.01,6308.01,0.0016715347000000348
"[0, 0, 0, 0, 1]",[],4036.0,4036.0,0.0008226959999999148
"[1, 1, 1, 1, 1]",[],25105.0,74152.938,0.007000758499997309
"[2, 2, 0, 2, 0]",[],50125.928,258706.876,0.01344405100001001
"[0, 0, 2, 0, 2]",[],14904.0,57683.0,0.003038333999999269
"[1, 0, 0, 0, 0]",[],3632.928,3632.928,0.0009595370999999122
"[0, 1, 0, 0, 0]",[],16176.0,16176.0,0.004269234699998776
"[0, 0, 1, 0, 0]",[],2808.0,2808.0,0.0005951939999999766
"[0, 0, 0, 1, 0]",[],6335.01,6335.01,0.0016765567000000363
"[0, 0, 0, 0, 1]",[],6568.0,6568.0,0.001246217999999943
"[1, 1, 1, 1, 1]",[],26955.0,89006.938,0.00731044849999706
"[2, 2, 0, 2, 0]",[],50102.928,268163.876,0.01344070300001001
"[0, 0, 2, 0, 2]",[],28984.0,112345.0,0.00539532599999713
"[1, 0, 0, 0, 0]",[],3633.928,3633.928,0.0009595370999999121
"[0, 1, 0, 0, 0]",[],16176.0,16176.0,0.004269234699998776
"[0, 0, 1, 0, 0]",[],2867.0,2867.0,0.0006052379999999737
"[0, 0, 0, 1, 0]",[],6392.01,6392.01,0.00168660070000004
"[0, 0, 0, 0, 1]",[],5904.0,5904.0,0.0011357339999999109
"[1, 1, 1, 1, 1]",[],31314.0,83243.938,0.008040312499997154
"[2, 2, 0, 2, 0]",[],49431.0,161783.876,0.013328545000010053
"[0, 0, 2, 0, 2]",[],27459.0,103528.0,0.005139203999997383
"[1, 0, 0, 0, 0]",[],3632.928,3632.928,0.0009595370999999122
"[0, 1, 0, 0, 0]",[],16176.0,16176.0,0.004269234699998776
"[0, 0, 1, 0, 0]",[],2808.0,2808.0,0.0005951939999999766
"[0, 0, 0, 1, 0]",[],6335.01,6335.01,0.0016765567000000363
"[0, 0, 0, 0, 1]",[],6568.0,6568.0,0.001246217999999943
"[1, 1, 1, 1, 1]",[],26915.0,88802.938,0.00730375249999707
"[2, 2, 0, 2, 0]",[],49419.0,254128.87600000002,0.013325197000009505
"[0, 0, 2, 0, 2]",[],28624.0,110925.0,0.005335061999997186
"[1, 0, 0, 0, 0]",[],3633.928,3633.928,0.0009595370999999121
"[0, 1, 0, 0, 0]",[],16176.0,16176.0,0.004269234699998776
"[0, 0, 1, 0, 0]",[],3216.0,3216.0,0.0006638279999999576
"[0, 0, 0, 1, 0]",[],6323.01,6323.01,0.001674882700000036
"[0, 0, 0, 0, 1]",[],4280.0,4280.0,0.000864545999999903
"[1, 1, 1, 1, 1]",[],25021.0,69395.938,0.006987366499997329
"[2, 2, 0, 2, 0]",[],49663.01,232404.87600000002,0.013367047000009695
"[0, 0, 2, 0, 2]",[],15004.0,36748.0,0.003055073999999262
"[1, 0, 0, 0, 0]",[],3632.928,3632.928,0.0009595370999999121
"[0, 1, 0, 0, 0]",[],16176.0,16176.0,0.004269234699998776
"[0, 0, 1, 0, 0]",[],2856.0,2856.0,0.0006035639999999741
"[0, 0, 0, 1, 0]",[],6308.01,6308.01,0.0016715347000000348
"[0, 0, 0, 0, 1]",[],4036.0,4036.0,0.0008226959999999148
"[1, 1, 1, 1, 1]",[],25105.0,74152.938,0.007000758499997309
"[2, 2, 0, 2, 0]",[],50125.928,258706.876,0.01344405100001001
"[0, 0, 2, 0, 2]",[],14904.0,57683.0,0.003038333999999269
"[1, 0, 0, 0, 0]",[],3632.928,3632.928,0.0009595370999999122
"[0, 1, 0, 0, 0]",[],16176.0,16176.0,0.004269234699998776
"[0, 0, 1, 0, 0]",[],2808.0,2808.0,0.0005951939999999766
"[0, 0, 0, 1, 0]",[],6335.01,6335.01,0.0016765567000000363
"[0, 0, 0, 0, 1]",[],6568.0,6568.0,0.001246217999999943
"[1, 1, 1, 1, 1]",[],26955.0,89006.938,0.00731044849999706
"[2, 2, 0, 2, 0]",[],50102.928,268163.876,0.01344070300001001
"[0, 0, 2, 0, 2]",[],28984.0,112345.0,0.00539532599999713
"[1, 0, 0, 0, 0]",[],3633.928,3633.928,0.0009595370999999121
"[0, 1, 0, 0, 0]",[],16176.0,16176.0,0.004269234699998776
"[0, 0, 1, 0, 0]",[],2867.0,2867.0,0.0006052379999999737
"[0, 0, 0, 1, 0]",[],6392.01,6392.01,0.00168660070000004
"[0, 0, 0, 0, 1]",[],5904.0,5904.0,0.0011357339999999109
"[1, 1, 1, 1, 1]",[],31314.0,83243.938,0.008040312499997154
"[2, 2, 0, 2, 0]",[],49431.0,161783.876,0.013328545000010053
"[0, 0, 2, 0, 2]",[],27459.0,103528.0,0.005139203999997383
"[1, 0, 0, 0, 0]",[],3632.928,3632.928,0.0009595370999999122
"[0, 1, 0, 0, 0]",[],16176.0,16176.0,0.004269234699998776
"[0, 0, 1, 0, 0]",[],2808.0,2808.0,0.0005951939999999766
"[0, 0, 0, 1, 0]",[],6335.01,6335.01,0.0016765567000000363
"[0, 0, 0, 0, 1]",[],6568.0,6568.0,0.001246217999999943
"[1, 1, 1, 1, 1]",[],26915.0,88802.938,0.00730375249999707
"[2, 2, 0, 2, 0]",[],49419.0,254128.87600000002,0.013325197000009505
"[0, 0, 2, 0, 2]",[],28624.0,110925.0,0.005335061999997186
"[1, 0, 0, 0, 0]",[],3633.928,3633.928,0.0009595370999999121
"[0, 1, 0, 0, 0]",[],16176.0,16176.0,0.004269234699998776
"[0, 0, 1, 0, 0]",[],3216.0,3216.0,0.0006638279999999576
"[0, 0, 0, 1, 0]",[],6323.01,6323.01,0.001674882700000036
"[0, 0, 0, 0, 1]",[],4280.0,4280.0,0.000864545999999903
"[1, 1, 1, 1, 1]",[],25021.0,69395.938,0.006987366499997329
"[2, 2, 0, 2, 0]",[],49663.01,232404.87600000002,0.013367047000009695
"[0, 0, 2, 0, 2]",[],15004.0,36748.0,0.003055073999999262
"[1, 0, 0, 0, 0]",[],3619.928,3619.928,0.0009561890999999131
"[0, 1, 0, 0, 0]",[],16176.0,16176.0,0.004269234699998776
"[0, 0, 1, 0, 0]",[],2664.0,2664.0,0.0005717579999999823
"[0, 0, 0, 1, 0]",[],6323.01,6323.01,0.001674882700000036
"[0, 0, 0, 0, 1]",[],1664.0,1664.0,0.00042595800000000324
"[1, 1, 1, 1, 1]",[],25081.0,69167.938,0.006997410499997325
"[2, 2, 0, 2, 0]",[],50089.928,258725.876,0.013437355000009985
"[0, 0, 2, 0, 2]",[],6221.0,23037.0,0.0015853020000000254
"[1, 0, 0, 0, 0]",[],3619.928,3619.928,0.0009561890999999131
"[0, 1, 0, 0, 0]",[],16176.0,16176.0,0.004269234699998776
"[0, 0, 1, 0, 0]",[],2664.0,2664.0,0.0005717579999999823
"[0, 0, 0, 1, 0]",[],6323.01,6323.01,0.001674882700000036
"[0, 0, 0, 0, 1]",[],1664.0,1664.0,0.00042595800000000324
"[1, 1, 1, 1, 1]",[],25058.0,72171.938,0.0069923884999973296
"[2, 2, 0, 2, 0]",[],50089.928,268091.876,0.013437355000009995
"[0, 0, 2, 0, 2]",[],8070.0,30887.0,0.001894992000000098
"[1, 0, 0, 0, 0]",[],3619.928,3619.928,0.0009561890999999131
"[0, 1, 0, 0, 0]",[],16176.0,16176.0,0.004269234699998776
"[0, 0, 1, 0, 0]",[],2664.0,2664.0,0.0005717579999999823
"[0, 0, 0, 1, 0]",[],6323.01,6323.01,0.001674882700000036
"[0, 0, 0, 0, 1]",[],1664.0,1664.0,0.00042595800000000324
"[2, 2, 0, 2, 0]",[],49431.0,161632.876,0.013328545000010052
"[0, 0, 2, 0, 2]",[],9702.0,35681.0,0.0021678539999999643
"[1, 0, 0, 0, 0]",[],3619.928,3619.928,0.0009561890999999131
"[0, 1, 0, 0, 0]",[],16176.0,16176.0,0.004269234699998776
"[0, 0, 1, 0, 0]",[],2664.0,2664.0,0.0005717579999999823
"[0, 0, 0, 1, 0]",[],6323.01,6323.01,0.001674882700000036
"[0, 0, 0, 0, 1]",[],1664.0,1664.0,0.00042595800000000324
"[1, 1, 1, 1, 1]",[],24974.0,66872.938,0.00697899649999734
"[2, 2, 0, 2, 0]",[],49454.0,254328.87600000002,0.013331893000009531
"[0, 0, 2, 0, 2]",[],7945.0,29272.0,0.001873230000000099
"[1, 0, 0, 0, 0]",[],3619.928,3619.928,0.0009561890999999131
"[0, 1, 0, 0, 0]",[],16176.0,16176.0,0.004269234699998776
"[0, 0, 1, 0, 0]",[],2664.0,2664.0,0.0005717579999999823
"[0, 0, 0, 1, 0]",[],6334.01,6334.01,0.0016765567000000367
"[0, 0, 0, 0, 1]",[],1664.0,1664.0,0.00042595800000000324
"[1, 1, 1, 1, 1]",[],25045.0,65069.937999999995,0.006990714499997327
"[2, 2, 0, 2, 0]",[],49576.01,232250.87600000002,0.013351981000009625
"[0, 0, 2, 0, 2]",[],7361.0,23312.0,0.0017761380000000735
