experiment_num,timestamp,soc_config,scheduler,workload_name,job_list,job_probabilities,memory_bandwidth,arbitration_type,ave_latency,average_concurrent_jobs,completed_jobs,cumulative_execution_time,data_colocated,data_forwarded,data_from_memory,deadlines_met,deadlines_missed,edp,execution_time,injected_jobs,num_RELIEF_forwards,num_colocations,num_forwards,time_moving_memory,total_energy
801,2025-12-02 09:00:21,SoC.i1_g1_cv1_h1_e1_c1_el1.txt,RELIEF,single_canny,"[[1,0,0,0,0]]",[],5280,random,3641.928,1.0,1,3641.93,196608,573440,148144,1,0,3.5,3641.93,1,10,3,9,0,0.000961
802,2025-12-02 09:00:21,SoC.i1_g1_cv1_h1_e1_c1_el1.txt,RELIEF,single_deblur,"[[0,1,0,0,0]]",[],5280,random,16032.0,1.0,1,16032.0,0,1687552,345580,1,0,68.07,16032.0,1,22,0,26,0,0.004246
803,2025-12-02 09:00:22,SoC.i1_g1_cv1_h1_e1_c1_el1.txt,RELIEF,single_gru,"[[0,0,1,0,0]]",[],5280,random,3012.0,1.0,1,3012.0,7274496,0,6881280,1,0,1.9,3012.0,1,104,111,0,0,0.00063
804,2025-12-02 09:00:22,SoC.i1_g1_cv1_h1_e1_c1_el1.txt,RELIEF,single_harris,"[[0,0,0,1,0]]",[],5280,random,6437.01,1.0,1,6437.01,196608,507904,738172,1,0,10.9,6437.01,1,12,3,8,0,0.001693
805,2025-12-02 09:00:23,SoC.i1_g1_cv1_h1_e1_c1_el1.txt,RELIEF,single_lstm,"[[0,0,0,0,1]]",[],5280,random,3808.0,1.0,1,3808.0,7798784,0,8454144,1,0,2.99,3808.0,1,120,119,0,0,0.000784
806,2025-12-02 09:00:24,SoC.i1_g1_cv1_h1_e1_c1_el1.txt,RELIEF,mixed_balanced,"[[1,1,1,1,1]]",[],5280,random,15483.5876,3.0,5,77417.94,14942208,1261568,18598936,0,5,186.33,26036.0,5,254,228,20,0,0.007156
807,2025-12-02 09:00:25,SoC.i1_g1_cv1_h1_e1_c1_el1.txt,RELIEF,mixed_vision_heavy,"[[2,2,0,2,0]]",[],5280,random,46513.979333,3.5,6,279083.88,917504,2752512,5118000,0,6,704.82,51527.93,6,62,14,43,0,0.013678
808,2025-12-02 09:00:26,SoC.i1_g1_cv1_h1_e1_c1_el1.txt,RELIEF,mixed_ml_heavy,"[[0,0,2,0,2]]",[],5280,random,13588.25,2.5,4,54353.0,28573696,0,32243712,0,4,40.8,14072.0,4,445,436,0,0,0.002899
809,2025-12-02 09:00:26,SoC.i1_g1_cv1_h1_e1_c1_el1.txt,LL,single_canny,"[[1,0,0,0,0]]",[],5280,random,3676.928,1.0,1,3676.93,131072,507904,279216,1,0,3.55,3676.93,1,0,2,8,0,0.000966
810,2025-12-02 09:00:27,SoC.i1_g1_cv1_h1_e1_c1_el1.txt,LL,single_deblur,"[[0,1,0,0,0]]",[],5280,random,16032.0,1.0,1,16032.0,0,1687552,345580,1,0,68.07,16032.0,1,0,0,26,0,0.004246
811,2025-12-02 09:00:28,SoC.i1_g1_cv1_h1_e1_c1_el1.txt,LL,single_gru,"[[0,0,1,0,0]]",[],5280,random,3956.0,1.0,1,3956.0,4128768,0,10027008,1,0,3.12,3956.0,1,0,63,0,0,0.000788
812,2025-12-02 09:00:28,SoC.i1_g1_cv1_h1_e1_c1_el1.txt,LL,single_harris,"[[0,0,0,1,0]]",[],5280,random,6437.01,1.0,1,6437.01,196608,507904,738172,1,0,10.9,6437.01,1,0,3,8,0,0.001693
813,2025-12-02 09:00:29,SoC.i1_g1_cv1_h1_e1_c1_el1.txt,LL,single_lstm,"[[0,0,0,0,1]]",[],5280,random,5604.0,1.0,1,5604.0,2031616,0,14221312,1,0,6.08,5604.0,1,0,31,0,0,0.001086
814,2025-12-02 09:00:30,SoC.i1_g1_cv1_h1_e1_c1_el1.txt,LL,mixed_balanced,"[[1,1,1,1,1]]",[],5280,random,15984.9876,3.0,5,79924.94,2293760,999424,31509528,1,4,181.3,25597.0,5,0,35,16,0,0.007083
815,2025-12-02 09:00:31,SoC.i1_g1_cv1_h1_e1_c1_el1.txt,LL,mixed_vision_heavy,"[[2,2,0,2,0]]",[],5280,random,45945.312667,3.5,6,275671.88,655360,2686976,5445680,0,6,704.56,51514.93,6,0,10,42,0,0.013677
816,2025-12-02 09:00:32,SoC.i1_g1_cv1_h1_e1_c1_el1.txt,LL,mixed_ml_heavy,"[[0,0,2,0,2]]",[],5280,random,21543.5,2.5,4,86174.0,2490368,0,58327040,0,4,95.16,22275.0,4,0,38,0,0,0.004272
817,2025-12-02 09:00:32,SoC.i1_g1_cv1_h1_e1_c1_el1.txt,GEDF_D,single_canny,"[[1,0,0,0,0]]",[],5280,random,3653.928,1.0,1,3653.93,196608,507904,213680,1,0,3.52,3653.93,1,0,3,8,0,0.000963
818,2025-12-02 09:00:33,SoC.i1_g1_cv1_h1_e1_c1_el1.txt,GEDF_D,single_deblur,"[[0,1,0,0,0]]",[],5280,random,16032.0,1.0,1,16032.0,0,1687552,345580,1,0,68.07,16032.0,1,0,0,26,0,0.004246
819,2025-12-02 09:00:33,SoC.i1_g1_cv1_h1_e1_c1_el1.txt,GEDF_D,single_gru,"[[0,0,1,0,0]]",[],5280,random,3872.0,1.0,1,3872.0,4587520,0,9568256,1,0,3.0,3872.0,1,0,70,0,0,0.000774
820,2025-12-02 09:00:34,SoC.i1_g1_cv1_h1_e1_c1_el1.txt,GEDF_D,single_harris,"[[0,0,0,1,0]]",[],5280,random,6544.01,1.0,1,6544.01,131072,638976,672636,1,0,11.2,6544.01,1,0,2,10,0,0.001712
821,2025-12-02 09:00:35,SoC.i1_g1_cv1_h1_e1_c1_el1.txt,GEDF_D,single_lstm,"[[0,0,0,0,1]]",[],5280,random,5504.0,1.0,1,5504.0,2555904,0,13697024,1,0,5.88,5504.0,1,0,39,0,0,0.001069
822,2025-12-02 09:00:35,SoC.i1_g1_cv1_h1_e1_c1_el1.txt,GEDF_D,mixed_balanced,"[[1,1,1,1,1]]",[],5280,random,15483.3876,3.0,5,77416.94,3604480,1654784,29543448,2,3,236.74,30166.0,5,0,55,26,0,0.007848
823,2025-12-02 09:00:37,SoC.i1_g1_cv1_h1_e1_c1_el1.txt,GEDF_D,mixed_vision_heavy,"[[2,2,0,2,0]]",[],5280,random,27635.979333,3.5,6,165815.88,655360,2490368,5642288,2,4,685.88,50670.0,6,0,10,39,0,0.013536
824,2025-12-02 09:00:37,SoC.i1_g1_cv1_h1_e1_c1_el1.txt,GEDF_D,mixed_ml_heavy,"[[0,0,2,0,2]]",[],5280,random,20488.5,2.5,4,81954.0,4325376,0,56492032,0,4,93.15,22021.0,4,0,66,0,0,0.00423
825,2025-12-02 09:00:38,SoC.i1_g1_cv1_h1_e1_c1_el1.txt,GEDF_N,single_canny,"[[1,0,0,0,0]]",[],5280,random,3676.928,1.0,1,3676.93,131072,507904,279216,1,0,3.55,3676.93,1,0,2,8,0,0.000966
826,2025-12-02 09:00:39,SoC.i1_g1_cv1_h1_e1_c1_el1.txt,GEDF_N,single_deblur,"[[0,1,0,0,0]]",[],5280,random,16032.0,1.0,1,16032.0,0,1687552,345580,1,0,68.07,16032.0,1,0,0,26,0,0.004246
827,2025-12-02 09:00:39,SoC.i1_g1_cv1_h1_e1_c1_el1.txt,GEDF_N,single_gru,"[[0,0,1,0,0]]",[],5280,random,3956.0,1.0,1,3956.0,4128768,0,10027008,1,0,3.12,3956.0,1,0,63,0,0,0.000788
828,2025-12-02 09:00:40,SoC.i1_g1_cv1_h1_e1_c1_el1.txt,GEDF_N,single_harris,"[[0,0,0,1,0]]",[],5280,random,6437.01,1.0,1,6437.01,196608,507904,738172,1,0,10.9,6437.01,1,0,3,8,0,0.001693
829,2025-12-02 09:00:40,SoC.i1_g1_cv1_h1_e1_c1_el1.txt,GEDF_N,single_lstm,"[[0,0,0,0,1]]",[],5280,random,5604.0,1.0,1,5604.0,2031616,0,14221312,1,0,6.08,5604.0,1,0,31,0,0,0.001086
830,2025-12-02 09:00:41,SoC.i1_g1_cv1_h1_e1_c1_el1.txt,GEDF_N,mixed_balanced,"[[1,1,1,1,1]]",[],5280,random,16012.1876,3.0,5,80060.94,2359296,999424,31443992,1,4,181.77,25639.0,5,0,36,16,0,0.007089
831,2025-12-02 09:00:42,SoC.i1_g1_cv1_h1_e1_c1_el1.txt,GEDF_N,mixed_vision_heavy,"[[2,2,0,2,0]]",[],5280,random,43666.146,3.5,6,261996.88,655360,2621440,5511216,0,6,690.17,50868.0,6,0,10,41,0,0.013568
832,2025-12-02 09:00:43,SoC.i1_g1_cv1_h1_e1_c1_el1.txt,GEDF_N,mixed_ml_heavy,"[[0,0,2,0,2]]",[],5280,random,21481.5,2.5,4,85926.0,2883584,0,57933824,0,4,94.6,22205.0,4,0,44,0,0,0.00426
833,2025-12-02 09:00:44,SoC.i1_g1_cv1_h1_e1_c1_el1.txt,HetSched,single_canny,"[[1,0,0,0,0]]",[],5280,random,3653.928,1.0,1,3653.93,196608,507904,213680,1,0,3.52,3653.93,1,0,3,8,0,0.000963
834,2025-12-02 09:00:44,SoC.i1_g1_cv1_h1_e1_c1_el1.txt,HetSched,single_deblur,"[[0,1,0,0,0]]",[],5280,random,16032.0,1.0,1,16032.0,0,1687552,345580,1,0,68.07,16032.0,1,0,0,26,0,0.004246
835,2025-12-02 09:00:45,SoC.i1_g1_cv1_h1_e1_c1_el1.txt,HetSched,single_gru,"[[0,0,1,0,0]]",[],5280,random,3000.0,1.0,1,3000.0,7274496,0,6881280,1,0,1.89,3000.0,1,0,111,0,0,0.000629
836,2025-12-02 09:00:45,SoC.i1_g1_cv1_h1_e1_c1_el1.txt,HetSched,single_harris,"[[0,0,0,1,0]]",[],5280,random,6544.01,1.0,1,6544.01,131072,638976,672636,1,0,11.2,6544.01,1,0,2,10,0,0.001712
837,2025-12-02 09:00:46,SoC.i1_g1_cv1_h1_e1_c1_el1.txt,HetSched,single_lstm,"[[0,0,0,0,1]]",[],5280,random,4560.0,1.0,1,4560.0,5177344,0,11075584,1,0,4.16,4560.0,1,0,79,0,0,0.000911
838,2025-12-02 09:00:47,SoC.i1_g1_cv1_h1_e1_c1_el1.txt,HetSched,mixed_balanced,"[[1,1,1,1,1]]",[],5280,random,12232.1876,3.0,5,61160.94,12713984,1474560,20614168,3,2,179.49,25438.0,5,0,194,23,0,0.007056
839,2025-12-02 09:00:48,SoC.i1_g1_cv1_h1_e1_c1_el1.txt,HetSched,mixed_vision_heavy,"[[2,2,0,2,0]]",[],5280,random,40285.979333,3.5,6,241715.88,655360,3211264,4921392,0,6,700.09,51313.93,6,0,10,50,0,0.013643
840,2025-12-02 09:00:49,SoC.i1_g1_cv1_h1_e1_c1_el1.txt,HetSched,mixed_ml_heavy,"[[0,0,2,0,2]]",[],5280,random,9275.25,2.5,4,37101.0,24838144,0,35979264,1,3,46.62,15143.0,4,0,379,0,0,0.003079
841,2025-12-02 09:00:49,SoC.i2_g2_cv2_h2_e2_c2_el2.txt,RELIEF,single_canny,"[[1,0,0,0,0]]",[],5280,random,3621.928,1.0,1,3621.93,131072,704512,82608,1,0,3.47,3621.93,1,10,2,11,0,0.000958
842,2025-12-02 09:00:50,SoC.i2_g2_cv2_h2_e2_c2_el2.txt,RELIEF,single_deblur,"[[0,1,0,0,0]]",[],5280,random,16020.0,1.0,1,16020.0,0,1753088,280044,1,0,67.99,16020.0,1,22,0,27,0,0.004244
843,2025-12-02 09:00:51,SoC.i2_g2_cv2_h2_e2_c2_el2.txt,RELIEF,single_gru,"[[0,0,1,0,0]]",[],5280,random,3873.0,1.0,1,3873.0,3538944,3342336,7274496,1,0,3.0,3873.0,1,96,54,51,0,0.000774
844,2025-12-02 09:00:51,SoC.i2_g2_cv2_h2_e2_c2_el2.txt,RELIEF,single_harris,"[[0,0,0,1,0]]",[],5280,random,4794.01,1.0,1,4794.01,65536,901120,476028,1,0,6.8,4794.01,1,12,1,14,0,0.001419
845,2025-12-02 09:00:52,SoC.i2_g2_cv2_h2_e2_c2_el2.txt,RELIEF,single_lstm,"[[0,0,0,0,1]]",[],5280,random,4155.0,1.0,1,4155.0,4128768,3342336,8781824,1,0,3.5,4155.0,1,97,63,51,0,0.000843
846,2025-12-02 09:00:53,SoC.i2_g2_cv2_h2_e2_c2_el2.txt,RELIEF,mixed_balanced,"[[1,1,1,1,1]]",[],5280,random,12245.5876,3.0,5,61227.94,7733248,4538368,22531096,2,3,139.39,21684.0,5,165,118,70,0,0.006428
847,2025-12-02 09:00:54,SoC.i2_g2_cv2_h2_e2_c2_el2.txt,RELIEF,mixed_vision_heavy,"[[2,2,0,2,0]]",[],5280,random,27267.146,3.5,6,163602.88,655360,3112960,5019696,0,6,336.8,32231.93,6,65,10,49,0,0.010449
848,2025-12-02 09:00:55,SoC.i2_g2_cv2_h2_e2_c2_el2.txt,RELIEF,mixed_ml_heavy,"[[0,0,2,0,2]]",[],5280,random,17962.75,2.5,4,71851.0,14024704,1703936,45088768,0,4,67.17,18474.0,4,253,214,26,0,0.003636
849,2025-12-02 09:00:56,SoC.i2_g2_cv2_h2_e2_c2_el2.txt,LL,single_canny,"[[1,0,0,0,0]]",[],5280,random,3621.928,1.0,1,3621.93,131072,704512,82608,1,0,3.47,3621.93,1,0,2,11,0,0.000958
850,2025-12-02 09:00:56,SoC.i2_g2_cv2_h2_e2_c2_el2.txt,LL,single_deblur,"[[0,1,0,0,0]]",[],5280,random,16020.0,1.0,1,16020.0,0,1753088,280044,1,0,67.99,16020.0,1,0,0,27,0,0.004244
851,2025-12-02 09:00:57,SoC.i2_g2_cv2_h2_e2_c2_el2.txt,LL,single_gru,"[[0,0,1,0,0]]",[],5280,random,3962.0,1.0,1,3962.0,3014656,3473408,7667712,1,0,3.13,3962.0,1,0,46,53,0,0.000789
852,2025-12-02 09:00:57,SoC.i2_g2_cv2_h2_e2_c2_el2.txt,LL,single_harris,"[[0,0,0,1,0]]",[],5280,random,4794.01,1.0,1,4794.01,65536,901120,476028,1,0,6.8,4794.01,1,0,1,14,0,0.001419
853,2025-12-02 09:00:58,SoC.i2_g2_cv2_h2_e2_c2_el2.txt,LL,single_lstm,"[[0,0,0,0,1]]",[],5280,random,5031.0,1.0,1,5031.0,1835008,3604480,10813440,1,0,4.98,5031.0,1,0,28,55,0,0.00099
854,2025-12-02 09:00:59,SoC.i2_g2_cv2_h2_e2_c2_el2.txt,LL,mixed_balanced,"[[1,1,1,1,1]]",[],5280,random,13645.3876,3.0,5,68226.94,4128768,4407296,26266648,2,3,134.03,21148.0,5,0,63,68,0,0.006338
855,2025-12-02 09:01:00,SoC.i2_g2_cv2_h2_e2_c2_el2.txt,LL,mixed_vision_heavy,"[[2,2,0,2,0]]",[],5280,random,26867.479333,3.5,6,161204.88,458752,2850816,5478448,0,6,329.32,31759.93,6,0,7,45,0,0.010369
856,2025-12-02 09:01:01,SoC.i2_g2_cv2_h2_e2_c2_el2.txt,LL,mixed_ml_heavy,"[[0,0,2,0,2]]",[],5280,random,21033.25,2.5,4,84133.0,2621440,1245184,56950784,0,4,89.64,21575.0,4,0,40,19,0,0.004155
857,2025-12-02 09:01:02,SoC.i2_g2_cv2_h2_e2_c2_el2.txt,GEDF_D,single_canny,"[[1,0,0,0,0]]",[],5280,random,3653.928,1.0,1,3653.93,131072,638976,148144,1,0,3.52,3653.93,1,0,2,10,0,0.000963
858,2025-12-02 09:01:03,SoC.i2_g2_cv2_h2_e2_c2_el2.txt,GEDF_D,single_deblur,"[[0,1,0,0,0]]",[],5280,random,16020.0,1.0,1,16020.0,0,1753088,280044,1,0,67.99,16020.0,1,0,0,27,0,0.004244
859,2025-12-02 09:01:03,SoC.i2_g2_cv2_h2_e2_c2_el2.txt,GEDF_D,single_gru,"[[0,0,1,0,0]]",[],5280,random,3985.0,1.0,1,3985.0,2686976,3473408,7995392,1,0,3.16,3985.0,1,0,41,53,0,0.000793
860,2025-12-02 09:01:04,SoC.i2_g2_cv2_h2_e2_c2_el2.txt,GEDF_D,single_harris,"[[0,0,0,1,0]]",[],5280,random,4930.01,1.0,1,4930.01,131072,966656,344956,1,0,7.11,4930.01,1,0,2,15,0,0.001442
861,2025-12-02 09:01:04,SoC.i2_g2_cv2_h2_e2_c2_el2.txt,GEDF_D,single_lstm,"[[0,0,0,0,1]]",[],5280,random,5271.0,1.0,1,5271.0,2424832,3211264,10616832,1,0,5.43,5271.0,1,0,37,49,0,0.00103
862,2025-12-02 09:01:05,SoC.i2_g2_cv2_h2_e2_c2_el2.txt,GEDF_D,mixed_balanced,"[[1,1,1,1,1]]",[],5280,random,13286.5876,3.0,5,66432.94,2883584,4489216,27429912,2,3,150.14,22735.0,5,0,44,69,0,0.006604
863,2025-12-02 09:01:06,SoC.i2_g2_cv2_h2_e2_c2_el2.txt,GEDF_D,mixed_vision_heavy,"[[2,2,0,2,0]]",[],5280,random,18421.812667,3.5,6,110530.88,393216,3768320,4626480,4,2,382.83,35053.0,6,0,6,59,0,0.010921
864,2025-12-02 09:01:08,SoC.i2_g2_cv2_h2_e2_c2_el2.txt,GEDF_D,mixed_ml_heavy,"[[0,0,2,0,2]]",[],5280,random,20936.5,2.5,4,83746.0,3211264,1638400,55967744,0,4,92.14,21895.0,4,0,49,25,0,0.004208
865,2025-12-02 09:01:08,SoC.i2_g2_cv2_h2_e2_c2_el2.txt,GEDF_N,single_canny,"[[1,0,0,0,0]]",[],5280,random,3621.928,1.0,1,3621.93,131072,704512,82608,1,0,3.47,3621.93,1,0,2,11,0,0.000958
866,2025-12-02 09:01:09,SoC.i2_g2_cv2_h2_e2_c2_el2.txt,GEDF_N,single_deblur,"[[0,1,0,0,0]]",[],5280,random,16020.0,1.0,1,16020.0,0,1753088,280044,1,0,67.99,16020.0,1,0,0,27,0,0.004244
867,2025-12-02 09:01:09,SoC.i2_g2_cv2_h2_e2_c2_el2.txt,GEDF_N,single_gru,"[[0,0,1,0,0]]",[],5280,random,3962.0,1.0,1,3962.0,3014656,3473408,7667712,1,0,3.13,3962.0,1,0,46,53,0,0.000789
868,2025-12-02 09:01:10,SoC.i2_g2_cv2_h2_e2_c2_el2.txt,GEDF_N,single_harris,"[[0,0,0,1,0]]",[],5280,random,4794.01,1.0,1,4794.01,65536,901120,476028,1,0,6.8,4794.01,1,0,1,14,0,0.001419
869,2025-12-02 09:01:11,SoC.i2_g2_cv2_h2_e2_c2_el2.txt,GEDF_N,single_lstm,"[[0,0,0,0,1]]",[],5280,random,5031.0,1.0,1,5031.0,1835008,3604480,10813440,1,0,4.98,5031.0,1,0,28,55,0,0.00099
870,2025-12-02 09:01:12,SoC.i2_g2_cv2_h2_e2_c2_el2.txt,GEDF_N,mixed_balanced,"[[1,1,1,1,1]]",[],5280,random,11856.1876,3.0,5,59280.94,3932160,4472832,26397720,2,3,134.31,21175.0,5,0,60,69,0,0.006343
871,2025-12-02 09:01:13,SoC.i2_g2_cv2_h2_e2_c2_el2.txt,GEDF_N,mixed_vision_heavy,"[[2,2,0,2,0]]",[],5280,random,28809.646,3.5,6,172857.88,458752,2588672,5740592,0,6,392.12,35604.0,6,0,7,41,0,0.011013
872,2025-12-02 09:01:14,SoC.i2_g2_cv2_h2_e2_c2_el2.txt,GEDF_N,mixed_ml_heavy,"[[0,0,2,0,2]]",[],5280,random,20594.25,2.5,4,82377.0,3801088,983040,56033280,0,4,86.63,21183.0,4,0,58,15,0,0.00409
873,2025-12-02 09:01:15,SoC.i2_g2_cv2_h2_e2_c2_el2.txt,HetSched,single_canny,"[[1,0,0,0,0]]",[],5280,random,3653.928,1.0,1,3653.93,131072,638976,148144,1,0,3.52,3653.93,1,0,2,10,0,0.000963
874,2025-12-02 09:01:15,SoC.i2_g2_cv2_h2_e2_c2_el2.txt,HetSched,single_deblur,"[[0,1,0,0,0]]",[],5280,random,16020.0,1.0,1,16020.0,0,1753088,280044,1,0,67.99,16020.0,1,0,0,27,0,0.004244
875,2025-12-02 09:01:16,SoC.i2_g2_cv2_h2_e2_c2_el2.txt,HetSched,single_gru,"[[0,0,1,0,0]]",[],5280,random,3617.0,1.0,1,3617.0,3735552,3407872,7012352,1,0,2.64,3617.0,1,0,57,52,0,0.000731
876,2025-12-02 09:01:16,SoC.i2_g2_cv2_h2_e2_c2_el2.txt,HetSched,single_harris,"[[0,0,0,1,0]]",[],5280,random,4930.01,1.0,1,4930.01,131072,966656,344956,1,0,7.11,4930.01,1,0,2,15,0,0.001442
877,2025-12-02 09:01:17,SoC.i2_g2_cv2_h2_e2_c2_el2.txt,HetSched,single_lstm,"[[0,0,0,0,1]]",[],5280,random,4961.0,1.0,1,4961.0,2883584,3407872,9961472,1,0,4.85,4961.0,1,0,44,52,0,0.000978
878,2025-12-02 09:01:18,SoC.i2_g2_cv2_h2_e2_c2_el2.txt,HetSched,mixed_balanced,"[[1,1,1,1,1]]",[],5280,random,11360.3876,3.0,5,56801.94,5570560,6717440,22514712,2,3,123.43,20052.0,5,0,85,103,0,0.006155
879,2025-12-02 09:01:19,SoC.i2_g2_cv2_h2_e2_c2_el2.txt,HetSched,mixed_vision_heavy,"[[2,2,0,2,0]]",[],5280,random,21122.312667,3.5,6,126733.88,458752,3178496,5150768,2,4,312.55,30678.01,6,0,7,50,0,0.010188
880,2025-12-02 09:01:20,SoC.i2_g2_cv2_h2_e2_c2_el2.txt,HetSched,mixed_ml_heavy,"[[0,0,2,0,2]]",[],5280,random,13333.5,2.5,4,53334.0,11796480,5242880,43778048,0,4,64.45,18067.0,4,0,180,80,0,0.003567
881,2025-12-02 09:01:21,SoC.i3_g3_cv3_h3_e3_c3_el3.txt,RELIEF,single_canny,"[[1,0,0,0,0]]",[],5280,random,3084.928,1.0,1,3084.93,131072,638976,148144,1,0,2.68,3084.93,1,9,2,10,0,0.000867
882,2025-12-02 09:01:21,SoC.i3_g3_cv3_h3_e3_c3_el3.txt,RELIEF,single_deblur,"[[0,1,0,0,0]]",[],5280,random,16008.0,1.0,1,16008.0,65536,1753088,214508,1,0,67.89,16008.0,1,22,1,27,0,0.004241
883,2025-12-02 09:01:22,SoC.i3_g3_cv3_h3_e3_c3_el3.txt,RELIEF,single_gru,"[[0,0,1,0,0]]",[],5280,random,3461.0,1.0,1,3461.0,2621440,5242880,6291456,1,0,2.44,3461.0,1,100,40,80,0,0.000706
884,2025-12-02 09:01:23,SoC.i3_g3_cv3_h3_e3_c3_el3.txt,RELIEF,single_harris,"[[0,0,0,1,0]]",[],5280,random,4159.01,1.0,1,4159.01,131072,966656,344956,1,0,5.46,4159.01,1,13,2,15,0,0.001312
885,2025-12-02 09:01:23,SoC.i3_g3_cv3_h3_e3_c3_el3.txt,RELIEF,single_lstm,"[[0,0,0,0,1]]",[],5280,random,5002.0,1.0,1,5002.0,2686976,5242880,8323072,1,0,4.93,5002.0,1,96,41,80,0,0.000985
886,2025-12-02 09:01:24,SoC.i3_g3_cv3_h3_e3_c3_el3.txt,RELIEF,mixed_balanced,"[[1,1,1,1,1]]",[],5280,random,14878.5876,3.0,5,74392.94,4915200,7553024,22334488,2,3,144.95,22231.0,5,152,75,116,0,0.00652
887,2025-12-02 09:01:25,SoC.i3_g3_cv3_h3_e3_c3_el3.txt,RELIEF,mixed_vision_heavy,"[[2,2,0,2,0]]",[],5280,random,13828.646,3.5,6,82971.88,327680,4423680,4036656,4,2,205.46,23053.0,6,67,5,69,0,0.008913
888,2025-12-02 09:01:27,SoC.i3_g3_cv3_h3_e3_c3_el3.txt,RELIEF,mixed_ml_heavy,"[[0,0,2,0,2]]",[],5280,random,34526.0,2.5,4,138104.0,10354688,5963776,44498944,0,4,231.33,35589.0,4,230,158,91,0,0.0065
889,2025-12-02 09:01:28,SoC.i3_g3_cv3_h3_e3_c3_el3.txt,LL,single_canny,"[[1,0,0,0,0]]",[],5280,random,3084.928,1.0,1,3084.93,131072,638976,148144,1,0,2.68,3084.93,1,0,2,10,0,0.000867
890,2025-12-02 09:01:29,SoC.i3_g3_cv3_h3_e3_c3_el3.txt,LL,single_deblur,"[[0,1,0,0,0]]",[],5280,random,16008.0,1.0,1,16008.0,65536,1753088,214508,1,0,67.89,16008.0,1,0,1,27,0,0.004241
891,2025-12-02 09:01:29,SoC.i3_g3_cv3_h3_e3_c3_el3.txt,LL,single_gru,"[[0,0,1,0,0]]",[],5280,random,3342.0,1.0,1,3342.0,2228224,5570560,6356992,1,0,2.29,3342.0,1,0,34,85,0,0.000686
892,2025-12-02 09:01:30,SoC.i3_g3_cv3_h3_e3_c3_el3.txt,LL,single_harris,"[[0,0,0,1,0]]",[],5280,random,4159.01,1.0,1,4159.01,131072,966656,344956,1,0,5.46,4159.01,1,0,2,15,0,0.001312
893,2025-12-02 09:01:31,SoC.i3_g3_cv3_h3_e3_c3_el3.txt,LL,single_lstm,"[[0,0,0,0,1]]",[],5280,random,5679.0,1.0,1,5679.0,2031616,5373952,8847360,1,0,6.23,5679.0,1,0,31,82,0,0.001097
894,2025-12-02 09:01:32,SoC.i3_g3_cv3_h3_e3_c3_el3.txt,LL,mixed_balanced,"[[1,1,1,1,1]]",[],5280,random,15016.1876,3.0,5,75080.94,4063232,7290880,23448600,2,3,147.56,22487.0,5,0,62,112,0,0.006562
895,2025-12-02 09:01:33,SoC.i3_g3_cv3_h3_e3_c3_el3.txt,LL,mixed_vision_heavy,"[[2,2,0,2,0]]",[],5280,random,13829.146,3.5,6,82974.88,262144,4423680,4102192,4,2,205.32,23041.0,6,0,4,69,0,0.008911
896,2025-12-02 09:01:35,SoC.i3_g3_cv3_h3_e3_c3_el3.txt,LL,mixed_ml_heavy,"[[0,0,2,0,2]]",[],5280,random,41787.5,2.5,4,167150.0,4390912,4849664,51576832,0,4,330.59,42847.0,4,0,67,74,0,0.007715
897,2025-12-02 09:01:35,SoC.i3_g3_cv3_h3_e3_c3_el3.txt,GEDF_D,single_canny,"[[1,0,0,0,0]]",[],5280,random,3107.928,1.0,1,3107.93,131072,638976,148144,1,0,2.71,3107.93,1,0,2,10,0,0.000871
898,2025-12-02 09:01:36,SoC.i3_g3_cv3_h3_e3_c3_el3.txt,GEDF_D,single_deblur,"[[0,1,0,0,0]]",[],5280,random,16008.0,1.0,1,16008.0,65536,1753088,214508,1,0,67.89,16008.0,1,0,1,27,0,0.004241
899,2025-12-02 09:01:37,SoC.i3_g3_cv3_h3_e3_c3_el3.txt,GEDF_D,single_gru,"[[0,0,1,0,0]]",[],5280,random,3912.0,1.0,1,3912.0,1376256,5308416,7471104,1,0,3.06,3912.0,1,0,21,81,0,0.000781
900,2025-12-02 09:01:38,SoC.i3_g3_cv3_h3_e3_c3_el3.txt,GEDF_D,single_harris,"[[0,0,0,1,0]]",[],5280,random,4144.01,1.0,1,4144.01,65536,1097728,279420,1,0,5.43,4144.01,1,0,1,17,0,0.00131
901,2025-12-02 09:01:38,SoC.i3_g3_cv3_h3_e3_c3_el3.txt,GEDF_D,single_lstm,"[[0,0,0,0,1]]",[],5280,random,4926.0,1.0,1,4926.0,1769472,5767168,8716288,1,0,4.79,4926.0,1,0,27,88,0,0.000972
902,2025-12-02 09:01:40,SoC.i3_g3_cv3_h3_e3_c3_el3.txt,GEDF_D,mixed_balanced,"[[1,1,1,1,1]]",[],5280,random,15437.5876,3.0,5,77187.94,2686976,8929280,23186456,2,3,168.98,24494.0,5,0,41,137,0,0.006899
903,2025-12-02 09:01:41,SoC.i3_g3_cv3_h3_e3_c3_el3.txt,GEDF_D,mixed_vision_heavy,"[[2,2,0,2,0]]",[],5280,random,13729.312667,3.5,6,82375.88,393216,4685824,3708976,4,2,304.74,30164.0,6,0,6,73,0,0.010103
904,2025-12-02 09:01:43,SoC.i3_g3_cv3_h3_e3_c3_el3.txt,GEDF_D,mixed_ml_heavy,"[[0,0,2,0,2]]",[],5280,random,36678.0,2.5,4,146712.0,2818048,6422528,51576832,0,4,266.27,38291.0,4,0,43,98,0,0.006954
905,2025-12-02 09:01:43,SoC.i3_g3_cv3_h3_e3_c3_el3.txt,GEDF_N,single_canny,"[[1,0,0,0,0]]",[],5280,random,3084.928,1.0,1,3084.93,131072,638976,148144,1,0,2.68,3084.93,1,0,2,10,0,0.000867
906,2025-12-02 09:01:44,SoC.i3_g3_cv3_h3_e3_c3_el3.txt,GEDF_N,single_deblur,"[[0,1,0,0,0]]",[],5280,random,16008.0,1.0,1,16008.0,65536,1753088,214508,1,0,67.89,16008.0,1,0,1,27,0,0.004241
907,2025-12-02 09:01:45,SoC.i3_g3_cv3_h3_e3_c3_el3.txt,GEDF_N,single_gru,"[[0,0,1,0,0]]",[],5280,random,3342.0,1.0,1,3342.0,2228224,5570560,6356992,1,0,2.29,3342.0,1,0,34,85,0,0.000686
908,2025-12-02 09:01:45,SoC.i3_g3_cv3_h3_e3_c3_el3.txt,GEDF_N,single_harris,"[[0,0,0,1,0]]",[],5280,random,4159.01,1.0,1,4159.01,131072,966656,344956,1,0,5.46,4159.01,1,0,2,15,0,0.001312
909,2025-12-02 09:01:46,SoC.i3_g3_cv3_h3_e3_c3_el3.txt,GEDF_N,single_lstm,"[[0,0,0,0,1]]",[],5280,random,5703.0,1.0,1,5703.0,1966080,5373952,8912896,1,0,6.29,5703.0,1,0,30,82,0,0.001102
910,2025-12-02 09:01:47,SoC.i3_g3_cv3_h3_e3_c3_el3.txt,GEDF_N,mixed_balanced,"[[1,1,1,1,1]]",[],5280,random,14876.1876,3.0,5,74380.94,3735552,7487488,23579672,2,3,148.35,22561.0,5,0,57,115,0,0.006576
911,2025-12-02 09:01:48,SoC.i3_g3_cv3_h3_e3_c3_el3.txt,GEDF_N,mixed_vision_heavy,"[[2,2,0,2,0]]",[],5280,random,13829.146,3.5,6,82974.88,262144,4423680,4102192,4,2,205.32,23041.0,6,0,4,69,0,0.008911
912,2025-12-02 09:01:50,SoC.i3_g3_cv3_h3_e3_c3_el3.txt,GEDF_N,mixed_ml_heavy,"[[0,0,2,0,2]]",[],5280,random,44182.0,2.5,4,176728.0,3932160,4849664,52035584,0,4,366.91,45220.0,4,0,60,74,0,0.008114
913,2025-12-02 09:01:51,SoC.i3_g3_cv3_h3_e3_c3_el3.txt,HetSched,single_canny,"[[1,0,0,0,0]]",[],5280,random,3084.928,1.0,1,3084.93,196608,573440,148144,1,0,2.68,3084.93,1,0,3,9,0,0.000867
914,2025-12-02 09:01:52,SoC.i3_g3_cv3_h3_e3_c3_el3.txt,HetSched,single_deblur,"[[0,1,0,0,0]]",[],5280,random,16008.0,1.0,1,16008.0,65536,1753088,214508,1,0,67.89,16008.0,1,0,1,27,0,0.004241
915,2025-12-02 09:01:52,SoC.i3_g3_cv3_h3_e3_c3_el3.txt,HetSched,single_gru,"[[0,0,1,0,0]]",[],5280,random,3536.0,1.0,1,3536.0,2359296,5373952,6422528,1,0,2.54,3536.0,1,0,36,82,0,0.000717
916,2025-12-02 09:01:53,SoC.i3_g3_cv3_h3_e3_c3_el3.txt,HetSched,single_harris,"[[0,0,0,1,0]]",[],5280,random,4144.01,1.0,1,4144.01,65536,1097728,279420,1,0,5.43,4144.01,1,0,1,17,0,0.00131
917,2025-12-02 09:01:53,SoC.i3_g3_cv3_h3_e3_c3_el3.txt,HetSched,single_lstm,"[[0,0,0,0,1]]",[],5280,random,4799.0,1.0,1,4799.0,1966080,5701632,8585216,1,0,4.56,4799.0,1,0,30,87,0,0.00095
918,2025-12-02 09:01:55,SoC.i3_g3_cv3_h3_e3_c3_el3.txt,HetSched,mixed_balanced,"[[1,1,1,1,1]]",[],5280,random,11462.5876,3.0,5,57312.94,4521984,9781248,20499480,2,3,113.81,19022.0,5,0,69,150,0,0.005983
919,2025-12-02 09:01:56,SoC.i3_g3_cv3_h3_e3_c3_el3.txt,HetSched,mixed_vision_heavy,"[[2,2,0,2,0]]",[],5280,random,12172.812667,3.5,6,73036.88,327680,5537792,2922544,4,2,218.39,24052.0,6,0,5,86,0,0.00908
920,2025-12-02 09:01:57,SoC.i3_g3_cv3_h3_e3_c3_el3.txt,HetSched,mixed_ml_heavy,"[[0,0,2,0,2]]",[],5280,random,25343.0,2.5,4,101372.0,8192000,9764864,42860544,0,4,172.78,30546.0,4,0,125,149,0,0.005656
921,2025-12-02 09:01:58,SoC.i4_g1_cv1_h1_e1_c1_el1.txt,RELIEF,single_canny,"[[1,0,0,0,0]]",[],5280,random,3641.928,1.0,1,3641.93,196608,573440,148144,1,0,3.5,3641.93,1,10,3,9,0,0.000961
922,2025-12-02 09:01:58,SoC.i4_g1_cv1_h1_e1_c1_el1.txt,RELIEF,single_deblur,"[[0,1,0,0,0]]",[],5280,random,16032.0,1.0,1,16032.0,0,1687552,345580,1,0,68.07,16032.0,1,22,0,26,0,0.004246
923,2025-12-02 09:01:59,SoC.i4_g1_cv1_h1_e1_c1_el1.txt,RELIEF,single_gru,"[[0,0,1,0,0]]",[],5280,random,3012.0,1.0,1,3012.0,7274496,0,6881280,1,0,1.9,3012.0,1,104,111,0,0,0.00063
924,2025-12-02 09:02:00,SoC.i4_g1_cv1_h1_e1_c1_el1.txt,RELIEF,single_harris,"[[0,0,0,1,0]]",[],5280,random,6437.01,1.0,1,6437.01,196608,507904,738172,1,0,10.9,6437.01,1,12,3,8,0,0.001693
925,2025-12-02 09:02:00,SoC.i4_g1_cv1_h1_e1_c1_el1.txt,RELIEF,single_lstm,"[[0,0,0,0,1]]",[],5280,random,3808.0,1.0,1,3808.0,7798784,0,8454144,1,0,2.99,3808.0,1,120,119,0,0,0.000784
926,2025-12-02 09:02:01,SoC.i4_g1_cv1_h1_e1_c1_el1.txt,RELIEF,mixed_balanced,"[[1,1,1,1,1]]",[],5280,random,15143.7876,3.0,5,75718.94,14811136,1261568,18730008,2,3,182.51,25701.0,5,253,226,20,0,0.007101
927,2025-12-02 09:02:02,SoC.i4_g1_cv1_h1_e1_c1_el1.txt,RELIEF,mixed_vision_heavy,"[[2,2,0,2,0]]",[],5280,random,45717.646,3.5,6,274305.88,917504,2654208,5216304,0,6,689.9,50854.0,6,63,14,42,0,0.013566
928,2025-12-02 09:02:03,SoC.i4_g1_cv1_h1_e1_c1_el1.txt,RELIEF,mixed_ml_heavy,"[[0,0,2,0,2]]",[],5280,random,13588.25,2.5,4,54353.0,28573696,0,32243712,0,4,40.8,14072.0,4,445,436,0,0,0.002899
929,2025-12-02 09:02:04,SoC.i4_g1_cv1_h1_e1_c1_el1.txt,LL,single_canny,"[[1,0,0,0,0]]",[],5280,random,3676.928,1.0,1,3676.93,131072,507904,279216,1,0,3.55,3676.93,1,0,2,8,0,0.000966
930,2025-12-02 09:02:04,SoC.i4_g1_cv1_h1_e1_c1_el1.txt,LL,single_deblur,"[[0,1,0,0,0]]",[],5280,random,16032.0,1.0,1,16032.0,0,1687552,345580,1,0,68.07,16032.0,1,0,0,26,0,0.004246
931,2025-12-02 09:02:05,SoC.i4_g1_cv1_h1_e1_c1_el1.txt,LL,single_gru,"[[0,0,1,0,0]]",[],5280,random,3956.0,1.0,1,3956.0,4128768,0,10027008,1,0,3.12,3956.0,1,0,63,0,0,0.000788
932,2025-12-02 09:02:05,SoC.i4_g1_cv1_h1_e1_c1_el1.txt,LL,single_harris,"[[0,0,0,1,0]]",[],5280,random,6437.01,1.0,1,6437.01,196608,507904,738172,1,0,10.9,6437.01,1,0,3,8,0,0.001693
933,2025-12-02 09:02:06,SoC.i4_g1_cv1_h1_e1_c1_el1.txt,LL,single_lstm,"[[0,0,0,0,1]]",[],5280,random,5604.0,1.0,1,5604.0,2031616,0,14221312,1,0,6.08,5604.0,1,0,31,0,0,0.001086
934,2025-12-02 09:02:07,SoC.i4_g1_cv1_h1_e1_c1_el1.txt,LL,mixed_balanced,"[[1,1,1,1,1]]",[],5280,random,16094.7876,3.0,5,80473.94,2490368,1064960,31247384,1,4,182.28,25681.0,5,0,38,17,0,0.007098
935,2025-12-02 09:02:08,SoC.i4_g1_cv1_h1_e1_c1_el1.txt,LL,mixed_vision_heavy,"[[2,2,0,2,0]]",[],5280,random,45474.312667,3.5,6,272845.88,655360,2588672,5543984,0,6,692.09,50953.0,6,0,10,41,0,0.013583
936,2025-12-02 09:02:09,SoC.i4_g1_cv1_h1_e1_c1_el1.txt,LL,mixed_ml_heavy,"[[0,0,2,0,2]]",[],5280,random,21543.5,2.5,4,86174.0,2490368,0,58327040,0,4,95.16,22275.0,4,0,38,0,0,0.004272
937,2025-12-02 09:02:10,SoC.i4_g1_cv1_h1_e1_c1_el1.txt,GEDF_D,single_canny,"[[1,0,0,0,0]]",[],5280,random,3653.928,1.0,1,3653.93,196608,507904,213680,1,0,3.52,3653.93,1,0,3,8,0,0.000963
938,2025-12-02 09:02:10,SoC.i4_g1_cv1_h1_e1_c1_el1.txt,GEDF_D,single_deblur,"[[0,1,0,0,0]]",[],5280,random,16032.0,1.0,1,16032.0,0,1687552,345580,1,0,68.07,16032.0,1,0,0,26,0,0.004246
939,2025-12-02 09:02:11,SoC.i4_g1_cv1_h1_e1_c1_el1.txt,GEDF_D,single_gru,"[[0,0,1,0,0]]",[],5280,random,3872.0,1.0,1,3872.0,4587520,0,9568256,1,0,3.0,3872.0,1,0,70,0,0,0.000774
940,2025-12-02 09:02:12,SoC.i4_g1_cv1_h1_e1_c1_el1.txt,GEDF_D,single_harris,"[[0,0,0,1,0]]",[],5280,random,6544.01,1.0,1,6544.01,131072,638976,672636,1,0,11.2,6544.01,1,0,2,10,0,0.001712
941,2025-12-02 09:02:12,SoC.i4_g1_cv1_h1_e1_c1_el1.txt,GEDF_D,single_lstm,"[[0,0,0,0,1]]",[],5280,random,5504.0,1.0,1,5504.0,2555904,0,13697024,1,0,5.88,5504.0,1,0,39,0,0,0.001069
942,2025-12-02 09:02:13,SoC.i4_g1_cv1_h1_e1_c1_el1.txt,GEDF_D,mixed_balanced,"[[1,1,1,1,1]]",[],5280,random,15464.9876,3.0,5,77324.94,3604480,1654784,29543448,2,3,236.32,30132.0,5,0,55,26,0,0.007843
943,2025-12-02 09:02:14,SoC.i4_g1_cv1_h1_e1_c1_el1.txt,GEDF_D,mixed_vision_heavy,"[[2,2,0,2,0]]",[],5280,random,27621.479333,3.5,6,165728.88,655360,2588672,5543984,2,4,685.88,50670.0,6,0,10,41,0,0.013536
944,2025-12-02 09:02:15,SoC.i4_g1_cv1_h1_e1_c1_el1.txt,GEDF_D,mixed_ml_heavy,"[[0,0,2,0,2]]",[],5280,random,20488.5,2.5,4,81954.0,4325376,0,56492032,0,4,93.15,22021.0,4,0,66,0,0,0.00423
945,2025-12-02 09:02:16,SoC.i4_g1_cv1_h1_e1_c1_el1.txt,GEDF_N,single_canny,"[[1,0,0,0,0]]",[],5280,random,3676.928,1.0,1,3676.93,131072,507904,279216,1,0,3.55,3676.93,1,0,2,8,0,0.000966
946,2025-12-02 09:02:17,SoC.i4_g1_cv1_h1_e1_c1_el1.txt,GEDF_N,single_deblur,"[[0,1,0,0,0]]",[],5280,random,16032.0,1.0,1,16032.0,0,1687552,345580,1,0,68.07,16032.0,1,0,0,26,0,0.004246
947,2025-12-02 09:02:17,SoC.i4_g1_cv1_h1_e1_c1_el1.txt,GEDF_N,single_gru,"[[0,0,1,0,0]]",[],5280,random,3956.0,1.0,1,3956.0,4128768,0,10027008,1,0,3.12,3956.0,1,0,63,0,0,0.000788
948,2025-12-02 09:02:18,SoC.i4_g1_cv1_h1_e1_c1_el1.txt,GEDF_N,single_harris,"[[0,0,0,1,0]]",[],5280,random,6437.01,1.0,1,6437.01,196608,507904,738172,1,0,10.9,6437.01,1,0,3,8,0,0.001693
949,2025-12-02 09:02:18,SoC.i4_g1_cv1_h1_e1_c1_el1.txt,GEDF_N,single_lstm,"[[0,0,0,0,1]]",[],5280,random,5604.0,1.0,1,5604.0,2031616,0,14221312,1,0,6.08,5604.0,1,0,31,0,0,0.001086
950,2025-12-02 09:02:19,SoC.i4_g1_cv1_h1_e1_c1_el1.txt,GEDF_N,mixed_balanced,"[[1,1,1,1,1]]",[],5280,random,16067.7876,3.0,5,80338.94,2555904,1064960,31181848,1,4,181.96,25654.0,5,0,39,17,0,0.007093
951,2025-12-02 09:02:21,SoC.i4_g1_cv1_h1_e1_c1_el1.txt,GEDF_N,mixed_vision_heavy,"[[2,2,0,2,0]]",[],5280,random,43576.646,3.5,6,261459.88,655360,2523136,5609520,0,6,689.03,50815.0,6,0,10,40,0,0.01356
952,2025-12-02 09:02:22,SoC.i4_g1_cv1_h1_e1_c1_el1.txt,GEDF_N,mixed_ml_heavy,"[[0,0,2,0,2]]",[],5280,random,21481.5,2.5,4,85926.0,2883584,0,57933824,0,4,94.6,22205.0,4,0,44,0,0,0.00426
953,2025-12-02 09:02:22,SoC.i4_g1_cv1_h1_e1_c1_el1.txt,HetSched,single_canny,"[[1,0,0,0,0]]",[],5280,random,3653.928,1.0,1,3653.93,196608,507904,213680,1,0,3.52,3653.93,1,0,3,8,0,0.000963
954,2025-12-02 09:02:23,SoC.i4_g1_cv1_h1_e1_c1_el1.txt,HetSched,single_deblur,"[[0,1,0,0,0]]",[],5280,random,16032.0,1.0,1,16032.0,0,1687552,345580,1,0,68.07,16032.0,1,0,0,26,0,0.004246
955,2025-12-02 09:02:23,SoC.i4_g1_cv1_h1_e1_c1_el1.txt,HetSched,single_gru,"[[0,0,1,0,0]]",[],5280,random,3000.0,1.0,1,3000.0,7274496,0,6881280,1,0,1.89,3000.0,1,0,111,0,0,0.000629
956,2025-12-02 09:02:24,SoC.i4_g1_cv1_h1_e1_c1_el1.txt,HetSched,single_harris,"[[0,0,0,1,0]]",[],5280,random,6544.01,1.0,1,6544.01,131072,638976,672636,1,0,11.2,6544.01,1,0,2,10,0,0.001712
957,2025-12-02 09:02:25,SoC.i4_g1_cv1_h1_e1_c1_el1.txt,HetSched,single_lstm,"[[0,0,0,0,1]]",[],5280,random,4560.0,1.0,1,4560.0,5177344,0,11075584,1,0,4.16,4560.0,1,0,79,0,0,0.000911
958,2025-12-02 09:02:26,SoC.i4_g1_cv1_h1_e1_c1_el1.txt,HetSched,mixed_balanced,"[[1,1,1,1,1]]",[],5280,random,12521.1876,3.0,5,62605.94,12648448,1523712,20630552,3,2,184.13,25844.0,5,0,193,24,0,0.007125
959,2025-12-02 09:02:27,SoC.i4_g1_cv1_h1_e1_c1_el1.txt,HetSched,mixed_vision_heavy,"[[2,2,0,2,0]]",[],5280,random,40271.479333,3.5,6,241628.88,655360,3309568,4823088,0,6,700.09,51313.93,6,0,10,52,0,0.013643
960,2025-12-02 09:02:28,SoC.i4_g1_cv1_h1_e1_c1_el1.txt,HetSched,mixed_ml_heavy,"[[0,0,2,0,2]]",[],5280,random,9275.25,2.5,4,37101.0,24838144,0,35979264,1,3,46.62,15143.0,4,0,379,0,0,0.003079
961,2025-12-02 09:02:28,SoC.i1_g4_cv1_h1_e1_c1_el1.txt,RELIEF,single_canny,"[[1,0,0,0,0]]",[],5280,random,3641.928,1.0,1,3641.93,196608,573440,148144,1,0,3.5,3641.93,1,10,3,9,0,0.000961
962,2025-12-02 09:02:29,SoC.i1_g4_cv1_h1_e1_c1_el1.txt,RELIEF,single_deblur,"[[0,1,0,0,0]]",[],5280,random,16032.0,1.0,1,16032.0,0,1687552,345580,1,0,68.07,16032.0,1,22,0,26,0,0.004246
963,2025-12-02 09:02:29,SoC.i1_g4_cv1_h1_e1_c1_el1.txt,RELIEF,single_gru,"[[0,0,1,0,0]]",[],5280,random,3012.0,1.0,1,3012.0,7274496,0,6881280,1,0,1.9,3012.0,1,104,111,0,0,0.00063
964,2025-12-02 09:02:30,SoC.i1_g4_cv1_h1_e1_c1_el1.txt,RELIEF,single_harris,"[[0,0,0,1,0]]",[],5280,random,6437.01,1.0,1,6437.01,196608,507904,738172,1,0,10.9,6437.01,1,12,3,8,0,0.001693
965,2025-12-02 09:02:30,SoC.i1_g4_cv1_h1_e1_c1_el1.txt,RELIEF,single_lstm,"[[0,0,0,0,1]]",[],5280,random,3808.0,1.0,1,3808.0,7798784,0,8454144,1,0,2.99,3808.0,1,120,119,0,0,0.000784
966,2025-12-02 09:02:31,SoC.i1_g4_cv1_h1_e1_c1_el1.txt,RELIEF,mixed_balanced,"[[1,1,1,1,1]]",[],5280,random,15297.3876,3.0,5,76486.94,14942208,1212416,18648088,2,3,185.15,25933.0,5,254,228,19,0,0.00714
967,2025-12-02 09:02:33,SoC.i1_g4_cv1_h1_e1_c1_el1.txt,RELIEF,mixed_vision_heavy,"[[2,2,0,2,0]]",[],5280,random,43879.812667,3.5,6,263278.88,917504,2801664,5068848,0,6,688.3,50780.0,6,63,14,44,0,0.013555
968,2025-12-02 09:02:33,SoC.i1_g4_cv1_h1_e1_c1_el1.txt,RELIEF,mixed_ml_heavy,"[[0,0,2,0,2]]",[],5280,random,13588.25,2.5,4,54353.0,28573696,0,32243712,0,4,40.8,14072.0,4,445,436,0,0,0.002899
969,2025-12-02 09:02:34,SoC.i1_g4_cv1_h1_e1_c1_el1.txt,LL,single_canny,"[[1,0,0,0,0]]",[],5280,random,3676.928,1.0,1,3676.93,131072,507904,279216,1,0,3.55,3676.93,1,0,2,8,0,0.000966
970,2025-12-02 09:02:35,SoC.i1_g4_cv1_h1_e1_c1_el1.txt,LL,single_deblur,"[[0,1,0,0,0]]",[],5280,random,16032.0,1.0,1,16032.0,0,1687552,345580,1,0,68.07,16032.0,1,0,0,26,0,0.004246
971,2025-12-02 09:02:35,SoC.i1_g4_cv1_h1_e1_c1_el1.txt,LL,single_gru,"[[0,0,1,0,0]]",[],5280,random,3956.0,1.0,1,3956.0,4128768,0,10027008,1,0,3.12,3956.0,1,0,63,0,0,0.000788
972,2025-12-02 09:02:36,SoC.i1_g4_cv1_h1_e1_c1_el1.txt,LL,single_harris,"[[0,0,0,1,0]]",[],5280,random,6437.01,1.0,1,6437.01,196608,507904,738172,1,0,10.9,6437.01,1,0,3,8,0,0.001693
973,2025-12-02 09:02:36,SoC.i1_g4_cv1_h1_e1_c1_el1.txt,LL,single_lstm,"[[0,0,0,0,1]]",[],5280,random,5604.0,1.0,1,5604.0,2031616,0,14221312,1,0,6.08,5604.0,1,0,31,0,0,0.001086
974,2025-12-02 09:02:37,SoC.i1_g4_cv1_h1_e1_c1_el1.txt,LL,mixed_balanced,"[[1,1,1,1,1]]",[],5280,random,15928.7876,3.0,5,79643.94,2555904,950272,31296536,1,4,180.57,25531.0,5,0,39,15,0,0.007073
975,2025-12-02 09:02:38,SoC.i1_g4_cv1_h1_e1_c1_el1.txt,LL,mixed_vision_heavy,"[[2,2,0,2,0]]",[],5280,random,43629.479333,3.5,6,261776.88,655360,2736128,5396528,0,6,691.42,50922.0,6,0,10,43,0,0.013578
976,2025-12-02 09:02:39,SoC.i1_g4_cv1_h1_e1_c1_el1.txt,LL,mixed_ml_heavy,"[[0,0,2,0,2]]",[],5280,random,21543.5,2.5,4,86174.0,2490368,0,58327040,0,4,95.16,22275.0,4,0,38,0,0,0.004272
977,2025-12-02 09:02:40,SoC.i1_g4_cv1_h1_e1_c1_el1.txt,GEDF_D,single_canny,"[[1,0,0,0,0]]",[],5280,random,3653.928,1.0,1,3653.93,196608,507904,213680,1,0,3.52,3653.93,1,0,3,8,0,0.000963
978,2025-12-02 09:02:41,SoC.i1_g4_cv1_h1_e1_c1_el1.txt,GEDF_D,single_deblur,"[[0,1,0,0,0]]",[],5280,random,16032.0,1.0,1,16032.0,0,1687552,345580,1,0,68.07,16032.0,1,0,0,26,0,0.004246
979,2025-12-02 09:02:41,SoC.i1_g4_cv1_h1_e1_c1_el1.txt,GEDF_D,single_gru,"[[0,0,1,0,0]]",[],5280,random,3872.0,1.0,1,3872.0,4587520,0,9568256,1,0,3.0,3872.0,1,0,70,0,0,0.000774
980,2025-12-02 09:02:42,SoC.i1_g4_cv1_h1_e1_c1_el1.txt,GEDF_D,single_harris,"[[0,0,0,1,0]]",[],5280,random,6544.01,1.0,1,6544.01,131072,638976,672636,1,0,11.2,6544.01,1,0,2,10,0,0.001712
981,2025-12-02 09:02:42,SoC.i1_g4_cv1_h1_e1_c1_el1.txt,GEDF_D,single_lstm,"[[0,0,0,0,1]]",[],5280,random,5504.0,1.0,1,5504.0,2555904,0,13697024,1,0,5.88,5504.0,1,0,39,0,0,0.001069
982,2025-12-02 09:02:44,SoC.i1_g4_cv1_h1_e1_c1_el1.txt,GEDF_D,mixed_balanced,"[[1,1,1,1,1]]",[],5280,random,15402.7876,3.0,5,77013.94,3670016,1605632,29527064,2,3,236.35,30136.0,5,0,56,25,0,0.007843
983,2025-12-02 09:02:45,SoC.i1_g4_cv1_h1_e1_c1_el1.txt,GEDF_D,mixed_vision_heavy,"[[2,2,0,2,0]]",[],5280,random,27467.312667,3.5,6,164803.88,655360,2736128,5396528,2,4,685.88,50670.0,6,0,10,43,0,0.013536
984,2025-12-02 09:02:46,SoC.i1_g4_cv1_h1_e1_c1_el1.txt,GEDF_D,mixed_ml_heavy,"[[0,0,2,0,2]]",[],5280,random,20488.5,2.5,4,81954.0,4325376,0,56492032,0,4,93.15,22021.0,4,0,66,0,0,0.00423
985,2025-12-02 09:02:46,SoC.i1_g4_cv1_h1_e1_c1_el1.txt,GEDF_N,single_canny,"[[1,0,0,0,0]]",[],5280,random,3676.928,1.0,1,3676.93,131072,507904,279216,1,0,3.55,3676.93,1,0,2,8,0,0.000966
986,2025-12-02 09:02:47,SoC.i1_g4_cv1_h1_e1_c1_el1.txt,GEDF_N,single_deblur,"[[0,1,0,0,0]]",[],5280,random,16032.0,1.0,1,16032.0,0,1687552,345580,1,0,68.07,16032.0,1,0,0,26,0,0.004246
987,2025-12-02 09:02:47,SoC.i1_g4_cv1_h1_e1_c1_el1.txt,GEDF_N,single_gru,"[[0,0,1,0,0]]",[],5280,random,3956.0,1.0,1,3956.0,4128768,0,10027008,1,0,3.12,3956.0,1,0,63,0,0,0.000788
988,2025-12-02 09:02:48,SoC.i1_g4_cv1_h1_e1_c1_el1.txt,GEDF_N,single_harris,"[[0,0,0,1,0]]",[],5280,random,6437.01,1.0,1,6437.01,196608,507904,738172,1,0,10.9,6437.01,1,0,3,8,0,0.001693
989,2025-12-02 09:02:49,SoC.i1_g4_cv1_h1_e1_c1_el1.txt,GEDF_N,single_lstm,"[[0,0,0,0,1]]",[],5280,random,5604.0,1.0,1,5604.0,2031616,0,14221312,1,0,6.08,5604.0,1,0,31,0,0,0.001086
990,2025-12-02 09:02:50,SoC.i1_g4_cv1_h1_e1_c1_el1.txt,GEDF_N,mixed_balanced,"[[1,1,1,1,1]]",[],5280,random,15939.9876,3.0,5,79699.94,2555904,950272,31296536,1,4,180.62,25537.0,5,0,39,15,0,0.007073
991,2025-12-02 09:02:51,SoC.i1_g4_cv1_h1_e1_c1_el1.txt,GEDF_N,mixed_vision_heavy,"[[2,2,0,2,0]]",[],5280,random,42809.312667,3.5,6,256855.88,655360,2736128,5396528,0,6,693.2,51003.0,6,0,10,43,0,0.013591
992,2025-12-02 09:02:52,SoC.i1_g4_cv1_h1_e1_c1_el1.txt,GEDF_N,mixed_ml_heavy,"[[0,0,2,0,2]]",[],5280,random,21481.5,2.5,4,85926.0,2883584,0,57933824,0,4,94.6,22205.0,4,0,44,0,0,0.00426
993,2025-12-02 09:02:52,SoC.i1_g4_cv1_h1_e1_c1_el1.txt,HetSched,single_canny,"[[1,0,0,0,0]]",[],5280,random,3653.928,1.0,1,3653.93,196608,507904,213680,1,0,3.52,3653.93,1,0,3,8,0,0.000963
994,2025-12-02 09:02:53,SoC.i1_g4_cv1_h1_e1_c1_el1.txt,HetSched,single_deblur,"[[0,1,0,0,0]]",[],5280,random,16032.0,1.0,1,16032.0,0,1687552,345580,1,0,68.07,16032.0,1,0,0,26,0,0.004246
995,2025-12-02 09:02:54,SoC.i1_g4_cv1_h1_e1_c1_el1.txt,HetSched,single_gru,"[[0,0,1,0,0]]",[],5280,random,3000.0,1.0,1,3000.0,7274496,0,6881280,1,0,1.89,3000.0,1,0,111,0,0,0.000629
996,2025-12-02 09:02:54,SoC.i1_g4_cv1_h1_e1_c1_el1.txt,HetSched,single_harris,"[[0,0,0,1,0]]",[],5280,random,6544.01,1.0,1,6544.01,131072,638976,672636,1,0,11.2,6544.01,1,0,2,10,0,0.001712
997,2025-12-02 09:02:55,SoC.i1_g4_cv1_h1_e1_c1_el1.txt,HetSched,single_lstm,"[[0,0,0,0,1]]",[],5280,random,4560.0,1.0,1,4560.0,5177344,0,11075584,1,0,4.16,4560.0,1,0,79,0,0,0.000911
998,2025-12-02 09:02:56,SoC.i1_g4_cv1_h1_e1_c1_el1.txt,HetSched,mixed_balanced,"[[1,1,1,1,1]]",[],5280,random,12205.9876,3.0,5,61029.94,12648448,1474560,20679704,3,2,179.71,25457.0,5,0,193,23,0,0.007059
999,2025-12-02 09:02:57,SoC.i1_g4_cv1_h1_e1_c1_el1.txt,HetSched,mixed_vision_heavy,"[[2,2,0,2,0]]",[],5280,random,40103.646,3.5,6,240621.88,655360,3457024,4675632,0,6,699.38,51280.93,6,0,10,54,0,0.013638
1000,2025-12-02 09:02:58,SoC.i1_g4_cv1_h1_e1_c1_el1.txt,HetSched,mixed_ml_heavy,"[[0,0,2,0,2]]",[],5280,random,9275.25,2.5,4,37101.0,24838144,0,35979264,1,3,46.62,15143.0,4,0,379,0,0,0.003079
1001,2025-12-02 09:02:58,SoC.i1_g1_cv4_h1_e1_c1_el1.txt,RELIEF,single_canny,"[[1,0,0,0,0]]",[],5280,random,3011.928,1.0,1,3011.93,131072,704512,82608,1,0,2.58,3011.93,1,9,2,11,0,0.000856
1002,2025-12-02 09:02:59,SoC.i1_g1_cv4_h1_e1_c1_el1.txt,RELIEF,single_deblur,"[[0,1,0,0,0]]",[],5280,random,16032.0,1.0,1,16032.0,0,1687552,345580,1,0,68.07,16032.0,1,22,0,26,0,0.004246
1003,2025-12-02 09:03:00,SoC.i1_g1_cv4_h1_e1_c1_el1.txt,RELIEF,single_gru,"[[0,0,1,0,0]]",[],5280,random,3012.0,1.0,1,3012.0,7274496,0,6881280,1,0,1.9,3012.0,1,104,111,0,0,0.00063
1004,2025-12-02 09:03:00,SoC.i1_g1_cv4_h1_e1_c1_el1.txt,RELIEF,single_harris,"[[0,0,0,1,0]]",[],5280,random,4261.01,1.0,1,4261.01,196608,835584,410492,1,0,5.67,4261.01,1,13,3,13,0,0.00133
1005,2025-12-02 09:03:01,SoC.i1_g1_cv4_h1_e1_c1_el1.txt,RELIEF,single_lstm,"[[0,0,0,0,1]]",[],5280,random,3808.0,1.0,1,3808.0,7798784,0,8454144,1,0,2.99,3808.0,1,120,119,0,0,0.000784
1006,2025-12-02 09:03:02,SoC.i1_g1_cv4_h1_e1_c1_el1.txt,RELIEF,mixed_balanced,"[[1,1,1,1,1]]",[],5280,random,10239.7876,3.0,5,51198.94,14942208,2326528,17533976,2,3,98.05,17247.0,5,260,228,36,0,0.005685
1007,2025-12-02 09:03:02,SoC.i1_g1_cv4_h1_e1_c1_el1.txt,RELIEF,mixed_vision_heavy,"[[2,2,0,2,0]]",[],5280,random,12146.979333,3.5,6,72881.88,786432,3915776,4085808,4,2,203.22,22879.0,6,72,12,61,0,0.008882
1008,2025-12-02 09:03:03,SoC.i1_g1_cv4_h1_e1_c1_el1.txt,RELIEF,mixed_ml_heavy,"[[0,0,2,0,2]]",[],5280,random,13588.25,2.5,4,54353.0,28573696,0,32243712,0,4,40.8,14072.0,4,445,436,0,0,0.002899
1009,2025-12-02 09:03:04,SoC.i1_g1_cv4_h1_e1_c1_el1.txt,LL,single_canny,"[[1,0,0,0,0]]",[],5280,random,3046.928,1.0,1,3046.93,65536,638976,213680,1,0,2.62,3046.93,1,0,1,10,0,0.000861
1010,2025-12-02 09:03:05,SoC.i1_g1_cv4_h1_e1_c1_el1.txt,LL,single_deblur,"[[0,1,0,0,0]]",[],5280,random,16032.0,1.0,1,16032.0,0,1687552,345580,1,0,68.07,16032.0,1,0,0,26,0,0.004246
1011,2025-12-02 09:03:05,SoC.i1_g1_cv4_h1_e1_c1_el1.txt,LL,single_gru,"[[0,0,1,0,0]]",[],5280,random,3956.0,1.0,1,3956.0,4128768,0,10027008,1,0,3.12,3956.0,1,0,63,0,0,0.000788
1012,2025-12-02 09:03:06,SoC.i1_g1_cv4_h1_e1_c1_el1.txt,LL,single_harris,"[[0,0,0,1,0]]",[],5280,random,4261.01,1.0,1,4261.01,196608,835584,410492,1,0,5.67,4261.01,1,0,3,13,0,0.00133
1013,2025-12-02 09:03:06,SoC.i1_g1_cv4_h1_e1_c1_el1.txt,LL,single_lstm,"[[0,0,0,0,1]]",[],5280,random,5604.0,1.0,1,5604.0,2031616,0,14221312,1,0,6.08,5604.0,1,0,31,0,0,0.001086
1014,2025-12-02 09:03:07,SoC.i1_g1_cv4_h1_e1_c1_el1.txt,LL,mixed_balanced,"[[1,1,1,1,1]]",[],5280,random,13779.9876,3.0,5,68899.94,2424832,2260992,30116888,2,3,129.01,20633.0,5,0,37,35,0,0.006252
1015,2025-12-02 09:03:08,SoC.i1_g1_cv4_h1_e1_c1_el1.txt,LL,mixed_vision_heavy,"[[2,2,0,2,0]]",[],5280,random,12194.312667,3.5,6,73165.88,262144,3653632,4872240,4,2,203.43,22894.0,6,0,4,57,0,0.008886
1016,2025-12-02 09:03:09,SoC.i1_g1_cv4_h1_e1_c1_el1.txt,LL,mixed_ml_heavy,"[[0,0,2,0,2]]",[],5280,random,21543.5,2.5,4,86174.0,2490368,0,58327040,0,4,95.16,22275.0,4,0,38,0,0,0.004272
1017,2025-12-02 09:03:10,SoC.i1_g1_cv4_h1_e1_c1_el1.txt,GEDF_D,single_canny,"[[1,0,0,0,0]]",[],5280,random,3023.928,1.0,1,3023.93,131072,638976,148144,1,0,2.59,3023.93,1,0,2,10,0,0.000857
1018,2025-12-02 09:03:10,SoC.i1_g1_cv4_h1_e1_c1_el1.txt,GEDF_D,single_deblur,"[[0,1,0,0,0]]",[],5280,random,16032.0,1.0,1,16032.0,0,1687552,345580,1,0,68.07,16032.0,1,0,0,26,0,0.004246
1019,2025-12-02 09:03:11,SoC.i1_g1_cv4_h1_e1_c1_el1.txt,GEDF_D,single_gru,"[[0,0,1,0,0]]",[],5280,random,3872.0,1.0,1,3872.0,4587520,0,9568256,1,0,3.0,3872.0,1,0,70,0,0,0.000774
1020,2025-12-02 09:03:11,SoC.i1_g1_cv4_h1_e1_c1_el1.txt,GEDF_D,single_harris,"[[0,0,0,1,0]]",[],5280,random,4261.01,1.0,1,4261.01,262144,835584,344956,1,0,5.67,4261.01,1,0,4,13,0,0.00133
1021,2025-12-02 09:03:12,SoC.i1_g1_cv4_h1_e1_c1_el1.txt,GEDF_D,single_lstm,"[[0,0,0,0,1]]",[],5280,random,5504.0,1.0,1,5504.0,2555904,0,13697024,1,0,5.88,5504.0,1,0,39,0,0,0.001069
1022,2025-12-02 09:03:13,SoC.i1_g1_cv4_h1_e1_c1_el1.txt,GEDF_D,mixed_balanced,"[[1,1,1,1,1]]",[],5280,random,14272.9876,3.0,5,71364.94,3604480,2392064,28806168,2,3,181.13,25580.0,5,0,55,37,0,0.007081
1023,2025-12-02 09:03:14,SoC.i1_g1_cv4_h1_e1_c1_el1.txt,GEDF_D,mixed_vision_heavy,"[[2,2,0,2,0]]",[],5280,random,11521.479333,3.5,6,69128.88,720896,3784704,4282416,4,2,205.26,23039.0,6,0,11,59,0,0.008909
1024,2025-12-02 09:03:15,SoC.i1_g1_cv4_h1_e1_c1_el1.txt,GEDF_D,mixed_ml_heavy,"[[0,0,2,0,2]]",[],5280,random,20488.5,2.5,4,81954.0,4325376,0,56492032,0,4,93.15,22021.0,4,0,66,0,0,0.00423
1025,2025-12-02 09:03:16,SoC.i1_g1_cv4_h1_e1_c1_el1.txt,GEDF_N,single_canny,"[[1,0,0,0,0]]",[],5280,random,3046.928,1.0,1,3046.93,65536,638976,213680,1,0,2.62,3046.93,1,0,1,10,0,0.000861
1026,2025-12-02 09:03:16,SoC.i1_g1_cv4_h1_e1_c1_el1.txt,GEDF_N,single_deblur,"[[0,1,0,0,0]]",[],5280,random,16032.0,1.0,1,16032.0,0,1687552,345580,1,0,68.07,16032.0,1,0,0,26,0,0.004246
1027,2025-12-02 09:03:17,SoC.i1_g1_cv4_h1_e1_c1_el1.txt,GEDF_N,single_gru,"[[0,0,1,0,0]]",[],5280,random,3956.0,1.0,1,3956.0,4128768,0,10027008,1,0,3.12,3956.0,1,0,63,0,0,0.000788
1028,2025-12-02 09:03:17,SoC.i1_g1_cv4_h1_e1_c1_el1.txt,GEDF_N,single_harris,"[[0,0,0,1,0]]",[],5280,random,4261.01,1.0,1,4261.01,196608,835584,410492,1,0,5.67,4261.01,1,0,3,13,0,0.00133
1029,2025-12-02 09:03:18,SoC.i1_g1_cv4_h1_e1_c1_el1.txt,GEDF_N,single_lstm,"[[0,0,0,0,1]]",[],5280,random,5604.0,1.0,1,5604.0,2031616,0,14221312,1,0,6.08,5604.0,1,0,31,0,0,0.001086
1030,2025-12-02 09:03:19,SoC.i1_g1_cv4_h1_e1_c1_el1.txt,GEDF_N,mixed_balanced,"[[1,1,1,1,1]]",[],5280,random,13778.3876,3.0,5,68891.94,2424832,2260992,30116888,2,3,129.34,20669.0,5,0,37,35,0,0.006258
1031,2025-12-02 09:03:20,SoC.i1_g1_cv4_h1_e1_c1_el1.txt,GEDF_N,mixed_vision_heavy,"[[2,2,0,2,0]]",[],5280,random,12325.479333,3.5,6,73952.88,196608,3391488,5199920,4,2,202.41,22814.0,6,0,3,53,0,0.008872
1032,2025-12-02 09:03:21,SoC.i1_g1_cv4_h1_e1_c1_el1.txt,GEDF_N,mixed_ml_heavy,"[[0,0,2,0,2]]",[],5280,random,21481.5,2.5,4,85926.0,2883584,0,57933824,0,4,94.6,22205.0,4,0,44,0,0,0.00426
1033,2025-12-02 09:03:21,SoC.i1_g1_cv4_h1_e1_c1_el1.txt,HetSched,single_canny,"[[1,0,0,0,0]]",[],5280,random,3023.928,1.0,1,3023.93,131072,638976,148144,1,0,2.59,3023.93,1,0,2,10,0,0.000857
1034,2025-12-02 09:03:22,SoC.i1_g1_cv4_h1_e1_c1_el1.txt,HetSched,single_deblur,"[[0,1,0,0,0]]",[],5280,random,16032.0,1.0,1,16032.0,0,1687552,345580,1,0,68.07,16032.0,1,0,0,26,0,0.004246
1035,2025-12-02 09:03:23,SoC.i1_g1_cv4_h1_e1_c1_el1.txt,HetSched,single_gru,"[[0,0,1,0,0]]",[],5280,random,3000.0,1.0,1,3000.0,7274496,0,6881280,1,0,1.89,3000.0,1,0,111,0,0,0.000629
1036,2025-12-02 09:03:23,SoC.i1_g1_cv4_h1_e1_c1_el1.txt,HetSched,single_harris,"[[0,0,0,1,0]]",[],5280,random,4294.01,1.0,1,4294.01,131072,901120,410492,1,0,5.73,4294.01,1,0,2,14,0,0.001335
1037,2025-12-02 09:03:24,SoC.i1_g1_cv4_h1_e1_c1_el1.txt,HetSched,single_lstm,"[[0,0,0,0,1]]",[],5280,random,4560.0,1.0,1,4560.0,5177344,0,11075584,1,0,4.16,4560.0,1,0,79,0,0,0.000911
1038,2025-12-02 09:03:25,SoC.i1_g1_cv4_h1_e1_c1_el1.txt,HetSched,mixed_balanced,"[[1,1,1,1,1]]",[],5280,random,9789.5876,3.0,5,48947.94,12451840,2260992,20089880,3,2,118.06,19482.0,5,0,190,35,0,0.00606
1039,2025-12-02 09:03:25,SoC.i1_g1_cv4_h1_e1_c1_el1.txt,HetSched,mixed_vision_heavy,"[[2,2,0,2,0]]",[],5280,random,12614.146,3.5,6,75684.88,524288,3588096,4675632,4,2,216.22,23888.0,6,0,8,56,0,0.009051
1040,2025-12-02 09:03:26,SoC.i1_g1_cv4_h1_e1_c1_el1.txt,HetSched,mixed_ml_heavy,"[[0,0,2,0,2]]",[],5280,random,9275.25,2.5,4,37101.0,24838144,0,35979264,1,3,46.62,15143.0,4,0,379,0,0,0.003079
1041,2025-12-02 09:03:27,SoC.i1_g1_cv1_h4_e1_c1_el1.txt,RELIEF,single_canny,"[[1,0,0,0,0]]",[],5280,random,3641.928,1.0,1,3641.93,196608,573440,148144,1,0,3.5,3641.93,1,10,3,9,0,0.000961
1042,2025-12-02 09:03:28,SoC.i1_g1_cv1_h4_e1_c1_el1.txt,RELIEF,single_deblur,"[[0,1,0,0,0]]",[],5280,random,16032.0,1.0,1,16032.0,0,1687552,345580,1,0,68.07,16032.0,1,22,0,26,0,0.004246
1043,2025-12-02 09:03:28,SoC.i1_g1_cv1_h4_e1_c1_el1.txt,RELIEF,single_gru,"[[0,0,1,0,0]]",[],5280,random,3012.0,1.0,1,3012.0,7274496,0,6881280,1,0,1.9,3012.0,1,104,111,0,0,0.00063
1044,2025-12-02 09:03:29,SoC.i1_g1_cv1_h4_e1_c1_el1.txt,RELIEF,single_harris,"[[0,0,0,1,0]]",[],5280,random,6437.01,1.0,1,6437.01,196608,507904,738172,1,0,10.9,6437.01,1,12,3,8,0,0.001693
1045,2025-12-02 09:03:29,SoC.i1_g1_cv1_h4_e1_c1_el1.txt,RELIEF,single_lstm,"[[0,0,0,0,1]]",[],5280,random,3808.0,1.0,1,3808.0,7798784,0,8454144,1,0,2.99,3808.0,1,120,119,0,0,0.000784
1046,2025-12-02 09:03:30,SoC.i1_g1_cv1_h4_e1_c1_el1.txt,RELIEF,mixed_balanced,"[[1,1,1,1,1]]",[],5280,random,15483.5876,3.0,5,77417.94,14942208,1261568,18598936,0,5,186.33,26036.0,5,254,228,20,0,0.007156
1047,2025-12-02 09:03:31,SoC.i1_g1_cv1_h4_e1_c1_el1.txt,RELIEF,mixed_vision_heavy,"[[2,2,0,2,0]]",[],5280,random,46513.979333,3.5,6,279083.88,917504,2752512,5118000,0,6,704.82,51527.93,6,62,14,43,0,0.013678
1048,2025-12-02 09:03:32,SoC.i1_g1_cv1_h4_e1_c1_el1.txt,RELIEF,mixed_ml_heavy,"[[0,0,2,0,2]]",[],5280,random,13588.25,2.5,4,54353.0,28573696,0,32243712,0,4,40.8,14072.0,4,445,436,0,0,0.002899
1049,2025-12-02 09:03:33,SoC.i1_g1_cv1_h4_e1_c1_el1.txt,LL,single_canny,"[[1,0,0,0,0]]",[],5280,random,3676.928,1.0,1,3676.93,131072,507904,279216,1,0,3.55,3676.93,1,0,2,8,0,0.000966
1050,2025-12-02 09:03:34,SoC.i1_g1_cv1_h4_e1_c1_el1.txt,LL,single_deblur,"[[0,1,0,0,0]]",[],5280,random,16032.0,1.0,1,16032.0,0,1687552,345580,1,0,68.07,16032.0,1,0,0,26,0,0.004246
1051,2025-12-02 09:03:34,SoC.i1_g1_cv1_h4_e1_c1_el1.txt,LL,single_gru,"[[0,0,1,0,0]]",[],5280,random,3956.0,1.0,1,3956.0,4128768,0,10027008,1,0,3.12,3956.0,1,0,63,0,0,0.000788
1052,2025-12-02 09:03:35,SoC.i1_g1_cv1_h4_e1_c1_el1.txt,LL,single_harris,"[[0,0,0,1,0]]",[],5280,random,6437.01,1.0,1,6437.01,196608,507904,738172,1,0,10.9,6437.01,1,0,3,8,0,0.001693
1053,2025-12-02 09:03:35,SoC.i1_g1_cv1_h4_e1_c1_el1.txt,LL,single_lstm,"[[0,0,0,0,1]]",[],5280,random,5604.0,1.0,1,5604.0,2031616,0,14221312,1,0,6.08,5604.0,1,0,31,0,0,0.001086
1054,2025-12-02 09:03:36,SoC.i1_g1_cv1_h4_e1_c1_el1.txt,LL,mixed_balanced,"[[1,1,1,1,1]]",[],5280,random,15984.9876,3.0,5,79924.94,2293760,999424,31509528,1,4,181.3,25597.0,5,0,35,16,0,0.007083
1055,2025-12-02 09:03:37,SoC.i1_g1_cv1_h4_e1_c1_el1.txt,LL,mixed_vision_heavy,"[[2,2,0,2,0]]",[],5280,random,45945.312667,3.5,6,275671.88,655360,2686976,5445680,0,6,704.56,51514.93,6,0,10,42,0,0.013677
1056,2025-12-02 09:03:38,SoC.i1_g1_cv1_h4_e1_c1_el1.txt,LL,mixed_ml_heavy,"[[0,0,2,0,2]]",[],5280,random,21543.5,2.5,4,86174.0,2490368,0,58327040,0,4,95.16,22275.0,4,0,38,0,0,0.004272
1057,2025-12-02 09:03:39,SoC.i1_g1_cv1_h4_e1_c1_el1.txt,GEDF_D,single_canny,"[[1,0,0,0,0]]",[],5280,random,3653.928,1.0,1,3653.93,196608,507904,213680,1,0,3.52,3653.93,1,0,3,8,0,0.000963
1058,2025-12-02 09:03:40,SoC.i1_g1_cv1_h4_e1_c1_el1.txt,GEDF_D,single_deblur,"[[0,1,0,0,0]]",[],5280,random,16032.0,1.0,1,16032.0,0,1687552,345580,1,0,68.07,16032.0,1,0,0,26,0,0.004246
1059,2025-12-02 09:03:40,SoC.i1_g1_cv1_h4_e1_c1_el1.txt,GEDF_D,single_gru,"[[0,0,1,0,0]]",[],5280,random,3872.0,1.0,1,3872.0,4587520,0,9568256,1,0,3.0,3872.0,1,0,70,0,0,0.000774
1060,2025-12-02 09:03:41,SoC.i1_g1_cv1_h4_e1_c1_el1.txt,GEDF_D,single_harris,"[[0,0,0,1,0]]",[],5280,random,6544.01,1.0,1,6544.01,131072,638976,672636,1,0,11.2,6544.01,1,0,2,10,0,0.001712
1061,2025-12-02 09:03:41,SoC.i1_g1_cv1_h4_e1_c1_el1.txt,GEDF_D,single_lstm,"[[0,0,0,0,1]]",[],5280,random,5504.0,1.0,1,5504.0,2555904,0,13697024,1,0,5.88,5504.0,1,0,39,0,0,0.001069
1062,2025-12-02 09:03:42,SoC.i1_g1_cv1_h4_e1_c1_el1.txt,GEDF_D,mixed_balanced,"[[1,1,1,1,1]]",[],5280,random,15483.3876,3.0,5,77416.94,3604480,1654784,29543448,2,3,236.74,30166.0,5,0,55,26,0,0.007848
1063,2025-12-02 09:03:44,SoC.i1_g1_cv1_h4_e1_c1_el1.txt,GEDF_D,mixed_vision_heavy,"[[2,2,0,2,0]]",[],5280,random,27635.979333,3.5,6,165815.88,655360,2490368,5642288,2,4,685.88,50670.0,6,0,10,39,0,0.013536
1064,2025-12-02 09:03:45,SoC.i1_g1_cv1_h4_e1_c1_el1.txt,GEDF_D,mixed_ml_heavy,"[[0,0,2,0,2]]",[],5280,random,20488.5,2.5,4,81954.0,4325376,0,56492032,0,4,93.15,22021.0,4,0,66,0,0,0.00423
1065,2025-12-02 09:03:45,SoC.i1_g1_cv1_h4_e1_c1_el1.txt,GEDF_N,single_canny,"[[1,0,0,0,0]]",[],5280,random,3676.928,1.0,1,3676.93,131072,507904,279216,1,0,3.55,3676.93,1,0,2,8,0,0.000966
1066,2025-12-02 09:03:46,SoC.i1_g1_cv1_h4_e1_c1_el1.txt,GEDF_N,single_deblur,"[[0,1,0,0,0]]",[],5280,random,16032.0,1.0,1,16032.0,0,1687552,345580,1,0,68.07,16032.0,1,0,0,26,0,0.004246
1067,2025-12-02 09:03:46,SoC.i1_g1_cv1_h4_e1_c1_el1.txt,GEDF_N,single_gru,"[[0,0,1,0,0]]",[],5280,random,3956.0,1.0,1,3956.0,4128768,0,10027008,1,0,3.12,3956.0,1,0,63,0,0,0.000788
1068,2025-12-02 09:03:47,SoC.i1_g1_cv1_h4_e1_c1_el1.txt,GEDF_N,single_harris,"[[0,0,0,1,0]]",[],5280,random,6437.01,1.0,1,6437.01,196608,507904,738172,1,0,10.9,6437.01,1,0,3,8,0,0.001693
1069,2025-12-02 09:03:47,SoC.i1_g1_cv1_h4_e1_c1_el1.txt,GEDF_N,single_lstm,"[[0,0,0,0,1]]",[],5280,random,5604.0,1.0,1,5604.0,2031616,0,14221312,1,0,6.08,5604.0,1,0,31,0,0,0.001086
1070,2025-12-02 09:03:49,SoC.i1_g1_cv1_h4_e1_c1_el1.txt,GEDF_N,mixed_balanced,"[[1,1,1,1,1]]",[],5280,random,16012.1876,3.0,5,80060.94,2359296,999424,31443992,1,4,181.77,25639.0,5,0,36,16,0,0.007089
1071,2025-12-02 09:03:50,SoC.i1_g1_cv1_h4_e1_c1_el1.txt,GEDF_N,mixed_vision_heavy,"[[2,2,0,2,0]]",[],5280,random,43666.146,3.5,6,261996.88,655360,2621440,5511216,0,6,690.17,50868.0,6,0,10,41,0,0.013568
1072,2025-12-02 09:03:51,SoC.i1_g1_cv1_h4_e1_c1_el1.txt,GEDF_N,mixed_ml_heavy,"[[0,0,2,0,2]]",[],5280,random,21481.5,2.5,4,85926.0,2883584,0,57933824,0,4,94.6,22205.0,4,0,44,0,0,0.00426
1073,2025-12-02 09:03:51,SoC.i1_g1_cv1_h4_e1_c1_el1.txt,HetSched,single_canny,"[[1,0,0,0,0]]",[],5280,random,3653.928,1.0,1,3653.93,196608,507904,213680,1,0,3.52,3653.93,1,0,3,8,0,0.000963
1074,2025-12-02 09:03:52,SoC.i1_g1_cv1_h4_e1_c1_el1.txt,HetSched,single_deblur,"[[0,1,0,0,0]]",[],5280,random,16032.0,1.0,1,16032.0,0,1687552,345580,1,0,68.07,16032.0,1,0,0,26,0,0.004246
1075,2025-12-02 09:03:52,SoC.i1_g1_cv1_h4_e1_c1_el1.txt,HetSched,single_gru,"[[0,0,1,0,0]]",[],5280,random,3000.0,1.0,1,3000.0,7274496,0,6881280,1,0,1.89,3000.0,1,0,111,0,0,0.000629
1076,2025-12-02 09:03:53,SoC.i1_g1_cv1_h4_e1_c1_el1.txt,HetSched,single_harris,"[[0,0,0,1,0]]",[],5280,random,6544.01,1.0,1,6544.01,131072,638976,672636,1,0,11.2,6544.01,1,0,2,10,0,0.001712
1077,2025-12-02 09:03:54,SoC.i1_g1_cv1_h4_e1_c1_el1.txt,HetSched,single_lstm,"[[0,0,0,0,1]]",[],5280,random,4560.0,1.0,1,4560.0,5177344,0,11075584,1,0,4.16,4560.0,1,0,79,0,0,0.000911
1078,2025-12-02 09:03:55,SoC.i1_g1_cv1_h4_e1_c1_el1.txt,HetSched,mixed_balanced,"[[1,1,1,1,1]]",[],5280,random,12232.1876,3.0,5,61160.94,12713984,1474560,20614168,3,2,179.49,25438.0,5,0,194,23,0,0.007056
1079,2025-12-02 09:03:56,SoC.i1_g1_cv1_h4_e1_c1_el1.txt,HetSched,mixed_vision_heavy,"[[2,2,0,2,0]]",[],5280,random,40285.979333,3.5,6,241715.88,655360,3211264,4921392,0,6,700.09,51313.93,6,0,10,50,0,0.013643
1080,2025-12-02 09:03:57,SoC.i1_g1_cv1_h4_e1_c1_el1.txt,HetSched,mixed_ml_heavy,"[[0,0,2,0,2]]",[],5280,random,9275.25,2.5,4,37101.0,24838144,0,35979264,1,3,46.62,15143.0,4,0,379,0,0,0.003079
1081,2025-12-02 09:03:57,SoC.i1_g1_cv1_h1_e4_c1_el1.txt,RELIEF,single_canny,"[[1,0,0,0,0]]",[],5280,random,3641.928,1.0,1,3641.93,196608,573440,148144,1,0,3.5,3641.93,1,10,3,9,0,0.000961
1082,2025-12-02 09:03:58,SoC.i1_g1_cv1_h1_e4_c1_el1.txt,RELIEF,single_deblur,"[[0,1,0,0,0]]",[],5280,random,16032.0,1.0,1,16032.0,0,1687552,345580,1,0,68.07,16032.0,1,22,0,26,0,0.004246
1083,2025-12-02 09:03:58,SoC.i1_g1_cv1_h1_e4_c1_el1.txt,RELIEF,single_gru,"[[0,0,1,0,0]]",[],5280,random,3012.0,1.0,1,3012.0,7274496,0,6881280,1,0,1.9,3012.0,1,104,111,0,0,0.00063
1084,2025-12-02 09:03:59,SoC.i1_g1_cv1_h1_e4_c1_el1.txt,RELIEF,single_harris,"[[0,0,0,1,0]]",[],5280,random,6437.01,1.0,1,6437.01,196608,507904,738172,1,0,10.9,6437.01,1,12,3,8,0,0.001693
1085,2025-12-02 09:04:00,SoC.i1_g1_cv1_h1_e4_c1_el1.txt,RELIEF,single_lstm,"[[0,0,0,0,1]]",[],5280,random,3808.0,1.0,1,3808.0,7798784,0,8454144,1,0,2.99,3808.0,1,120,119,0,0,0.000784
1086,2025-12-02 09:04:01,SoC.i1_g1_cv1_h1_e4_c1_el1.txt,RELIEF,mixed_balanced,"[[1,1,1,1,1]]",[],5280,random,15483.5876,3.0,5,77417.94,14942208,1261568,18598936,0,5,186.33,26036.0,5,254,228,20,0,0.007156
1087,2025-12-02 09:04:02,SoC.i1_g1_cv1_h1_e4_c1_el1.txt,RELIEF,mixed_vision_heavy,"[[2,2,0,2,0]]",[],5280,random,46513.979333,3.5,6,279083.88,917504,2752512,5118000,0,6,704.82,51527.93,6,62,14,43,0,0.013678
1088,2025-12-02 09:04:03,SoC.i1_g1_cv1_h1_e4_c1_el1.txt,RELIEF,mixed_ml_heavy,"[[0,0,2,0,2]]",[],5280,random,13588.25,2.5,4,54353.0,28573696,0,32243712,0,4,40.8,14072.0,4,445,436,0,0,0.002899
1089,2025-12-02 09:04:03,SoC.i1_g1_cv1_h1_e4_c1_el1.txt,LL,single_canny,"[[1,0,0,0,0]]",[],5280,random,3676.928,1.0,1,3676.93,131072,507904,279216,1,0,3.55,3676.93,1,0,2,8,0,0.000966
1090,2025-12-02 09:04:04,SoC.i1_g1_cv1_h1_e4_c1_el1.txt,LL,single_deblur,"[[0,1,0,0,0]]",[],5280,random,16032.0,1.0,1,16032.0,0,1687552,345580,1,0,68.07,16032.0,1,0,0,26,0,0.004246
1091,2025-12-02 09:04:04,SoC.i1_g1_cv1_h1_e4_c1_el1.txt,LL,single_gru,"[[0,0,1,0,0]]",[],5280,random,3956.0,1.0,1,3956.0,4128768,0,10027008,1,0,3.12,3956.0,1,0,63,0,0,0.000788
1092,2025-12-02 09:04:05,SoC.i1_g1_cv1_h1_e4_c1_el1.txt,LL,single_harris,"[[0,0,0,1,0]]",[],5280,random,6437.01,1.0,1,6437.01,196608,507904,738172,1,0,10.9,6437.01,1,0,3,8,0,0.001693
1093,2025-12-02 09:04:06,SoC.i1_g1_cv1_h1_e4_c1_el1.txt,LL,single_lstm,"[[0,0,0,0,1]]",[],5280,random,5604.0,1.0,1,5604.0,2031616,0,14221312,1,0,6.08,5604.0,1,0,31,0,0,0.001086
1094,2025-12-02 09:04:07,SoC.i1_g1_cv1_h1_e4_c1_el1.txt,LL,mixed_balanced,"[[1,1,1,1,1]]",[],5280,random,15984.9876,3.0,5,79924.94,2293760,999424,31509528,1,4,181.3,25597.0,5,0,35,16,0,0.007083
1095,2025-12-02 09:04:08,SoC.i1_g1_cv1_h1_e4_c1_el1.txt,LL,mixed_vision_heavy,"[[2,2,0,2,0]]",[],5280,random,45945.312667,3.5,6,275671.88,655360,2686976,5445680,0,6,704.56,51514.93,6,0,10,42,0,0.013677
1096,2025-12-02 09:04:09,SoC.i1_g1_cv1_h1_e4_c1_el1.txt,LL,mixed_ml_heavy,"[[0,0,2,0,2]]",[],5280,random,21543.5,2.5,4,86174.0,2490368,0,58327040,0,4,95.16,22275.0,4,0,38,0,0,0.004272
1097,2025-12-02 09:04:09,SoC.i1_g1_cv1_h1_e4_c1_el1.txt,GEDF_D,single_canny,"[[1,0,0,0,0]]",[],5280,random,3653.928,1.0,1,3653.93,196608,507904,213680,1,0,3.52,3653.93,1,0,3,8,0,0.000963
1098,2025-12-02 09:04:10,SoC.i1_g1_cv1_h1_e4_c1_el1.txt,GEDF_D,single_deblur,"[[0,1,0,0,0]]",[],5280,random,16032.0,1.0,1,16032.0,0,1687552,345580,1,0,68.07,16032.0,1,0,0,26,0,0.004246
1099,2025-12-02 09:04:10,SoC.i1_g1_cv1_h1_e4_c1_el1.txt,GEDF_D,single_gru,"[[0,0,1,0,0]]",[],5280,random,3872.0,1.0,1,3872.0,4587520,0,9568256,1,0,3.0,3872.0,1,0,70,0,0,0.000774
1100,2025-12-02 09:04:11,SoC.i1_g1_cv1_h1_e4_c1_el1.txt,GEDF_D,single_harris,"[[0,0,0,1,0]]",[],5280,random,6544.01,1.0,1,6544.01,131072,638976,672636,1,0,11.2,6544.01,1,0,2,10,0,0.001712
1101,2025-12-02 09:04:12,SoC.i1_g1_cv1_h1_e4_c1_el1.txt,GEDF_D,single_lstm,"[[0,0,0,0,1]]",[],5280,random,5504.0,1.0,1,5504.0,2555904,0,13697024,1,0,5.88,5504.0,1,0,39,0,0,0.001069
1102,2025-12-02 09:04:13,SoC.i1_g1_cv1_h1_e4_c1_el1.txt,GEDF_D,mixed_balanced,"[[1,1,1,1,1]]",[],5280,random,15483.3876,3.0,5,77416.94,3604480,1654784,29543448,2,3,236.74,30166.0,5,0,55,26,0,0.007848
1103,2025-12-02 09:04:14,SoC.i1_g1_cv1_h1_e4_c1_el1.txt,GEDF_D,mixed_vision_heavy,"[[2,2,0,2,0]]",[],5280,random,27635.979333,3.5,6,165815.88,655360,2490368,5642288,2,4,685.88,50670.0,6,0,10,39,0,0.013536
1104,2025-12-02 09:04:15,SoC.i1_g1_cv1_h1_e4_c1_el1.txt,GEDF_D,mixed_ml_heavy,"[[0,0,2,0,2]]",[],5280,random,20488.5,2.5,4,81954.0,4325376,0,56492032,0,4,93.15,22021.0,4,0,66,0,0,0.00423
1105,2025-12-02 09:04:15,SoC.i1_g1_cv1_h1_e4_c1_el1.txt,GEDF_N,single_canny,"[[1,0,0,0,0]]",[],5280,random,3676.928,1.0,1,3676.93,131072,507904,279216,1,0,3.55,3676.93,1,0,2,8,0,0.000966
1106,2025-12-02 09:04:16,SoC.i1_g1_cv1_h1_e4_c1_el1.txt,GEDF_N,single_deblur,"[[0,1,0,0,0]]",[],5280,random,16032.0,1.0,1,16032.0,0,1687552,345580,1,0,68.07,16032.0,1,0,0,26,0,0.004246
1107,2025-12-02 09:04:17,SoC.i1_g1_cv1_h1_e4_c1_el1.txt,GEDF_N,single_gru,"[[0,0,1,0,0]]",[],5280,random,3956.0,1.0,1,3956.0,4128768,0,10027008,1,0,3.12,3956.0,1,0,63,0,0,0.000788
1108,2025-12-02 09:04:17,SoC.i1_g1_cv1_h1_e4_c1_el1.txt,GEDF_N,single_harris,"[[0,0,0,1,0]]",[],5280,random,6437.01,1.0,1,6437.01,196608,507904,738172,1,0,10.9,6437.01,1,0,3,8,0,0.001693
1109,2025-12-02 09:04:18,SoC.i1_g1_cv1_h1_e4_c1_el1.txt,GEDF_N,single_lstm,"[[0,0,0,0,1]]",[],5280,random,5604.0,1.0,1,5604.0,2031616,0,14221312,1,0,6.08,5604.0,1,0,31,0,0,0.001086
1110,2025-12-02 09:04:19,SoC.i1_g1_cv1_h1_e4_c1_el1.txt,GEDF_N,mixed_balanced,"[[1,1,1,1,1]]",[],5280,random,16012.1876,3.0,5,80060.94,2359296,999424,31443992,1,4,181.77,25639.0,5,0,36,16,0,0.007089
1111,2025-12-02 09:04:20,SoC.i1_g1_cv1_h1_e4_c1_el1.txt,GEDF_N,mixed_vision_heavy,"[[2,2,0,2,0]]",[],5280,random,43666.146,3.5,6,261996.88,655360,2621440,5511216,0,6,690.17,50868.0,6,0,10,41,0,0.013568
1112,2025-12-02 09:04:21,SoC.i1_g1_cv1_h1_e4_c1_el1.txt,GEDF_N,mixed_ml_heavy,"[[0,0,2,0,2]]",[],5280,random,21481.5,2.5,4,85926.0,2883584,0,57933824,0,4,94.6,22205.0,4,0,44,0,0,0.00426
1113,2025-12-02 09:04:21,SoC.i1_g1_cv1_h1_e4_c1_el1.txt,HetSched,single_canny,"[[1,0,0,0,0]]",[],5280,random,3653.928,1.0,1,3653.93,196608,507904,213680,1,0,3.52,3653.93,1,0,3,8,0,0.000963
1114,2025-12-02 09:04:22,SoC.i1_g1_cv1_h1_e4_c1_el1.txt,HetSched,single_deblur,"[[0,1,0,0,0]]",[],5280,random,16032.0,1.0,1,16032.0,0,1687552,345580,1,0,68.07,16032.0,1,0,0,26,0,0.004246
1115,2025-12-02 09:04:23,SoC.i1_g1_cv1_h1_e4_c1_el1.txt,HetSched,single_gru,"[[0,0,1,0,0]]",[],5280,random,3000.0,1.0,1,3000.0,7274496,0,6881280,1,0,1.89,3000.0,1,0,111,0,0,0.000629
1116,2025-12-02 09:04:23,SoC.i1_g1_cv1_h1_e4_c1_el1.txt,HetSched,single_harris,"[[0,0,0,1,0]]",[],5280,random,6544.01,1.0,1,6544.01,131072,638976,672636,1,0,11.2,6544.01,1,0,2,10,0,0.001712
1117,2025-12-02 09:04:24,SoC.i1_g1_cv1_h1_e4_c1_el1.txt,HetSched,single_lstm,"[[0,0,0,0,1]]",[],5280,random,4560.0,1.0,1,4560.0,5177344,0,11075584,1,0,4.16,4560.0,1,0,79,0,0,0.000911
1118,2025-12-02 09:04:25,SoC.i1_g1_cv1_h1_e4_c1_el1.txt,HetSched,mixed_balanced,"[[1,1,1,1,1]]",[],5280,random,12232.1876,3.0,5,61160.94,12713984,1474560,20614168,3,2,179.49,25438.0,5,0,194,23,0,0.007056
1119,2025-12-02 09:04:26,SoC.i1_g1_cv1_h1_e4_c1_el1.txt,HetSched,mixed_vision_heavy,"[[2,2,0,2,0]]",[],5280,random,40285.979333,3.5,6,241715.88,655360,3211264,4921392,0,6,700.09,51313.93,6,0,10,50,0,0.013643
1120,2025-12-02 09:04:27,SoC.i1_g1_cv1_h1_e4_c1_el1.txt,HetSched,mixed_ml_heavy,"[[0,0,2,0,2]]",[],5280,random,9275.25,2.5,4,37101.0,24838144,0,35979264,1,3,46.62,15143.0,4,0,379,0,0,0.003079
1121,2025-12-02 09:04:27,SoC.i1_g1_cv1_h1_e1_c4_el1.txt,RELIEF,single_canny,"[[1,0,0,0,0]]",[],5280,random,3641.928,1.0,1,3641.93,196608,573440,148144,1,0,3.5,3641.93,1,10,3,9,0,0.000961
1122,2025-12-02 09:04:28,SoC.i1_g1_cv1_h1_e1_c4_el1.txt,RELIEF,single_deblur,"[[0,1,0,0,0]]",[],5280,random,16032.0,1.0,1,16032.0,0,1687552,345580,1,0,68.07,16032.0,1,22,0,26,0,0.004246
1123,2025-12-02 09:04:28,SoC.i1_g1_cv1_h1_e1_c4_el1.txt,RELIEF,single_gru,"[[0,0,1,0,0]]",[],5280,random,3012.0,1.0,1,3012.0,7274496,0,6881280,1,0,1.9,3012.0,1,104,111,0,0,0.00063
1124,2025-12-02 09:04:29,SoC.i1_g1_cv1_h1_e1_c4_el1.txt,RELIEF,single_harris,"[[0,0,0,1,0]]",[],5280,random,6437.01,1.0,1,6437.01,196608,507904,738172,1,0,10.9,6437.01,1,12,3,8,0,0.001693
1125,2025-12-02 09:04:30,SoC.i1_g1_cv1_h1_e1_c4_el1.txt,RELIEF,single_lstm,"[[0,0,0,0,1]]",[],5280,random,3808.0,1.0,1,3808.0,7798784,0,8454144,1,0,2.99,3808.0,1,120,119,0,0,0.000784
1126,2025-12-02 09:04:31,SoC.i1_g1_cv1_h1_e1_c4_el1.txt,RELIEF,mixed_balanced,"[[1,1,1,1,1]]",[],5280,random,15483.5876,3.0,5,77417.94,14942208,1261568,18598936,0,5,186.33,26036.0,5,254,228,20,0,0.007156
1127,2025-12-02 09:04:32,SoC.i1_g1_cv1_h1_e1_c4_el1.txt,RELIEF,mixed_vision_heavy,"[[2,2,0,2,0]]",[],5280,random,46513.979333,3.5,6,279083.88,917504,2752512,5118000,0,6,704.82,51527.93,6,62,14,43,0,0.013678
1128,2025-12-02 09:04:33,SoC.i1_g1_cv1_h1_e1_c4_el1.txt,RELIEF,mixed_ml_heavy,"[[0,0,2,0,2]]",[],5280,random,13588.25,2.5,4,54353.0,28573696,0,32243712,0,4,40.8,14072.0,4,445,436,0,0,0.002899
1129,2025-12-02 09:04:33,SoC.i1_g1_cv1_h1_e1_c4_el1.txt,LL,single_canny,"[[1,0,0,0,0]]",[],5280,random,3676.928,1.0,1,3676.93,131072,507904,279216,1,0,3.55,3676.93,1,0,2,8,0,0.000966
1130,2025-12-02 09:04:34,SoC.i1_g1_cv1_h1_e1_c4_el1.txt,LL,single_deblur,"[[0,1,0,0,0]]",[],5280,random,16032.0,1.0,1,16032.0,0,1687552,345580,1,0,68.07,16032.0,1,0,0,26,0,0.004246
1131,2025-12-02 09:04:35,SoC.i1_g1_cv1_h1_e1_c4_el1.txt,LL,single_gru,"[[0,0,1,0,0]]",[],5280,random,3956.0,1.0,1,3956.0,4128768,0,10027008,1,0,3.12,3956.0,1,0,63,0,0,0.000788
1132,2025-12-02 09:04:35,SoC.i1_g1_cv1_h1_e1_c4_el1.txt,LL,single_harris,"[[0,0,0,1,0]]",[],5280,random,6437.01,1.0,1,6437.01,196608,507904,738172,1,0,10.9,6437.01,1,0,3,8,0,0.001693
1133,2025-12-02 09:04:36,SoC.i1_g1_cv1_h1_e1_c4_el1.txt,LL,single_lstm,"[[0,0,0,0,1]]",[],5280,random,5604.0,1.0,1,5604.0,2031616,0,14221312,1,0,6.08,5604.0,1,0,31,0,0,0.001086
1134,2025-12-02 09:04:37,SoC.i1_g1_cv1_h1_e1_c4_el1.txt,LL,mixed_balanced,"[[1,1,1,1,1]]",[],5280,random,15984.9876,3.0,5,79924.94,2293760,999424,31509528,1,4,181.3,25597.0,5,0,35,16,0,0.007083
1135,2025-12-02 09:04:38,SoC.i1_g1_cv1_h1_e1_c4_el1.txt,LL,mixed_vision_heavy,"[[2,2,0,2,0]]",[],5280,random,45945.312667,3.5,6,275671.88,655360,2686976,5445680,0,6,704.56,51514.93,6,0,10,42,0,0.013677
1136,2025-12-02 09:04:39,SoC.i1_g1_cv1_h1_e1_c4_el1.txt,LL,mixed_ml_heavy,"[[0,0,2,0,2]]",[],5280,random,21543.5,2.5,4,86174.0,2490368,0,58327040,0,4,95.16,22275.0,4,0,38,0,0,0.004272
1137,2025-12-02 09:04:40,SoC.i1_g1_cv1_h1_e1_c4_el1.txt,GEDF_D,single_canny,"[[1,0,0,0,0]]",[],5280,random,3653.928,1.0,1,3653.93,196608,507904,213680,1,0,3.52,3653.93,1,0,3,8,0,0.000963
1138,2025-12-02 09:04:40,SoC.i1_g1_cv1_h1_e1_c4_el1.txt,GEDF_D,single_deblur,"[[0,1,0,0,0]]",[],5280,random,16032.0,1.0,1,16032.0,0,1687552,345580,1,0,68.07,16032.0,1,0,0,26,0,0.004246
1139,2025-12-02 09:04:41,SoC.i1_g1_cv1_h1_e1_c4_el1.txt,GEDF_D,single_gru,"[[0,0,1,0,0]]",[],5280,random,3872.0,1.0,1,3872.0,4587520,0,9568256,1,0,3.0,3872.0,1,0,70,0,0,0.000774
1140,2025-12-02 09:04:41,SoC.i1_g1_cv1_h1_e1_c4_el1.txt,GEDF_D,single_harris,"[[0,0,0,1,0]]",[],5280,random,6544.01,1.0,1,6544.01,131072,638976,672636,1,0,11.2,6544.01,1,0,2,10,0,0.001712
1141,2025-12-02 09:04:42,SoC.i1_g1_cv1_h1_e1_c4_el1.txt,GEDF_D,single_lstm,"[[0,0,0,0,1]]",[],5280,random,5504.0,1.0,1,5504.0,2555904,0,13697024,1,0,5.88,5504.0,1,0,39,0,0,0.001069
1142,2025-12-02 09:04:43,SoC.i1_g1_cv1_h1_e1_c4_el1.txt,GEDF_D,mixed_balanced,"[[1,1,1,1,1]]",[],5280,random,15483.3876,3.0,5,77416.94,3604480,1654784,29543448,2,3,236.74,30166.0,5,0,55,26,0,0.007848
1143,2025-12-02 09:04:44,SoC.i1_g1_cv1_h1_e1_c4_el1.txt,GEDF_D,mixed_vision_heavy,"[[2,2,0,2,0]]",[],5280,random,27635.979333,3.5,6,165815.88,655360,2490368,5642288,2,4,685.88,50670.0,6,0,10,39,0,0.013536
1144,2025-12-02 09:04:45,SoC.i1_g1_cv1_h1_e1_c4_el1.txt,GEDF_D,mixed_ml_heavy,"[[0,0,2,0,2]]",[],5280,random,20488.5,2.5,4,81954.0,4325376,0,56492032,0,4,93.15,22021.0,4,0,66,0,0,0.00423
1145,2025-12-02 09:04:46,SoC.i1_g1_cv1_h1_e1_c4_el1.txt,GEDF_N,single_canny,"[[1,0,0,0,0]]",[],5280,random,3676.928,1.0,1,3676.93,131072,507904,279216,1,0,3.55,3676.93,1,0,2,8,0,0.000966
1146,2025-12-02 09:04:46,SoC.i1_g1_cv1_h1_e1_c4_el1.txt,GEDF_N,single_deblur,"[[0,1,0,0,0]]",[],5280,random,16032.0,1.0,1,16032.0,0,1687552,345580,1,0,68.07,16032.0,1,0,0,26,0,0.004246
1147,2025-12-02 09:04:47,SoC.i1_g1_cv1_h1_e1_c4_el1.txt,GEDF_N,single_gru,"[[0,0,1,0,0]]",[],5280,random,3956.0,1.0,1,3956.0,4128768,0,10027008,1,0,3.12,3956.0,1,0,63,0,0,0.000788
1148,2025-12-02 09:04:48,SoC.i1_g1_cv1_h1_e1_c4_el1.txt,GEDF_N,single_harris,"[[0,0,0,1,0]]",[],5280,random,6437.01,1.0,1,6437.01,196608,507904,738172,1,0,10.9,6437.01,1,0,3,8,0,0.001693
1149,2025-12-02 09:04:48,SoC.i1_g1_cv1_h1_e1_c4_el1.txt,GEDF_N,single_lstm,"[[0,0,0,0,1]]",[],5280,random,5604.0,1.0,1,5604.0,2031616,0,14221312,1,0,6.08,5604.0,1,0,31,0,0,0.001086
1150,2025-12-02 09:04:49,SoC.i1_g1_cv1_h1_e1_c4_el1.txt,GEDF_N,mixed_balanced,"[[1,1,1,1,1]]",[],5280,random,16012.1876,3.0,5,80060.94,2359296,999424,31443992,1,4,181.77,25639.0,5,0,36,16,0,0.007089
1151,2025-12-02 09:04:50,SoC.i1_g1_cv1_h1_e1_c4_el1.txt,GEDF_N,mixed_vision_heavy,"[[2,2,0,2,0]]",[],5280,random,43666.146,3.5,6,261996.88,655360,2621440,5511216,0,6,690.17,50868.0,6,0,10,41,0,0.013568
1152,2025-12-02 09:04:51,SoC.i1_g1_cv1_h1_e1_c4_el1.txt,GEDF_N,mixed_ml_heavy,"[[0,0,2,0,2]]",[],5280,random,21481.5,2.5,4,85926.0,2883584,0,57933824,0,4,94.6,22205.0,4,0,44,0,0,0.00426
1153,2025-12-02 09:04:52,SoC.i1_g1_cv1_h1_e1_c4_el1.txt,HetSched,single_canny,"[[1,0,0,0,0]]",[],5280,random,3653.928,1.0,1,3653.93,196608,507904,213680,1,0,3.52,3653.93,1,0,3,8,0,0.000963
1154,2025-12-02 09:04:53,SoC.i1_g1_cv1_h1_e1_c4_el1.txt,HetSched,single_deblur,"[[0,1,0,0,0]]",[],5280,random,16032.0,1.0,1,16032.0,0,1687552,345580,1,0,68.07,16032.0,1,0,0,26,0,0.004246
1155,2025-12-02 09:04:53,SoC.i1_g1_cv1_h1_e1_c4_el1.txt,HetSched,single_gru,"[[0,0,1,0,0]]",[],5280,random,3000.0,1.0,1,3000.0,7274496,0,6881280,1,0,1.89,3000.0,1,0,111,0,0,0.000629
1156,2025-12-02 09:04:54,SoC.i1_g1_cv1_h1_e1_c4_el1.txt,HetSched,single_harris,"[[0,0,0,1,0]]",[],5280,random,6544.01,1.0,1,6544.01,131072,638976,672636,1,0,11.2,6544.01,1,0,2,10,0,0.001712
1157,2025-12-02 09:04:54,SoC.i1_g1_cv1_h1_e1_c4_el1.txt,HetSched,single_lstm,"[[0,0,0,0,1]]",[],5280,random,4560.0,1.0,1,4560.0,5177344,0,11075584,1,0,4.16,4560.0,1,0,79,0,0,0.000911
1158,2025-12-02 09:04:55,SoC.i1_g1_cv1_h1_e1_c4_el1.txt,HetSched,mixed_balanced,"[[1,1,1,1,1]]",[],5280,random,12232.1876,3.0,5,61160.94,12713984,1474560,20614168,3,2,179.49,25438.0,5,0,194,23,0,0.007056
1159,2025-12-02 09:04:56,SoC.i1_g1_cv1_h1_e1_c4_el1.txt,HetSched,mixed_vision_heavy,"[[2,2,0,2,0]]",[],5280,random,40285.979333,3.5,6,241715.88,655360,3211264,4921392,0,6,700.09,51313.93,6,0,10,50,0,0.013643
1160,2025-12-02 09:04:57,SoC.i1_g1_cv1_h1_e1_c4_el1.txt,HetSched,mixed_ml_heavy,"[[0,0,2,0,2]]",[],5280,random,9275.25,2.5,4,37101.0,24838144,0,35979264,1,3,46.62,15143.0,4,0,379,0,0,0.003079
1161,2025-12-02 09:04:58,SoC.i1_g1_cv1_h1_e1_c1_el4.txt,RELIEF,single_canny,"[[1,0,0,0,0]]",[],5280,random,3618.928,1.0,1,3618.93,196608,638976,82608,1,0,3.46,3618.93,1,10,3,10,0,0.000956
1162,2025-12-02 09:04:59,SoC.i1_g1_cv1_h1_e1_c1_el4.txt,RELIEF,single_deblur,"[[0,1,0,0,0]]",[],5280,random,15996.0,1.0,1,15996.0,65536,1818624,148972,1,0,67.81,15996.0,1,22,1,28,0,0.004239
1163,2025-12-02 09:04:59,SoC.i1_g1_cv1_h1_e1_c1_el4.txt,RELIEF,single_gru,"[[0,0,1,0,0]]",[],5280,random,3858.0,1.0,1,3858.0,1835008,5636096,6684672,1,0,2.97,3858.0,1,101,28,86,0,0.000771
1164,2025-12-02 09:05:00,SoC.i1_g1_cv1_h1_e1_c1_el4.txt,RELIEF,single_harris,"[[0,0,0,1,0]]",[],5280,random,6429.01,1.0,1,6429.01,65536,901120,476028,1,0,10.88,6429.01,1,11,1,14,0,0.001692
1165,2025-12-02 09:05:00,SoC.i1_g1_cv1_h1_e1_c1_el4.txt,RELIEF,single_lstm,"[[0,0,0,0,1]]",[],5280,random,4037.0,1.0,1,4037.0,2097152,6619136,7536640,1,0,3.32,4037.0,1,96,32,101,0,0.000823
1166,2025-12-02 09:05:01,SoC.i1_g1_cv1_h1_e1_c1_el4.txt,RELIEF,mixed_balanced,"[[1,1,1,1,1]]",[],5280,random,20034.5876,3.0,5,100172.94,3932160,9551872,21318680,0,5,213.95,28357.0,5,172,60,146,0,0.007545
1167,2025-12-02 09:05:03,SoC.i1_g1_cv1_h1_e1_c1_el4.txt,RELIEF,mixed_vision_heavy,"[[2,2,0,2,0]]",[],5280,random,46841.312667,3.5,6,281047.88,262144,3604480,4921392,0,6,714.19,51945.93,6,60,4,56,0,0.013749
1168,2025-12-02 09:05:04,SoC.i1_g1_cv1_h1_e1_c1_el4.txt,RELIEF,mixed_ml_heavy,"[[0,0,2,0,2]]",[],5280,random,41435.0,2.5,4,165740.0,6750208,8388608,45678592,0,4,319.51,42097.0,4,216,103,128,0,0.00759
1169,2025-12-02 09:05:05,SoC.i1_g1_cv1_h1_e1_c1_el4.txt,LL,single_canny,"[[1,0,0,0,0]]",[],5280,random,3618.928,1.0,1,3618.93,196608,638976,82608,1,0,3.46,3618.93,1,0,3,10,0,0.000956
1170,2025-12-02 09:05:05,SoC.i1_g1_cv1_h1_e1_c1_el4.txt,LL,single_deblur,"[[0,1,0,0,0]]",[],5280,random,15996.0,1.0,1,15996.0,65536,1818624,148972,1,0,67.81,15996.0,1,0,1,28,0,0.004239
1171,2025-12-02 09:05:06,SoC.i1_g1_cv1_h1_e1_c1_el4.txt,LL,single_gru,"[[0,0,1,0,0]]",[],5280,random,3822.0,1.0,1,3822.0,1638400,5832704,6684672,1,0,2.93,3822.0,1,0,25,89,0,0.000766
1172,2025-12-02 09:05:06,SoC.i1_g1_cv1_h1_e1_c1_el4.txt,LL,single_harris,"[[0,0,0,1,0]]",[],5280,random,6429.01,1.0,1,6429.01,65536,901120,476028,1,0,10.88,6429.01,1,0,1,14,0,0.001692
1173,2025-12-02 09:05:07,SoC.i1_g1_cv1_h1_e1_c1_el4.txt,LL,single_lstm,"[[0,0,0,0,1]]",[],5280,random,4643.0,1.0,1,4643.0,1638400,6422528,8192000,1,0,4.29,4643.0,1,0,25,98,0,0.000925
1174,2025-12-02 09:05:08,SoC.i1_g1_cv1_h1_e1_c1_el4.txt,LL,mixed_balanced,"[[1,1,1,1,1]]",[],5280,random,18248.7876,3.0,5,91243.94,3080192,9355264,22367256,0,5,198.71,27095.0,5,0,47,143,0,0.007334
1175,2025-12-02 09:05:09,SoC.i1_g1_cv1_h1_e1_c1_el4.txt,LL,mixed_vision_heavy,"[[2,2,0,2,0]]",[],5280,random,46285.979333,3.5,6,277715.88,327680,3538944,4921392,0,6,712.33,51860.93,6,0,5,55,0,0.013735
1176,2025-12-02 09:05:11,SoC.i1_g1_cv1_h1_e1_c1_el4.txt,LL,mixed_ml_heavy,"[[0,0,2,0,2]]",[],5280,random,47973.75,2.5,4,191895.0,3997696,8585216,48234496,0,4,427.75,48951.0,4,0,61,131,0,0.008738
1177,2025-12-02 09:05:11,SoC.i1_g1_cv1_h1_e1_c1_el4.txt,GEDF_D,single_canny,"[[1,0,0,0,0]]",[],5280,random,3618.928,1.0,1,3618.93,196608,638976,82608,1,0,3.46,3618.93,1,0,3,10,0,0.000956
1178,2025-12-02 09:05:12,SoC.i1_g1_cv1_h1_e1_c1_el4.txt,GEDF_D,single_deblur,"[[0,1,0,0,0]]",[],5280,random,15996.0,1.0,1,15996.0,65536,1818624,148972,1,0,67.81,15996.0,1,0,1,28,0,0.004239
1179,2025-12-02 09:05:13,SoC.i1_g1_cv1_h1_e1_c1_el4.txt,GEDF_D,single_gru,"[[0,0,1,0,0]]",[],5280,random,3783.0,1.0,1,3783.0,1703936,5767168,6684672,1,0,2.87,3783.0,1,0,26,88,0,0.000759
1180,2025-12-02 09:05:13,SoC.i1_g1_cv1_h1_e1_c1_el4.txt,GEDF_D,single_harris,"[[0,0,0,1,0]]",[],5280,random,6429.01,1.0,1,6429.01,65536,835584,541564,1,0,10.88,6429.01,1,0,1,13,0,0.001692
1181,2025-12-02 09:05:14,SoC.i1_g1_cv1_h1_e1_c1_el4.txt,GEDF_D,single_lstm,"[[0,0,0,0,1]]",[],5280,random,4530.0,1.0,1,4530.0,1441792,6356992,8454144,1,0,4.11,4530.0,1,0,22,97,0,0.000906
1182,2025-12-02 09:05:15,SoC.i1_g1_cv1_h1_e1_c1_el4.txt,GEDF_D,mixed_balanced,"[[1,1,1,1,1]]",[],5280,random,15769.5876,3.0,5,78847.94,2162688,10797056,21842968,2,3,201.9,27361.0,5,0,33,165,0,0.007379
1183,2025-12-02 09:05:16,SoC.i1_g1_cv1_h1_e1_c1_el4.txt,GEDF_D,mixed_vision_heavy,"[[2,2,0,2,0]]",[],5280,random,29114.479333,3.5,6,174686.88,524288,3604480,4659248,2,4,722.74,52326.0,6,0,8,56,0,0.013812
1184,2025-12-02 09:05:18,SoC.i1_g1_cv1_h1_e1_c1_el4.txt,GEDF_D,mixed_ml_heavy,"[[0,0,2,0,2]]",[],5280,random,45176.5,2.5,4,180706.0,3538944,8716288,48562176,0,4,388.43,46575.0,4,0,54,133,0,0.00834
1185,2025-12-02 09:05:18,SoC.i1_g1_cv1_h1_e1_c1_el4.txt,GEDF_N,single_canny,"[[1,0,0,0,0]]",[],5280,random,3618.928,1.0,1,3618.93,196608,638976,82608,1,0,3.46,3618.93,1,0,3,10,0,0.000956
1186,2025-12-02 09:05:19,SoC.i1_g1_cv1_h1_e1_c1_el4.txt,GEDF_N,single_deblur,"[[0,1,0,0,0]]",[],5280,random,15996.0,1.0,1,15996.0,65536,1818624,148972,1,0,67.81,15996.0,1,0,1,28,0,0.004239
1187,2025-12-02 09:05:19,SoC.i1_g1_cv1_h1_e1_c1_el4.txt,GEDF_N,single_gru,"[[0,0,1,0,0]]",[],5280,random,3822.0,1.0,1,3822.0,1638400,5832704,6684672,1,0,2.93,3822.0,1,0,25,89,0,0.000766
1188,2025-12-02 09:05:20,SoC.i1_g1_cv1_h1_e1_c1_el4.txt,GEDF_N,single_harris,"[[0,0,0,1,0]]",[],5280,random,6429.01,1.0,1,6429.01,65536,901120,476028,1,0,10.88,6429.01,1,0,1,14,0,0.001692
1189,2025-12-02 09:05:21,SoC.i1_g1_cv1_h1_e1_c1_el4.txt,GEDF_N,single_lstm,"[[0,0,0,0,1]]",[],5280,random,4643.0,1.0,1,4643.0,1638400,6422528,8192000,1,0,4.29,4643.0,1,0,25,98,0,0.000925
1190,2025-12-02 09:05:22,SoC.i1_g1_cv1_h1_e1_c1_el4.txt,GEDF_N,mixed_balanced,"[[1,1,1,1,1]]",[],5280,random,20371.7876,3.0,5,101858.94,2621440,9420800,22760472,1,4,220.96,28920.0,5,0,40,144,0,0.00764
1191,2025-12-02 09:05:23,SoC.i1_g1_cv1_h1_e1_c1_el4.txt,GEDF_N,mixed_vision_heavy,"[[2,2,0,2,0]]",[],5280,random,44355.812667,3.5,6,266134.88,262144,3538944,4986928,0,6,713.5,51915.0,6,0,4,55,0,0.013744
1192,2025-12-02 09:05:25,SoC.i1_g1_cv1_h1_e1_c1_el4.txt,GEDF_N,mixed_ml_heavy,"[[0,0,2,0,2]]",[],5280,random,49188.0,2.5,4,196752.0,3407872,8060928,49348608,0,4,452.13,50371.0,4,0,52,123,0,0.008976
1193,2025-12-02 09:05:25,SoC.i1_g1_cv1_h1_e1_c1_el4.txt,HetSched,single_canny,"[[1,0,0,0,0]]",[],5280,random,3618.928,1.0,1,3618.93,196608,638976,82608,1,0,3.46,3618.93,1,0,3,10,0,0.000956
1194,2025-12-02 09:05:26,SoC.i1_g1_cv1_h1_e1_c1_el4.txt,HetSched,single_deblur,"[[0,1,0,0,0]]",[],5280,random,15996.0,1.0,1,15996.0,65536,1818624,148972,1,0,67.81,15996.0,1,0,1,28,0,0.004239
1195,2025-12-02 09:05:26,SoC.i1_g1_cv1_h1_e1_c1_el4.txt,HetSched,single_gru,"[[0,0,1,0,0]]",[],5280,random,3802.0,1.0,1,3802.0,1900544,5570560,6684672,1,0,2.9,3802.0,1,0,29,85,0,0.000763
1196,2025-12-02 09:05:27,SoC.i1_g1_cv1_h1_e1_c1_el4.txt,HetSched,single_harris,"[[0,0,0,1,0]]",[],5280,random,6429.01,1.0,1,6429.01,65536,835584,541564,1,0,10.88,6429.01,1,0,1,13,0,0.001692
1197,2025-12-02 09:05:28,SoC.i1_g1_cv1_h1_e1_c1_el4.txt,HetSched,single_lstm,"[[0,0,0,0,1]]",[],5280,random,4767.0,1.0,1,4767.0,1835008,6422528,7995392,1,0,4.5,4767.0,1,0,28,98,0,0.000945
1198,2025-12-02 09:05:29,SoC.i1_g1_cv1_h1_e1_c1_el4.txt,HetSched,mixed_balanced,"[[1,1,1,1,1]]",[],5280,random,15290.3876,3.0,5,76451.94,3342336,11124736,20335640,1,4,194.56,26743.0,5,0,51,170,0,0.007275
1199,2025-12-02 09:05:30,SoC.i1_g1_cv1_h1_e1_c1_el4.txt,HetSched,mixed_vision_heavy,"[[2,2,0,2,0]]",[],5280,random,40170.979333,3.5,6,241025.88,393216,4259840,4134960,0,6,698.31,51233.93,6,0,6,66,0,0.01363
1200,2025-12-02 09:05:31,SoC.i1_g1_cv1_h1_e1_c1_el4.txt,HetSched,mixed_ml_heavy,"[[0,0,2,0,2]]",[],5280,random,32425.5,2.5,4,129702.0,4718592,11993088,44105728,0,4,233.29,35742.0,4,0,72,183,0,0.006527
