experiment_num,timestamp,soc_config,scheduler,workload_name,job_list,job_probabilities,ave_latency,average_concurrent_jobs,completed_jobs,cumulative_execution_time,data_colocated,data_forwarded,data_from_memory,deadlines_met,deadlines_missed,edp,execution_time,injected_jobs,memory_bandwidth,num_RELIEF_forwards,num_colocations,num_forwards,time_moving_memory,total_energy
1,2025-12-01 20:37:31,SoC.i1_g1_cv1_h1_e1_c1_el1.txt,RELIEF,single_canny,"[[1,0,0,0,0]]",[],3546.928,1.0,1,3546.93,196608,573440,148144,1,0,3.35,3546.93,1,16000,10,3,9,0,0.000944
2,2025-12-01 20:37:32,SoC.i1_g1_cv1_h1_e1_c1_el1.txt,RELIEF,single_deblur,"[[0,1,0,0,0]]",[],15756.0,1.0,1,15756.0,0,1687552,345580,1,0,66.16,15756.0,1,16000,22,0,26,0,0.004199
3,2025-12-01 20:37:32,SoC.i1_g1_cv1_h1_e1_c1_el1.txt,RELIEF,single_gru,"[[0,0,1,0,0]]",[],1908.0,1.0,1,1908.0,7274496,0,6881280,1,0,0.85,1908.0,1,16000,104,111,0,0,0.000445
4,2025-12-01 20:37:33,SoC.i1_g1_cv1_h1_e1_c1_el1.txt,RELIEF,single_harris,"[[0,0,0,1,0]]",[],8408.01,1.0,1,8408.01,262144,507904,672636,1,0,17.01,8408.01,1,16000,12,4,8,0,0.002023
5,2025-12-01 20:37:33,SoC.i1_g1_cv1_h1_e1_c1_el1.txt,RELIEF,single_lstm,"[[0,0,0,0,1]]",[],2385.0,1.0,1,2385.0,7798784,0,8454144,1,0,1.3,2385.0,1,16000,120,119,0,0,0.000546
6,2025-12-01 20:37:34,SoC.i1_g1_cv1_h1_e1_c1_el1.txt,RELIEF,mixed_balanced,"[[1,1,1,1,1]]",[],12767.3876,3.0,5,63836.94,15466496,1589248,17746968,3,2,231.83,29782.0,5,16000,260,236,25,0,0.007784
7,2025-12-01 20:37:36,SoC.i1_g1_cv1_h1_e1_c1_el1.txt,RELIEF,mixed_vision_heavy,"[[2,2,0,2,0]]",[],34589.479333,3.5,6,207536.88,917504,2752512,5118000,2,4,1183.26,70325.0,6,16000,62,14,43,0,0.016826
8,2025-12-01 20:37:36,SoC.i1_g1_cv1_h1_e1_c1_el1.txt,RELIEF,mixed_ml_heavy,"[[0,0,2,0,2]]",[],5959.25,2.5,4,23837.0,30015488,0,30801920,3,1,17.01,8587.0,4,16000,445,458,0,0,0.00198
9,2025-12-01 20:37:37,SoC.i1_g1_cv1_h1_e1_c1_el1.txt,LL,single_canny,"[[1,0,0,0,0]]",[],3545.928,1.0,1,3545.93,196608,573440,148144,1,0,3.35,3545.93,1,16000,0,3,9,0,0.000944
10,2025-12-01 20:37:38,SoC.i1_g1_cv1_h1_e1_c1_el1.txt,LL,single_deblur,"[[0,1,0,0,0]]",[],15756.0,1.0,1,15756.0,0,1687552,345580,1,0,66.16,15756.0,1,16000,0,0,26,0,0.004199
11,2025-12-01 20:37:38,SoC.i1_g1_cv1_h1_e1_c1_el1.txt,LL,single_gru,"[[0,0,1,0,0]]",[],1931.0,1.0,1,1931.0,6815744,0,7340032,1,0,0.87,1931.0,1,16000,0,104,0,0,0.00045
12,2025-12-01 20:37:39,SoC.i1_g1_cv1_h1_e1_c1_el1.txt,LL,single_harris,"[[0,0,0,1,0]]",[],8776.01,1.0,1,8776.01,262144,573440,607100,1,0,18.3,8776.01,1,16000,0,4,9,0,0.002085
13,2025-12-01 20:37:39,SoC.i1_g1_cv1_h1_e1_c1_el1.txt,LL,single_lstm,"[[0,0,0,0,1]]",[],2495.0,1.0,1,2495.0,6750208,0,9502720,1,0,1.41,2495.0,1,16000,0,103,0,0,0.000565
14,2025-12-01 20:37:40,SoC.i1_g1_cv1_h1_e1_c1_el1.txt,LL,mixed_balanced,"[[1,1,1,1,1]]",[],12709.7876,3.0,5,63548.94,13893632,1589248,19319832,3,2,231.84,29784.0,5,16000,0,212,25,0,0.007784
15,2025-12-01 20:37:42,SoC.i1_g1_cv1_h1_e1_c1_el1.txt,LL,mixed_vision_heavy,"[[2,2,0,2,0]]",[],35720.812667,3.5,6,214324.88,720896,2818048,5249072,2,4,1229.49,71928.0,6,16000,0,11,44,0,0.017093
16,2025-12-01 20:37:43,SoC.i1_g1_cv1_h1_e1_c1_el1.txt,LL,mixed_ml_heavy,"[[0,0,2,0,2]]",[],5654.5,2.5,4,22618.0,24707072,0,36110336,3,1,18.89,9123.0,4,16000,0,377,0,0,0.002071
17,2025-12-01 20:37:43,SoC.i1_g1_cv1_h1_e1_c1_el1.txt,GEDF_D,single_canny,"[[1,0,0,0,0]]",[],3550.928,1.0,1,3550.93,196608,507904,213680,1,0,3.36,3550.93,1,16000,0,3,8,0,0.000946
18,2025-12-01 20:37:44,SoC.i1_g1_cv1_h1_e1_c1_el1.txt,GEDF_D,single_deblur,"[[0,1,0,0,0]]",[],15756.0,1.0,1,15756.0,0,1687552,345580,1,0,66.16,15756.0,1,16000,0,0,26,0,0.004199
19,2025-12-01 20:37:44,SoC.i1_g1_cv1_h1_e1_c1_el1.txt,GEDF_D,single_gru,"[[0,0,1,0,0]]",[],2258.0,1.0,1,2258.0,4587520,0,9568256,1,0,1.14,2258.0,1,16000,0,70,0,0,0.000503
20,2025-12-01 20:37:45,SoC.i1_g1_cv1_h1_e1_c1_el1.txt,GEDF_D,single_harris,"[[0,0,0,1,0]]",[],8824.01,1.0,1,8824.01,131072,638976,672636,1,0,18.47,8824.01,1,16000,0,2,10,0,0.002093
21,2025-12-01 20:37:46,SoC.i1_g1_cv1_h1_e1_c1_el1.txt,GEDF_D,single_lstm,"[[0,0,0,0,1]]",[],3024.0,1.0,1,3024.0,2555904,0,13697024,1,0,1.98,3024.0,1,16000,0,39,0,0,0.000654
22,2025-12-01 20:37:47,SoC.i1_g1_cv1_h1_e1_c1_el1.txt,GEDF_D,mixed_balanced,"[[1,1,1,1,1]]",[],14280.1876,3.0,5,71400.94,3604480,1556480,29641752,2,3,239.69,30393.0,5,16000,0,55,24,0,0.007886
23,2025-12-01 20:37:48,SoC.i1_g1_cv1_h1_e1_c1_el1.txt,GEDF_D,mixed_vision_heavy,"[[2,2,0,2,0]]",[],40529.812667,3.5,6,243178.88,655360,2490368,5642288,1,5,1259.69,72959.0,6,16000,0,10,39,0,0.017266
24,2025-12-01 20:37:49,SoC.i1_g1_cv1_h1_e1_c1_el1.txt,GEDF_D,mixed_ml_heavy,"[[0,0,2,0,2]]",[],10888.25,2.5,4,43553.0,4456448,0,56360960,0,4,29.77,11810.0,4,16000,0,68,0,0,0.002521
25,2025-12-01 20:37:49,SoC.i1_g1_cv1_h1_e1_c1_el1.txt,GEDF_N,single_canny,"[[1,0,0,0,0]]",[],3558.928,1.0,1,3558.93,131072,507904,279216,1,0,3.37,3558.93,1,16000,0,2,8,0,0.000946
26,2025-12-01 20:37:50,SoC.i1_g1_cv1_h1_e1_c1_el1.txt,GEDF_N,single_deblur,"[[0,1,0,0,0]]",[],15756.0,1.0,1,15756.0,0,1687552,345580,1,0,66.16,15756.0,1,16000,0,0,26,0,0.004199
27,2025-12-01 20:37:51,SoC.i1_g1_cv1_h1_e1_c1_el1.txt,GEDF_N,single_gru,"[[0,0,1,0,0]]",[],2285.0,1.0,1,2285.0,4128768,0,10027008,1,0,1.16,2285.0,1,16000,0,63,0,0,0.000508
28,2025-12-01 20:37:51,SoC.i1_g1_cv1_h1_e1_c1_el1.txt,GEDF_N,single_harris,"[[0,0,0,1,0]]",[],8408.01,1.0,1,8408.01,196608,507904,738172,1,0,17.01,8408.01,1,16000,0,3,8,0,0.002023
29,2025-12-01 20:37:52,SoC.i1_g1_cv1_h1_e1_c1_el1.txt,GEDF_N,single_lstm,"[[0,0,0,0,1]]",[],3060.0,1.0,1,3060.0,2031616,0,14221312,1,0,2.02,3060.0,1,16000,0,31,0,0,0.00066
30,2025-12-01 20:37:53,SoC.i1_g1_cv1_h1_e1_c1_el1.txt,GEDF_N,mixed_balanced,"[[1,1,1,1,1]]",[],19251.5876,3.0,5,96257.94,2621440,1081344,31099928,1,4,310.54,35517.0,5,16000,0,40,17,0,0.008743
31,2025-12-01 20:37:54,SoC.i1_g1_cv1_h1_e1_c1_el1.txt,GEDF_N,mixed_vision_heavy,"[[2,2,0,2,0]]",[],60533.312667,3.5,6,363199.88,655360,2621440,5511216,0,6,1196.11,70772.0,6,16000,0,10,41,0,0.016901
32,2025-12-01 20:37:55,SoC.i1_g1_cv1_h1_e1_c1_el1.txt,GEDF_N,mixed_ml_heavy,"[[0,0,2,0,2]]",[],11367.25,2.5,4,45469.0,3473408,0,57344000,0,4,30.0,11862.0,4,16000,0,53,0,0,0.002529
33,2025-12-01 20:37:56,SoC.i1_g1_cv1_h1_e1_c1_el1.txt,HetSched,single_canny,"[[1,0,0,0,0]]",[],3550.928,1.0,1,3550.93,196608,507904,213680,1,0,3.36,3550.93,1,16000,0,3,8,0,0.000946
34,2025-12-01 20:37:56,SoC.i1_g1_cv1_h1_e1_c1_el1.txt,HetSched,single_deblur,"[[0,1,0,0,0]]",[],15756.0,1.0,1,15756.0,0,1687552,345580,1,0,66.16,15756.0,1,16000,0,0,26,0,0.004199
35,2025-12-01 20:37:57,SoC.i1_g1_cv1_h1_e1_c1_el1.txt,HetSched,single_gru,"[[0,0,1,0,0]]",[],1912.0,1.0,1,1912.0,7274496,0,6881280,1,0,0.85,1912.0,1,16000,0,111,0,0,0.000446
36,2025-12-01 20:37:57,SoC.i1_g1_cv1_h1_e1_c1_el1.txt,HetSched,single_harris,"[[0,0,0,1,0]]",[],8824.01,1.0,1,8824.01,131072,638976,672636,1,0,18.47,8824.01,1,16000,0,2,10,0,0.002093
37,2025-12-01 20:37:58,SoC.i1_g1_cv1_h1_e1_c1_el1.txt,HetSched,single_lstm,"[[0,0,0,0,1]]",[],2655.0,1.0,1,2655.0,5177344,0,11075584,1,0,1.57,2655.0,1,16000,0,79,0,0,0.000592
38,2025-12-01 20:37:59,SoC.i1_g1_cv1_h1_e1_c1_el1.txt,HetSched,mixed_balanced,"[[1,1,1,1,1]]",[],15319.9876,3.0,5,76599.94,12648448,1294336,20859928,3,2,279.69,33362.0,5,16000,0,193,20,0,0.008383
39,2025-12-01 20:38:00,SoC.i1_g1_cv1_h1_e1_c1_el1.txt,HetSched,mixed_vision_heavy,"[[2,2,0,2,0]]",[],56802.146,3.5,6,340812.88,655360,3211264,4921392,0,6,1235.2,72120.93,6,16000,0,10,50,0,0.017127
40,2025-12-01 20:38:01,SoC.i1_g1_cv1_h1_e1_c1_el1.txt,HetSched,mixed_ml_heavy,"[[0,0,2,0,2]]",[],5485.25,2.5,4,21941.0,24903680,0,35913728,3,1,18.93,9134.0,4,16000,0,380,0,0,0.002072
41,2025-12-01 20:38:02,SoC.i2_g2_cv2_h2_e2_c2_el2.txt,RELIEF,single_canny,"[[1,0,0,0,0]]",[],4209.928,1.0,1,4209.93,196608,573440,148144,1,0,4.44,4209.93,1,16000,9,3,9,0,0.001055
42,2025-12-01 20:38:02,SoC.i2_g2_cv2_h2_e2_c2_el2.txt,RELIEF,single_deblur,"[[0,1,0,0,0]]",[],15756.0,1.0,1,15756.0,0,1687552,345580,1,0,66.16,15756.0,1,16000,22,0,26,0,0.004199
43,2025-12-01 20:38:03,SoC.i2_g2_cv2_h2_e2_c2_el2.txt,RELIEF,single_gru,"[[0,0,1,0,0]]",[],2837.0,1.0,1,2837.0,6750208,1441792,5963776,1,0,1.7,2837.0,1,16000,111,103,22,0,0.0006
44,2025-12-01 20:38:04,SoC.i2_g2_cv2_h2_e2_c2_el2.txt,RELIEF,single_harris,"[[0,0,0,1,0]]",[],4058.01,1.0,1,4058.01,196608,835584,410492,1,0,5.25,4058.01,1,16000,14,3,13,0,0.001295
45,2025-12-01 20:38:04,SoC.i2_g2_cv2_h2_e2_c2_el2.txt,RELIEF,single_lstm,"[[0,0,0,0,1]]",[],3548.0,1.0,1,3548.0,7798784,983040,7471104,1,0,2.63,3548.0,1,16000,119,119,15,0,0.000741
46,2025-12-01 20:38:05,SoC.i2_g2_cv2_h2_e2_c2_el2.txt,RELIEF,mixed_balanced,"[[1,1,1,1,1]]",[],14143.7876,3.0,5,70718.94,13565952,3424256,17812504,2,3,196.49,26909.0,5,16000,246,207,53,0,0.007302
47,2025-12-01 20:38:07,SoC.i2_g2_cv2_h2_e2_c2_el2.txt,RELIEF,mixed_vision_heavy,"[[2,2,0,2,0]]",[],19607.146,3.5,6,117642.88,786432,3768320,4233264,2,4,338.54,32341.0,6,16000,78,12,59,0,0.010468
48,2025-12-01 20:38:08,SoC.i2_g2_cv2_h2_e2_c2_el2.txt,RELIEF,mixed_ml_heavy,"[[0,0,2,0,2]]",[],20224.5,2.5,4,80898.0,27787264,851968,32178176,0,4,103.68,23319.0,4,16000,425,424,13,0,0.004446
49,2025-12-01 20:38:08,SoC.i2_g2_cv2_h2_e2_c2_el2.txt,LL,single_canny,"[[1,0,0,0,0]]",[],4212.928,1.0,1,4212.93,196608,573440,148144,1,0,4.45,4212.93,1,16000,0,3,9,0,0.001057
50,2025-12-01 20:38:09,SoC.i2_g2_cv2_h2_e2_c2_el2.txt,LL,single_deblur,"[[0,1,0,0,0]]",[],15756.0,1.0,1,15756.0,0,1687552,345580,1,0,66.16,15756.0,1,16000,0,0,26,0,0.004199
51,2025-12-01 20:38:10,SoC.i2_g2_cv2_h2_e2_c2_el2.txt,LL,single_gru,"[[0,0,1,0,0]]",[],2837.0,1.0,1,2837.0,6750208,1441792,5963776,1,0,1.7,2837.0,1,16000,0,103,22,0,0.0006
52,2025-12-01 20:38:10,SoC.i2_g2_cv2_h2_e2_c2_el2.txt,LL,single_harris,"[[0,0,0,1,0]]",[],4058.01,1.0,1,4058.01,196608,835584,410492,1,0,5.25,4058.01,1,16000,0,3,13,0,0.001295
53,2025-12-01 20:38:11,SoC.i2_g2_cv2_h2_e2_c2_el2.txt,LL,single_lstm,"[[0,0,0,0,1]]",[],7146.0,1.0,1,7146.0,7077888,1572864,7602176,0,1,9.6,7146.0,1,16000,0,108,24,0,0.001343
54,2025-12-01 20:38:12,SoC.i2_g2_cv2_h2_e2_c2_el2.txt,LL,mixed_balanced,"[[1,1,1,1,1]]",[],12977.3876,3.0,5,64886.94,12845056,3424256,18533400,2,3,169.12,24509.0,5,16000,0,196,53,0,0.0069
55,2025-12-01 20:38:13,SoC.i2_g2_cv2_h2_e2_c2_el2.txt,LL,mixed_vision_heavy,"[[2,2,0,2,0]]",[],17419.146,3.5,6,104514.88,720896,4227072,3840048,4,2,318.41,31059.0,6,16000,0,11,66,0,0.010252
56,2025-12-01 20:38:15,SoC.i2_g2_cv2_h2_e2_c2_el2.txt,LL,mixed_ml_heavy,"[[0,0,2,0,2]]",[],49519.75,2.5,4,198079.0,18743296,2621440,39452672,0,4,609.77,58751.0,4,16000,0,286,40,0,0.010379
57,2025-12-01 20:38:16,SoC.i2_g2_cv2_h2_e2_c2_el2.txt,GEDF_D,single_canny,"[[1,0,0,0,0]]",[],4209.928,1.0,1,4209.93,196608,573440,148144,1,0,4.44,4209.93,1,16000,0,3,9,0,0.001055
58,2025-12-01 20:38:17,SoC.i2_g2_cv2_h2_e2_c2_el2.txt,GEDF_D,single_deblur,"[[0,1,0,0,0]]",[],15756.0,1.0,1,15756.0,0,1687552,345580,1,0,66.16,15756.0,1,16000,0,0,26,0,0.004199
59,2025-12-01 20:38:17,SoC.i2_g2_cv2_h2_e2_c2_el2.txt,GEDF_D,single_gru,"[[0,0,1,0,0]]",[],2837.0,1.0,1,2837.0,6750208,1441792,5963776,1,0,1.7,2837.0,1,16000,0,103,22,0,0.0006
60,2025-12-01 20:38:18,SoC.i2_g2_cv2_h2_e2_c2_el2.txt,GEDF_D,single_harris,"[[0,0,0,1,0]]",[],5294.01,1.0,1,5294.01,262144,901120,279420,1,0,7.95,5294.01,1,16000,0,4,14,0,0.001502
61,2025-12-01 20:38:19,SoC.i2_g2_cv2_h2_e2_c2_el2.txt,GEDF_D,single_lstm,"[[0,0,0,0,1]]",[],7453.0,1.0,1,7453.0,2031616,2031616,12189696,0,1,10.4,7453.0,1,16000,0,31,31,0,0.001395
62,2025-12-01 20:38:20,SoC.i2_g2_cv2_h2_e2_c2_el2.txt,GEDF_D,mixed_balanced,"[[1,1,1,1,1]]",[],31480.7876,3.0,5,157403.94,7077888,3751936,23972888,0,5,413.59,42046.0,5,16000,0,108,58,0,0.009837
63,2025-12-01 20:38:21,SoC.i2_g2_cv2_h2_e2_c2_el2.txt,GEDF_D,mixed_vision_heavy,"[[2,2,0,2,0]]",[],19520.479333,3.5,6,117122.88,786432,3833856,4167728,3,3,366.43,34069.0,6,16000,0,12,60,0,0.010756
64,2025-12-01 20:38:24,SoC.i2_g2_cv2_h2_e2_c2_el2.txt,GEDF_D,mixed_ml_heavy,"[[0,0,2,0,2]]",[],74247.0,2.5,4,296988.0,4063232,1376256,55377920,0,4,1165.0,81817.0,4,16000,0,62,21,0,0.014239
65,2025-12-01 20:38:24,SoC.i2_g2_cv2_h2_e2_c2_el2.txt,GEDF_N,single_canny,"[[1,0,0,0,0]]",[],4209.928,1.0,1,4209.93,196608,573440,148144,1,0,4.44,4209.93,1,16000,0,3,9,0,0.001055
66,2025-12-01 20:38:25,SoC.i2_g2_cv2_h2_e2_c2_el2.txt,GEDF_N,single_deblur,"[[0,1,0,0,0]]",[],15756.0,1.0,1,15756.0,0,1687552,345580,1,0,66.16,15756.0,1,16000,0,0,26,0,0.004199
67,2025-12-01 20:38:26,SoC.i2_g2_cv2_h2_e2_c2_el2.txt,GEDF_N,single_gru,"[[0,0,1,0,0]]",[],2837.0,1.0,1,2837.0,6750208,1441792,5963776,1,0,1.7,2837.0,1,16000,0,103,22,0,0.0006
68,2025-12-01 20:38:26,SoC.i2_g2_cv2_h2_e2_c2_el2.txt,GEDF_N,single_harris,"[[0,0,0,1,0]]",[],4058.01,1.0,1,4058.01,196608,835584,410492,1,0,5.25,4058.01,1,16000,0,3,13,0,0.001295
69,2025-12-01 20:38:27,SoC.i2_g2_cv2_h2_e2_c2_el2.txt,GEDF_N,single_lstm,"[[0,0,0,0,1]]",[],21014.0,1.0,1,21014.0,5242880,1900544,9109504,0,1,77.02,21014.0,1,16000,0,80,29,0,0.003665
70,2025-12-01 20:38:28,SoC.i2_g2_cv2_h2_e2_c2_el2.txt,GEDF_N,mixed_balanced,"[[1,1,1,1,1]]",[],29078.5876,3.0,5,145392.94,7929856,2375680,24497176,0,5,279.05,33319.0,5,16000,0,121,37,0,0.008375
71,2025-12-01 20:38:29,SoC.i2_g2_cv2_h2_e2_c2_el2.txt,GEDF_N,mixed_vision_heavy,"[[2,2,0,2,0]]",[],24975.646,3.5,6,149853.88,655360,2850816,5281840,0,6,349.45,33025.0,6,16000,0,10,45,0,0.010582
72,2025-12-01 20:38:32,SoC.i2_g2_cv2_h2_e2_c2_el2.txt,GEDF_N,mixed_ml_heavy,"[[0,0,2,0,2]]",[],74047.25,2.5,4,296189.0,5046272,458752,55312384,0,4,999.2,75652.0,4,16000,0,77,7,0,0.013208
73,2025-12-01 20:38:32,SoC.i2_g2_cv2_h2_e2_c2_el2.txt,HetSched,single_canny,"[[1,0,0,0,0]]",[],4209.928,1.0,1,4209.93,196608,573440,148144,1,0,4.44,4209.93,1,16000,0,3,9,0,0.001055
74,2025-12-01 20:38:33,SoC.i2_g2_cv2_h2_e2_c2_el2.txt,HetSched,single_deblur,"[[0,1,0,0,0]]",[],15756.0,1.0,1,15756.0,0,1687552,345580,1,0,66.16,15756.0,1,16000,0,0,26,0,0.004199
75,2025-12-01 20:38:34,SoC.i2_g2_cv2_h2_e2_c2_el2.txt,HetSched,single_gru,"[[0,0,1,0,0]]",[],2837.0,1.0,1,2837.0,6750208,1441792,5963776,1,0,1.7,2837.0,1,16000,0,103,22,0,0.0006
76,2025-12-01 20:38:34,SoC.i2_g2_cv2_h2_e2_c2_el2.txt,HetSched,single_harris,"[[0,0,0,1,0]]",[],5294.01,1.0,1,5294.01,262144,901120,279420,1,0,7.95,5294.01,1,16000,0,4,14,0,0.001502
77,2025-12-01 20:38:35,SoC.i2_g2_cv2_h2_e2_c2_el2.txt,HetSched,single_lstm,"[[0,0,0,0,1]]",[],4829.0,1.0,1,4829.0,4784128,983040,10485760,1,0,4.61,4829.0,1,16000,0,73,15,0,0.000955
78,2025-12-01 20:38:36,SoC.i2_g2_cv2_h2_e2_c2_el2.txt,HetSched,mixed_balanced,"[[1,1,1,1,1]]",[],15730.7876,3.0,5,78653.94,12582912,3555328,18664472,2,3,142.5,21991.0,5,16000,0,192,55,0,0.00648
79,2025-12-01 20:38:37,SoC.i2_g2_cv2_h2_e2_c2_el2.txt,HetSched,mixed_vision_heavy,"[[2,2,0,2,0]]",[],25819.979333,3.5,6,154919.88,589824,3112960,5085232,2,4,459.72,39440.0,6,16000,0,9,49,0,0.011656
80,2025-12-01 20:38:39,SoC.i2_g2_cv2_h2_e2_c2_el2.txt,HetSched,mixed_ml_heavy,"[[0,0,2,0,2]]",[],19533.75,2.5,4,78135.0,24772608,2818048,33226752,0,4,135.31,26854.0,4,16000,0,378,43,0,0.005039
81,2025-12-01 20:38:39,SoC.i3_g3_cv3_h3_e3_c3_el3.txt,RELIEF,single_canny,"[[1,0,0,0,0]]",[],4196.928,1.0,1,4196.93,196608,638976,82608,1,0,4.42,4196.93,1,16000,10,3,10,0,0.001053
82,2025-12-01 20:38:40,SoC.i3_g3_cv3_h3_e3_c3_el3.txt,RELIEF,single_deblur,"[[0,1,0,0,0]]",[],15756.0,1.0,1,15756.0,0,1687552,345580,1,0,66.16,15756.0,1,16000,22,0,26,0,0.004199
83,2025-12-01 20:38:41,SoC.i3_g3_cv3_h3_e3_c3_el3.txt,RELIEF,single_gru,"[[0,0,1,0,0]]",[],2837.0,1.0,1,2837.0,6750208,1441792,5963776,1,0,1.7,2837.0,1,16000,111,103,22,0,0.0006
84,2025-12-01 20:38:41,SoC.i3_g3_cv3_h3_e3_c3_el3.txt,RELIEF,single_harris,"[[0,0,0,1,0]]",[],2431.01,1.0,1,2431.01,262144,1163264,17276,1,0,2.49,2431.01,1,16000,15,4,18,0,0.001024
85,2025-12-01 20:38:42,SoC.i3_g3_cv3_h3_e3_c3_el3.txt,RELIEF,single_lstm,"[[0,0,0,0,1]]",[],6964.0,1.0,1,6964.0,7536640,2097152,6619136,1,0,9.14,6964.0,1,16000,120,115,32,0,0.001313
86,2025-12-01 20:38:43,SoC.i3_g3_cv3_h3_e3_c3_el3.txt,RELIEF,mixed_balanced,"[[1,1,1,1,1]]",[],9361.9876,3.0,5,46809.94,13500416,4210688,17091608,2,3,109.99,18602.0,5,16000,244,206,65,0,0.005913
87,2025-12-01 20:38:44,SoC.i3_g3_cv3_h3_e3_c3_el3.txt,RELIEF,mixed_vision_heavy,"[[2,2,0,2,0]]",[],11823.146,3.5,6,70938.88,720896,4423680,3643440,4,2,192.84,22051.0,6,16000,81,11,69,0,0.008745
88,2025-12-01 20:38:46,SoC.i3_g3_cv3_h3_e3_c3_el3.txt,RELIEF,mixed_ml_heavy,"[[0,0,2,0,2]]",[],18545.5,2.5,4,74182.0,24444928,3538944,32833536,0,4,85.71,21062.0,4,16000,399,373,54,0,0.00407
89,2025-12-01 20:38:46,SoC.i3_g3_cv3_h3_e3_c3_el3.txt,LL,single_canny,"[[1,0,0,0,0]]",[],4196.928,1.0,1,4196.93,196608,638976,82608,1,0,4.42,4196.93,1,16000,0,3,10,0,0.001053
90,2025-12-01 20:38:47,SoC.i3_g3_cv3_h3_e3_c3_el3.txt,LL,single_deblur,"[[0,1,0,0,0]]",[],15756.0,1.0,1,15756.0,0,1687552,345580,1,0,66.16,15756.0,1,16000,0,0,26,0,0.004199
91,2025-12-01 20:38:48,SoC.i3_g3_cv3_h3_e3_c3_el3.txt,LL,single_gru,"[[0,0,1,0,0]]",[],2837.0,1.0,1,2837.0,6750208,1441792,5963776,1,0,1.7,2837.0,1,16000,0,103,22,0,0.0006
92,2025-12-01 20:38:49,SoC.i3_g3_cv3_h3_e3_c3_el3.txt,LL,single_harris,"[[0,0,0,1,0]]",[],2431.01,1.0,1,2431.01,262144,1163264,17276,1,0,2.49,2431.01,1,16000,0,4,18,0,0.001024
93,2025-12-01 20:38:49,SoC.i3_g3_cv3_h3_e3_c3_el3.txt,LL,single_lstm,"[[0,0,0,0,1]]",[],6964.0,1.0,1,6964.0,7536640,2097152,6619136,1,0,9.14,6964.0,1,16000,0,115,32,0,0.001313
94,2025-12-01 20:38:50,SoC.i3_g3_cv3_h3_e3_c3_el3.txt,LL,mixed_balanced,"[[1,1,1,1,1]]",[],11099.5876,3.0,5,55497.94,12517376,4800512,17484824,2,3,125.55,20275.0,5,16000,0,191,74,0,0.006192
95,2025-12-01 20:38:51,SoC.i3_g3_cv3_h3_e3_c3_el3.txt,LL,mixed_vision_heavy,"[[2,2,0,2,0]]",[],11823.146,3.5,6,70938.88,720896,4423680,3643440,4,2,192.84,22051.0,6,16000,0,11,69,0,0.008745
96,2025-12-01 20:38:53,SoC.i3_g3_cv3_h3_e3_c3_el3.txt,LL,mixed_ml_heavy,"[[0,0,2,0,2]]",[],30220.0,2.5,4,120880.0,21889024,3342336,35586048,0,4,197.53,32768.0,4,16000,0,334,51,0,0.006028
97,2025-12-01 20:38:54,SoC.i3_g3_cv3_h3_e3_c3_el3.txt,GEDF_D,single_canny,"[[1,0,0,0,0]]",[],4196.928,1.0,1,4196.93,196608,638976,82608,1,0,4.42,4196.93,1,16000,0,3,10,0,0.001053
98,2025-12-01 20:38:54,SoC.i3_g3_cv3_h3_e3_c3_el3.txt,GEDF_D,single_deblur,"[[0,1,0,0,0]]",[],15756.0,1.0,1,15756.0,0,1687552,345580,1,0,66.16,15756.0,1,16000,0,0,26,0,0.004199
99,2025-12-01 20:38:55,SoC.i3_g3_cv3_h3_e3_c3_el3.txt,GEDF_D,single_gru,"[[0,0,1,0,0]]",[],2837.0,1.0,1,2837.0,6750208,1441792,5963776,1,0,1.7,2837.0,1,16000,0,103,22,0,0.0006
100,2025-12-01 20:38:56,SoC.i3_g3_cv3_h3_e3_c3_el3.txt,GEDF_D,single_harris,"[[0,0,0,1,0]]",[],2431.01,1.0,1,2431.01,262144,1163264,17276,1,0,2.49,2431.01,1,16000,0,4,18,0,0.001024
101,2025-12-01 20:38:57,SoC.i3_g3_cv3_h3_e3_c3_el3.txt,GEDF_D,single_lstm,"[[0,0,0,0,1]]",[],18363.0,1.0,1,18363.0,5373952,2490368,8388608,0,1,59.16,18363.0,1,16000,0,82,38,0,0.003222
102,2025-12-01 20:38:58,SoC.i3_g3_cv3_h3_e3_c3_el3.txt,GEDF_D,mixed_balanced,"[[1,1,1,1,1]]",[],20096.3876,3.0,5,100481.94,9043968,4276224,21482520,2,3,238.15,30275.0,5,16000,0,138,66,0,0.007866
103,2025-12-01 20:38:59,SoC.i3_g3_cv3_h3_e3_c3_el3.txt,GEDF_D,mixed_vision_heavy,"[[2,2,0,2,0]]",[],13660.479333,3.5,6,81962.88,589824,4030464,4167728,4,2,233.99,25226.0,6,16000,0,9,63,0,0.009276
104,2025-12-01 20:39:03,SoC.i3_g3_cv3_h3_e3_c3_el3.txt,GEDF_D,mixed_ml_heavy,"[[0,0,2,0,2]]",[],80348.0,2.5,4,321392.0,6619136,1441792,52756480,0,4,1186.52,82581.0,4,16000,0,101,22,0,0.014368
105,2025-12-01 20:39:03,SoC.i3_g3_cv3_h3_e3_c3_el3.txt,GEDF_N,single_canny,"[[1,0,0,0,0]]",[],4196.928,1.0,1,4196.93,196608,638976,82608,1,0,4.42,4196.93,1,16000,0,3,10,0,0.001053
106,2025-12-01 20:39:04,SoC.i3_g3_cv3_h3_e3_c3_el3.txt,GEDF_N,single_deblur,"[[0,1,0,0,0]]",[],15756.0,1.0,1,15756.0,0,1687552,345580,1,0,66.16,15756.0,1,16000,0,0,26,0,0.004199
107,2025-12-01 20:39:05,SoC.i3_g3_cv3_h3_e3_c3_el3.txt,GEDF_N,single_gru,"[[0,0,1,0,0]]",[],2837.0,1.0,1,2837.0,6750208,1441792,5963776,1,0,1.7,2837.0,1,16000,0,103,22,0,0.0006
108,2025-12-01 20:39:05,SoC.i3_g3_cv3_h3_e3_c3_el3.txt,GEDF_N,single_harris,"[[0,0,0,1,0]]",[],2431.01,1.0,1,2431.01,262144,1163264,17276,1,0,2.49,2431.01,1,16000,0,4,18,0,0.001024
109,2025-12-01 20:39:06,SoC.i3_g3_cv3_h3_e3_c3_el3.txt,GEDF_N,single_lstm,"[[0,0,0,0,1]]",[],12620.0,1.0,1,12620.0,6619136,2097152,7536640,0,1,28.53,12620.0,1,16000,0,101,32,0,0.002261
110,2025-12-01 20:39:08,SoC.i3_g3_cv3_h3_e3_c3_el3.txt,GEDF_N,mixed_balanced,"[[1,1,1,1,1]]",[],15762.5876,3.0,5,78812.94,10485760,4669440,19647512,2,3,171.74,24745.0,5,16000,0,160,72,0,0.00694
111,2025-12-01 20:39:09,SoC.i3_g3_cv3_h3_e3_c3_el3.txt,GEDF_N,mixed_vision_heavy,"[[2,2,0,2,0]]",[],13985.646,3.5,6,83913.88,524288,3833856,4429872,4,2,199.1,22551.0,6,16000,0,8,60,0,0.008829
112,2025-12-01 20:39:12,SoC.i3_g3_cv3_h3_e3_c3_el3.txt,GEDF_N,mixed_ml_heavy,"[[0,0,2,0,2]]",[],67414.0,2.5,4,269656.0,10551296,1048576,49217536,0,4,827.71,68712.0,4,16000,0,161,16,0,0.012046
113,2025-12-01 20:39:12,SoC.i3_g3_cv3_h3_e3_c3_el3.txt,HetSched,single_canny,"[[1,0,0,0,0]]",[],4196.928,1.0,1,4196.93,196608,638976,82608,1,0,4.42,4196.93,1,16000,0,3,10,0,0.001053
114,2025-12-01 20:39:13,SoC.i3_g3_cv3_h3_e3_c3_el3.txt,HetSched,single_deblur,"[[0,1,0,0,0]]",[],15756.0,1.0,1,15756.0,0,1687552,345580,1,0,66.16,15756.0,1,16000,0,0,26,0,0.004199
115,2025-12-01 20:39:14,SoC.i3_g3_cv3_h3_e3_c3_el3.txt,HetSched,single_gru,"[[0,0,1,0,0]]",[],2837.0,1.0,1,2837.0,6750208,1441792,5963776,1,0,1.7,2837.0,1,16000,0,103,22,0,0.0006
116,2025-12-01 20:39:14,SoC.i3_g3_cv3_h3_e3_c3_el3.txt,HetSched,single_harris,"[[0,0,0,1,0]]",[],2431.01,1.0,1,2431.01,262144,1163264,17276,1,0,2.49,2431.01,1,16000,0,4,18,0,0.001024
117,2025-12-01 20:39:15,SoC.i3_g3_cv3_h3_e3_c3_el3.txt,HetSched,single_lstm,"[[0,0,0,0,1]]",[],4205.0,1.0,1,4205.0,6881280,2490368,6881280,1,0,3.58,4205.0,1,16000,0,105,38,0,0.000851
118,2025-12-01 20:39:16,SoC.i3_g3_cv3_h3_e3_c3_el3.txt,HetSched,mixed_balanced,"[[1,1,1,1,1]]",[],9327.7876,3.0,5,46638.94,12058624,5062656,17681432,2,3,103.05,17823.0,5,16000,0,184,78,0,0.005782
119,2025-12-01 20:39:17,SoC.i3_g3_cv3_h3_e3_c3_el3.txt,HetSched,mixed_vision_heavy,"[[2,2,0,2,0]]",[],12933.312667,3.5,6,77599.88,589824,4227072,3971120,4,2,207.74,23230.0,6,16000,0,9,66,0,0.008943
120,2025-12-01 20:39:19,SoC.i3_g3_cv3_h3_e3_c3_el3.txt,HetSched,mixed_ml_heavy,"[[0,0,2,0,2]]",[],22190.75,2.5,4,88763.0,22020096,4784128,34013184,0,4,122.31,25457.0,4,16000,0,336,73,0,0.004804
121,2025-12-01 20:39:19,SoC.i4_g1_cv1_h1_e1_c1_el1.txt,RELIEF,single_canny,"[[1,0,0,0,0]]",[],3546.928,1.0,1,3546.93,196608,573440,148144,1,0,3.35,3546.93,1,16000,10,3,9,0,0.000944
122,2025-12-01 20:39:20,SoC.i4_g1_cv1_h1_e1_c1_el1.txt,RELIEF,single_deblur,"[[0,1,0,0,0]]",[],15756.0,1.0,1,15756.0,0,1687552,345580,1,0,66.16,15756.0,1,16000,22,0,26,0,0.004199
123,2025-12-01 20:39:20,SoC.i4_g1_cv1_h1_e1_c1_el1.txt,RELIEF,single_gru,"[[0,0,1,0,0]]",[],1908.0,1.0,1,1908.0,7274496,0,6881280,1,0,0.85,1908.0,1,16000,104,111,0,0,0.000445
124,2025-12-01 20:39:21,SoC.i4_g1_cv1_h1_e1_c1_el1.txt,RELIEF,single_harris,"[[0,0,0,1,0]]",[],8408.01,1.0,1,8408.01,262144,507904,672636,1,0,17.01,8408.01,1,16000,12,4,8,0,0.002023
125,2025-12-01 20:39:22,SoC.i4_g1_cv1_h1_e1_c1_el1.txt,RELIEF,single_lstm,"[[0,0,0,0,1]]",[],2385.0,1.0,1,2385.0,7798784,0,8454144,1,0,1.3,2385.0,1,16000,120,119,0,0,0.000546
126,2025-12-01 20:39:23,SoC.i4_g1_cv1_h1_e1_c1_el1.txt,RELIEF,mixed_balanced,"[[1,1,1,1,1]]",[],12767.3876,3.0,5,63836.94,15466496,1589248,17746968,3,2,231.83,29782.0,5,16000,260,236,25,0,0.007784
127,2025-12-01 20:39:24,SoC.i4_g1_cv1_h1_e1_c1_el1.txt,RELIEF,mixed_vision_heavy,"[[2,2,0,2,0]]",[],34992.479333,3.5,6,209954.88,917504,2785280,5085232,2,4,1150.37,69169.0,6,16000,64,14,44,0,0.016631
128,2025-12-01 20:39:25,SoC.i4_g1_cv1_h1_e1_c1_el1.txt,RELIEF,mixed_ml_heavy,"[[0,0,2,0,2]]",[],5959.25,2.5,4,23837.0,30015488,0,30801920,3,1,17.01,8587.0,4,16000,445,458,0,0,0.00198
129,2025-12-01 20:39:25,SoC.i4_g1_cv1_h1_e1_c1_el1.txt,LL,single_canny,"[[1,0,0,0,0]]",[],3545.928,1.0,1,3545.93,196608,573440,148144,1,0,3.35,3545.93,1,16000,0,3,9,0,0.000944
130,2025-12-01 20:39:26,SoC.i4_g1_cv1_h1_e1_c1_el1.txt,LL,single_deblur,"[[0,1,0,0,0]]",[],15756.0,1.0,1,15756.0,0,1687552,345580,1,0,66.16,15756.0,1,16000,0,0,26,0,0.004199
131,2025-12-01 20:39:27,SoC.i4_g1_cv1_h1_e1_c1_el1.txt,LL,single_gru,"[[0,0,1,0,0]]",[],1931.0,1.0,1,1931.0,6815744,0,7340032,1,0,0.87,1931.0,1,16000,0,104,0,0,0.00045
132,2025-12-01 20:39:27,SoC.i4_g1_cv1_h1_e1_c1_el1.txt,LL,single_harris,"[[0,0,0,1,0]]",[],8776.01,1.0,1,8776.01,262144,573440,607100,1,0,18.3,8776.01,1,16000,0,4,9,0,0.002085
133,2025-12-01 20:39:28,SoC.i4_g1_cv1_h1_e1_c1_el1.txt,LL,single_lstm,"[[0,0,0,0,1]]",[],2495.0,1.0,1,2495.0,6750208,0,9502720,1,0,1.41,2495.0,1,16000,0,103,0,0,0.000565
134,2025-12-01 20:39:29,SoC.i4_g1_cv1_h1_e1_c1_el1.txt,LL,mixed_balanced,"[[1,1,1,1,1]]",[],12709.7876,3.0,5,63548.94,13893632,1589248,19319832,3,2,231.84,29784.0,5,16000,0,212,25,0,0.007784
135,2025-12-01 20:39:30,SoC.i4_g1_cv1_h1_e1_c1_el1.txt,LL,mixed_vision_heavy,"[[2,2,0,2,0]]",[],36161.812667,3.5,6,216970.88,720896,2850816,5216304,2,4,1198.22,70848.0,6,16000,0,11,45,0,0.016913
136,2025-12-01 20:39:31,SoC.i4_g1_cv1_h1_e1_c1_el1.txt,LL,mixed_ml_heavy,"[[0,0,2,0,2]]",[],5654.5,2.5,4,22618.0,24707072,0,36110336,3,1,18.89,9123.0,4,16000,0,377,0,0,0.002071
137,2025-12-01 20:39:32,SoC.i4_g1_cv1_h1_e1_c1_el1.txt,GEDF_D,single_canny,"[[1,0,0,0,0]]",[],3550.928,1.0,1,3550.93,196608,507904,213680,1,0,3.36,3550.93,1,16000,0,3,8,0,0.000946
138,2025-12-01 20:39:32,SoC.i4_g1_cv1_h1_e1_c1_el1.txt,GEDF_D,single_deblur,"[[0,1,0,0,0]]",[],15756.0,1.0,1,15756.0,0,1687552,345580,1,0,66.16,15756.0,1,16000,0,0,26,0,0.004199
139,2025-12-01 20:39:33,SoC.i4_g1_cv1_h1_e1_c1_el1.txt,GEDF_D,single_gru,"[[0,0,1,0,0]]",[],2258.0,1.0,1,2258.0,4587520,0,9568256,1,0,1.14,2258.0,1,16000,0,70,0,0,0.000503
140,2025-12-01 20:39:34,SoC.i4_g1_cv1_h1_e1_c1_el1.txt,GEDF_D,single_harris,"[[0,0,0,1,0]]",[],8824.01,1.0,1,8824.01,131072,638976,672636,1,0,18.47,8824.01,1,16000,0,2,10,0,0.002093
141,2025-12-01 20:39:34,SoC.i4_g1_cv1_h1_e1_c1_el1.txt,GEDF_D,single_lstm,"[[0,0,0,0,1]]",[],3024.0,1.0,1,3024.0,2555904,0,13697024,1,0,1.98,3024.0,1,16000,0,39,0,0,0.000654
142,2025-12-01 20:39:35,SoC.i4_g1_cv1_h1_e1_c1_el1.txt,GEDF_D,mixed_balanced,"[[1,1,1,1,1]]",[],13528.1876,3.0,5,67640.94,3604480,1589248,29608984,4,1,230.04,29641.0,5,16000,0,55,25,0,0.007761
143,2025-12-01 20:39:37,SoC.i4_g1_cv1_h1_e1_c1_el1.txt,GEDF_D,mixed_vision_heavy,"[[2,2,0,2,0]]",[],40529.812667,3.5,6,243178.88,655360,2588672,5543984,1,5,1259.69,72959.0,6,16000,0,10,41,0,0.017266
144,2025-12-01 20:39:38,SoC.i4_g1_cv1_h1_e1_c1_el1.txt,GEDF_D,mixed_ml_heavy,"[[0,0,2,0,2]]",[],10888.25,2.5,4,43553.0,4456448,0,56360960,0,4,29.77,11810.0,4,16000,0,68,0,0,0.002521
145,2025-12-01 20:39:38,SoC.i4_g1_cv1_h1_e1_c1_el1.txt,GEDF_N,single_canny,"[[1,0,0,0,0]]",[],3558.928,1.0,1,3558.93,131072,507904,279216,1,0,3.37,3558.93,1,16000,0,2,8,0,0.000946
146,2025-12-01 20:39:39,SoC.i4_g1_cv1_h1_e1_c1_el1.txt,GEDF_N,single_deblur,"[[0,1,0,0,0]]",[],15756.0,1.0,1,15756.0,0,1687552,345580,1,0,66.16,15756.0,1,16000,0,0,26,0,0.004199
147,2025-12-01 20:39:40,SoC.i4_g1_cv1_h1_e1_c1_el1.txt,GEDF_N,single_gru,"[[0,0,1,0,0]]",[],2285.0,1.0,1,2285.0,4128768,0,10027008,1,0,1.16,2285.0,1,16000,0,63,0,0,0.000508
148,2025-12-01 20:39:40,SoC.i4_g1_cv1_h1_e1_c1_el1.txt,GEDF_N,single_harris,"[[0,0,0,1,0]]",[],8408.01,1.0,1,8408.01,196608,507904,738172,1,0,17.01,8408.01,1,16000,0,3,8,0,0.002023
149,2025-12-01 20:39:41,SoC.i4_g1_cv1_h1_e1_c1_el1.txt,GEDF_N,single_lstm,"[[0,0,0,0,1]]",[],3060.0,1.0,1,3060.0,2031616,0,14221312,1,0,2.02,3060.0,1,16000,0,31,0,0,0.00066
150,2025-12-01 20:39:42,SoC.i4_g1_cv1_h1_e1_c1_el1.txt,GEDF_N,mixed_balanced,"[[1,1,1,1,1]]",[],17689.9876,3.0,5,88449.94,2621440,1130496,31050776,3,2,288.02,33956.0,5,16000,0,40,18,0,0.008482
151,2025-12-01 20:39:43,SoC.i4_g1_cv1_h1_e1_c1_el1.txt,GEDF_N,mixed_vision_heavy,"[[2,2,0,2,0]]",[],60533.312667,3.5,6,363199.88,655360,2719744,5412912,0,6,1196.11,70772.0,6,16000,0,10,43,0,0.016901
152,2025-12-01 20:39:44,SoC.i4_g1_cv1_h1_e1_c1_el1.txt,GEDF_N,mixed_ml_heavy,"[[0,0,2,0,2]]",[],11367.25,2.5,4,45469.0,3473408,0,57344000,0,4,30.0,11862.0,4,16000,0,53,0,0,0.002529
153,2025-12-01 20:39:45,SoC.i4_g1_cv1_h1_e1_c1_el1.txt,HetSched,single_canny,"[[1,0,0,0,0]]",[],3550.928,1.0,1,3550.93,196608,507904,213680,1,0,3.36,3550.93,1,16000,0,3,8,0,0.000946
154,2025-12-01 20:39:45,SoC.i4_g1_cv1_h1_e1_c1_el1.txt,HetSched,single_deblur,"[[0,1,0,0,0]]",[],15756.0,1.0,1,15756.0,0,1687552,345580,1,0,66.16,15756.0,1,16000,0,0,26,0,0.004199
155,2025-12-01 20:39:46,SoC.i4_g1_cv1_h1_e1_c1_el1.txt,HetSched,single_gru,"[[0,0,1,0,0]]",[],1912.0,1.0,1,1912.0,7274496,0,6881280,1,0,0.85,1912.0,1,16000,0,111,0,0,0.000446
156,2025-12-01 20:39:47,SoC.i4_g1_cv1_h1_e1_c1_el1.txt,HetSched,single_harris,"[[0,0,0,1,0]]",[],8824.01,1.0,1,8824.01,131072,638976,672636,1,0,18.47,8824.01,1,16000,0,2,10,0,0.002093
157,2025-12-01 20:39:47,SoC.i4_g1_cv1_h1_e1_c1_el1.txt,HetSched,single_lstm,"[[0,0,0,0,1]]",[],2655.0,1.0,1,2655.0,5177344,0,11075584,1,0,1.57,2655.0,1,16000,0,79,0,0,0.000592
158,2025-12-01 20:39:49,SoC.i4_g1_cv1_h1_e1_c1_el1.txt,HetSched,mixed_balanced,"[[1,1,1,1,1]]",[],15206.9876,3.0,5,76034.94,12648448,1327104,20827160,3,2,278.88,33305.0,5,16000,0,193,21,0,0.008373
159,2025-12-01 20:39:50,SoC.i4_g1_cv1_h1_e1_c1_el1.txt,HetSched,mixed_vision_heavy,"[[2,2,0,2,0]]",[],56802.146,3.5,6,340812.88,655360,3309568,4823088,0,6,1235.2,72120.93,6,16000,0,10,52,0,0.017127
160,2025-12-01 20:39:51,SoC.i4_g1_cv1_h1_e1_c1_el1.txt,HetSched,mixed_ml_heavy,"[[0,0,2,0,2]]",[],5485.25,2.5,4,21941.0,24903680,0,35913728,3,1,18.93,9134.0,4,16000,0,380,0,0,0.002072
161,2025-12-01 20:39:51,SoC.i1_g4_cv1_h1_e1_c1_el1.txt,RELIEF,single_canny,"[[1,0,0,0,0]]",[],3546.928,1.0,1,3546.93,196608,573440,148144,1,0,3.35,3546.93,1,16000,10,3,9,0,0.000944
162,2025-12-01 20:39:52,SoC.i1_g4_cv1_h1_e1_c1_el1.txt,RELIEF,single_deblur,"[[0,1,0,0,0]]",[],15756.0,1.0,1,15756.0,0,1687552,345580,1,0,66.16,15756.0,1,16000,22,0,26,0,0.004199
163,2025-12-01 20:39:52,SoC.i1_g4_cv1_h1_e1_c1_el1.txt,RELIEF,single_gru,"[[0,0,1,0,0]]",[],1908.0,1.0,1,1908.0,7274496,0,6881280,1,0,0.85,1908.0,1,16000,104,111,0,0,0.000445
164,2025-12-01 20:39:53,SoC.i1_g4_cv1_h1_e1_c1_el1.txt,RELIEF,single_harris,"[[0,0,0,1,0]]",[],8408.01,1.0,1,8408.01,262144,507904,672636,1,0,17.01,8408.01,1,16000,12,4,8,0,0.002023
165,2025-12-01 20:39:54,SoC.i1_g4_cv1_h1_e1_c1_el1.txt,RELIEF,single_lstm,"[[0,0,0,0,1]]",[],2385.0,1.0,1,2385.0,7798784,0,8454144,1,0,1.3,2385.0,1,16000,120,119,0,0,0.000546
166,2025-12-01 20:39:55,SoC.i1_g4_cv1_h1_e1_c1_el1.txt,RELIEF,mixed_balanced,"[[1,1,1,1,1]]",[],12767.3876,3.0,5,63836.94,15466496,1589248,17746968,3,2,231.83,29782.0,5,16000,260,236,25,0,0.007784
167,2025-12-01 20:39:56,SoC.i1_g4_cv1_h1_e1_c1_el1.txt,RELIEF,mixed_vision_heavy,"[[2,2,0,2,0]]",[],34589.479333,3.5,6,207536.88,917504,2752512,5118000,2,4,1183.26,70325.0,6,16000,62,14,43,0,0.016826
168,2025-12-01 20:39:57,SoC.i1_g4_cv1_h1_e1_c1_el1.txt,RELIEF,mixed_ml_heavy,"[[0,0,2,0,2]]",[],5959.25,2.5,4,23837.0,30015488,0,30801920,3,1,17.01,8587.0,4,16000,445,458,0,0,0.00198
169,2025-12-01 20:39:58,SoC.i1_g4_cv1_h1_e1_c1_el1.txt,LL,single_canny,"[[1,0,0,0,0]]",[],3545.928,1.0,1,3545.93,196608,573440,148144,1,0,3.35,3545.93,1,16000,0,3,9,0,0.000944
170,2025-12-01 20:39:58,SoC.i1_g4_cv1_h1_e1_c1_el1.txt,LL,single_deblur,"[[0,1,0,0,0]]",[],15756.0,1.0,1,15756.0,0,1687552,345580,1,0,66.16,15756.0,1,16000,0,0,26,0,0.004199
171,2025-12-01 20:39:59,SoC.i1_g4_cv1_h1_e1_c1_el1.txt,LL,single_gru,"[[0,0,1,0,0]]",[],1931.0,1.0,1,1931.0,6815744,0,7340032,1,0,0.87,1931.0,1,16000,0,104,0,0,0.00045
172,2025-12-01 20:39:59,SoC.i1_g4_cv1_h1_e1_c1_el1.txt,LL,single_harris,"[[0,0,0,1,0]]",[],8776.01,1.0,1,8776.01,262144,573440,607100,1,0,18.3,8776.01,1,16000,0,4,9,0,0.002085
173,2025-12-01 20:40:00,SoC.i1_g4_cv1_h1_e1_c1_el1.txt,LL,single_lstm,"[[0,0,0,0,1]]",[],2495.0,1.0,1,2495.0,6750208,0,9502720,1,0,1.41,2495.0,1,16000,0,103,0,0,0.000565
174,2025-12-01 20:40:01,SoC.i1_g4_cv1_h1_e1_c1_el1.txt,LL,mixed_balanced,"[[1,1,1,1,1]]",[],12709.7876,3.0,5,63548.94,13893632,1589248,19319832,3,2,231.84,29784.0,5,16000,0,212,25,0,0.007784
175,2025-12-01 20:40:03,SoC.i1_g4_cv1_h1_e1_c1_el1.txt,LL,mixed_vision_heavy,"[[2,2,0,2,0]]",[],35720.812667,3.5,6,214324.88,720896,2818048,5249072,2,4,1229.49,71928.0,6,16000,0,11,44,0,0.017093
176,2025-12-01 20:40:03,SoC.i1_g4_cv1_h1_e1_c1_el1.txt,LL,mixed_ml_heavy,"[[0,0,2,0,2]]",[],5654.5,2.5,4,22618.0,24707072,0,36110336,3,1,18.89,9123.0,4,16000,0,377,0,0,0.002071
177,2025-12-01 20:40:04,SoC.i1_g4_cv1_h1_e1_c1_el1.txt,GEDF_D,single_canny,"[[1,0,0,0,0]]",[],3550.928,1.0,1,3550.93,196608,507904,213680,1,0,3.36,3550.93,1,16000,0,3,8,0,0.000946
178,2025-12-01 20:40:05,SoC.i1_g4_cv1_h1_e1_c1_el1.txt,GEDF_D,single_deblur,"[[0,1,0,0,0]]",[],15756.0,1.0,1,15756.0,0,1687552,345580,1,0,66.16,15756.0,1,16000,0,0,26,0,0.004199
179,2025-12-01 20:40:05,SoC.i1_g4_cv1_h1_e1_c1_el1.txt,GEDF_D,single_gru,"[[0,0,1,0,0]]",[],2258.0,1.0,1,2258.0,4587520,0,9568256,1,0,1.14,2258.0,1,16000,0,70,0,0,0.000503
180,2025-12-01 20:40:06,SoC.i1_g4_cv1_h1_e1_c1_el1.txt,GEDF_D,single_harris,"[[0,0,0,1,0]]",[],8824.01,1.0,1,8824.01,131072,638976,672636,1,0,18.47,8824.01,1,16000,0,2,10,0,0.002093
181,2025-12-01 20:40:07,SoC.i1_g4_cv1_h1_e1_c1_el1.txt,GEDF_D,single_lstm,"[[0,0,0,0,1]]",[],3024.0,1.0,1,3024.0,2555904,0,13697024,1,0,1.98,3024.0,1,16000,0,39,0,0,0.000654
182,2025-12-01 20:40:08,SoC.i1_g4_cv1_h1_e1_c1_el1.txt,GEDF_D,mixed_balanced,"[[1,1,1,1,1]]",[],13499.9876,3.0,5,67499.94,3604480,1949696,29248536,4,1,229.65,29610.0,5,16000,0,55,30,0,0.007756
183,2025-12-01 20:40:09,SoC.i1_g4_cv1_h1_e1_c1_el1.txt,GEDF_D,mixed_vision_heavy,"[[2,2,0,2,0]]",[],40529.812667,3.5,6,243178.88,655360,2490368,5642288,1,5,1259.69,72959.0,6,16000,0,10,39,0,0.017266
184,2025-12-01 20:40:10,SoC.i1_g4_cv1_h1_e1_c1_el1.txt,GEDF_D,mixed_ml_heavy,"[[0,0,2,0,2]]",[],10888.25,2.5,4,43553.0,4456448,0,56360960,0,4,29.77,11810.0,4,16000,0,68,0,0,0.002521
185,2025-12-01 20:40:10,SoC.i1_g4_cv1_h1_e1_c1_el1.txt,GEDF_N,single_canny,"[[1,0,0,0,0]]",[],3558.928,1.0,1,3558.93,131072,507904,279216,1,0,3.37,3558.93,1,16000,0,2,8,0,0.000946
186,2025-12-01 20:40:11,SoC.i1_g4_cv1_h1_e1_c1_el1.txt,GEDF_N,single_deblur,"[[0,1,0,0,0]]",[],15756.0,1.0,1,15756.0,0,1687552,345580,1,0,66.16,15756.0,1,16000,0,0,26,0,0.004199
187,2025-12-01 20:40:12,SoC.i1_g4_cv1_h1_e1_c1_el1.txt,GEDF_N,single_gru,"[[0,0,1,0,0]]",[],2285.0,1.0,1,2285.0,4128768,0,10027008,1,0,1.16,2285.0,1,16000,0,63,0,0,0.000508
188,2025-12-01 20:40:12,SoC.i1_g4_cv1_h1_e1_c1_el1.txt,GEDF_N,single_harris,"[[0,0,0,1,0]]",[],8408.01,1.0,1,8408.01,196608,507904,738172,1,0,17.01,8408.01,1,16000,0,3,8,0,0.002023
189,2025-12-01 20:40:13,SoC.i1_g4_cv1_h1_e1_c1_el1.txt,GEDF_N,single_lstm,"[[0,0,0,0,1]]",[],3060.0,1.0,1,3060.0,2031616,0,14221312,1,0,2.02,3060.0,1,16000,0,31,0,0,0.00066
190,2025-12-01 20:40:14,SoC.i1_g4_cv1_h1_e1_c1_el1.txt,GEDF_N,mixed_balanced,"[[1,1,1,1,1]]",[],19251.5876,3.0,5,96257.94,2621440,1081344,31099928,1,4,310.54,35517.0,5,16000,0,40,17,0,0.008743
191,2025-12-01 20:40:16,SoC.i1_g4_cv1_h1_e1_c1_el1.txt,GEDF_N,mixed_vision_heavy,"[[2,2,0,2,0]]",[],60533.312667,3.5,6,363199.88,655360,2621440,5511216,0,6,1196.11,70772.0,6,16000,0,10,41,0,0.016901
192,2025-12-01 20:40:16,SoC.i1_g4_cv1_h1_e1_c1_el1.txt,GEDF_N,mixed_ml_heavy,"[[0,0,2,0,2]]",[],11367.25,2.5,4,45469.0,3473408,0,57344000,0,4,30.0,11862.0,4,16000,0,53,0,0,0.002529
193,2025-12-01 20:40:17,SoC.i1_g4_cv1_h1_e1_c1_el1.txt,HetSched,single_canny,"[[1,0,0,0,0]]",[],3550.928,1.0,1,3550.93,196608,507904,213680,1,0,3.36,3550.93,1,16000,0,3,8,0,0.000946
194,2025-12-01 20:40:18,SoC.i1_g4_cv1_h1_e1_c1_el1.txt,HetSched,single_deblur,"[[0,1,0,0,0]]",[],15756.0,1.0,1,15756.0,0,1687552,345580,1,0,66.16,15756.0,1,16000,0,0,26,0,0.004199
195,2025-12-01 20:40:18,SoC.i1_g4_cv1_h1_e1_c1_el1.txt,HetSched,single_gru,"[[0,0,1,0,0]]",[],1912.0,1.0,1,1912.0,7274496,0,6881280,1,0,0.85,1912.0,1,16000,0,111,0,0,0.000446
196,2025-12-01 20:40:19,SoC.i1_g4_cv1_h1_e1_c1_el1.txt,HetSched,single_harris,"[[0,0,0,1,0]]",[],8824.01,1.0,1,8824.01,131072,638976,672636,1,0,18.47,8824.01,1,16000,0,2,10,0,0.002093
197,2025-12-01 20:40:20,SoC.i1_g4_cv1_h1_e1_c1_el1.txt,HetSched,single_lstm,"[[0,0,0,0,1]]",[],2655.0,1.0,1,2655.0,5177344,0,11075584,1,0,1.57,2655.0,1,16000,0,79,0,0,0.000592
198,2025-12-01 20:40:21,SoC.i1_g4_cv1_h1_e1_c1_el1.txt,HetSched,mixed_balanced,"[[1,1,1,1,1]]",[],15319.9876,3.0,5,76599.94,12648448,1294336,20859928,3,2,279.69,33362.0,5,16000,0,193,20,0,0.008383
199,2025-12-01 20:40:22,SoC.i1_g4_cv1_h1_e1_c1_el1.txt,HetSched,mixed_vision_heavy,"[[2,2,0,2,0]]",[],56802.146,3.5,6,340812.88,655360,3211264,4921392,0,6,1235.2,72120.93,6,16000,0,10,50,0,0.017127
200,2025-12-01 20:40:23,SoC.i1_g4_cv1_h1_e1_c1_el1.txt,HetSched,mixed_ml_heavy,"[[0,0,2,0,2]]",[],5485.25,2.5,4,21941.0,24903680,0,35913728,3,1,18.93,9134.0,4,16000,0,380,0,0,0.002072
201,2025-12-01 20:40:23,SoC.i1_g1_cv4_h1_e1_c1_el1.txt,RELIEF,single_canny,"[[1,0,0,0,0]]",[],4228.928,1.0,1,4228.93,196608,573440,148144,1,0,4.48,4228.93,1,16000,9,3,9,0,0.001058
202,2025-12-01 20:40:24,SoC.i1_g1_cv4_h1_e1_c1_el1.txt,RELIEF,single_deblur,"[[0,1,0,0,0]]",[],15756.0,1.0,1,15756.0,0,1687552,345580,1,0,66.16,15756.0,1,16000,22,0,26,0,0.004199
203,2025-12-01 20:40:25,SoC.i1_g1_cv4_h1_e1_c1_el1.txt,RELIEF,single_gru,"[[0,0,1,0,0]]",[],1908.0,1.0,1,1908.0,7274496,0,6881280,1,0,0.85,1908.0,1,16000,104,111,0,0,0.000445
204,2025-12-01 20:40:25,SoC.i1_g1_cv4_h1_e1_c1_el1.txt,RELIEF,single_harris,"[[0,0,0,1,0]]",[],2487.01,1.0,1,2487.01,262144,901120,279420,1,0,2.57,2487.01,1,16000,13,4,14,0,0.001032
205,2025-12-01 20:40:26,SoC.i1_g1_cv4_h1_e1_c1_el1.txt,RELIEF,single_lstm,"[[0,0,0,0,1]]",[],2385.0,1.0,1,2385.0,7798784,0,8454144,1,0,1.3,2385.0,1,16000,120,119,0,0,0.000546
206,2025-12-01 20:40:27,SoC.i1_g1_cv4_h1_e1_c1_el1.txt,RELIEF,mixed_balanced,"[[1,1,1,1,1]]",[],7873.1876,3.0,5,39365.94,15400960,2703360,16698392,4,1,100.82,17568.0,5,16000,263,235,42,0,0.005739
207,2025-12-01 20:40:28,SoC.i1_g1_cv4_h1_e1_c1_el1.txt,RELIEF,mixed_vision_heavy,"[[2,2,0,2,0]]",[],11019.146,3.5,6,66114.88,917504,3801088,4069424,4,2,190.39,21855.0,6,16000,75,14,59,0,0.008712
208,2025-12-01 20:40:28,SoC.i1_g1_cv4_h1_e1_c1_el1.txt,RELIEF,mixed_ml_heavy,"[[0,0,2,0,2]]",[],5959.25,2.5,4,23837.0,30015488,0,30801920,3,1,17.01,8587.0,4,16000,445,458,0,0,0.00198
209,2025-12-01 20:40:29,SoC.i1_g1_cv4_h1_e1_c1_el1.txt,LL,single_canny,"[[1,0,0,0,0]]",[],4227.928,1.0,1,4227.93,196608,573440,148144,1,0,4.47,4227.93,1,16000,0,3,9,0,0.001058
210,2025-12-01 20:40:30,SoC.i1_g1_cv4_h1_e1_c1_el1.txt,LL,single_deblur,"[[0,1,0,0,0]]",[],15756.0,1.0,1,15756.0,0,1687552,345580,1,0,66.16,15756.0,1,16000,0,0,26,0,0.004199
211,2025-12-01 20:40:30,SoC.i1_g1_cv4_h1_e1_c1_el1.txt,LL,single_gru,"[[0,0,1,0,0]]",[],1931.0,1.0,1,1931.0,6815744,0,7340032,1,0,0.87,1931.0,1,16000,0,104,0,0,0.00045
212,2025-12-01 20:40:31,SoC.i1_g1_cv4_h1_e1_c1_el1.txt,LL,single_harris,"[[0,0,0,1,0]]",[],2502.01,1.0,1,2502.01,131072,901120,410492,1,0,2.59,2502.01,1,16000,0,2,14,0,0.001035
213,2025-12-01 20:40:31,SoC.i1_g1_cv4_h1_e1_c1_el1.txt,LL,single_lstm,"[[0,0,0,0,1]]",[],2495.0,1.0,1,2495.0,6750208,0,9502720,1,0,1.41,2495.0,1,16000,0,103,0,0,0.000565
214,2025-12-01 20:40:32,SoC.i1_g1_cv4_h1_e1_c1_el1.txt,LL,mixed_balanced,"[[1,1,1,1,1]]",[],8153.5876,3.0,5,40767.94,13500416,2768896,18533400,4,1,108.22,18408.0,5,16000,0,206,43,0,0.005879
215,2025-12-01 20:40:33,SoC.i1_g1_cv4_h1_e1_c1_el1.txt,LL,mixed_vision_heavy,"[[2,2,0,2,0]]",[],10753.146,3.5,6,64518.88,655360,3932160,4200496,4,2,184.36,21364.0,6,16000,0,10,61,0,0.00863
216,2025-12-01 20:40:34,SoC.i1_g1_cv4_h1_e1_c1_el1.txt,LL,mixed_ml_heavy,"[[0,0,2,0,2]]",[],5654.5,2.5,4,22618.0,24707072,0,36110336,3,1,18.89,9123.0,4,16000,0,377,0,0,0.002071
217,2025-12-01 20:40:35,SoC.i1_g1_cv4_h1_e1_c1_el1.txt,GEDF_D,single_canny,"[[1,0,0,0,0]]",[],4232.928,1.0,1,4232.93,196608,507904,213680,1,0,4.49,4232.93,1,16000,0,3,8,0,0.00106
218,2025-12-01 20:40:35,SoC.i1_g1_cv4_h1_e1_c1_el1.txt,GEDF_D,single_deblur,"[[0,1,0,0,0]]",[],15756.0,1.0,1,15756.0,0,1687552,345580,1,0,66.16,15756.0,1,16000,0,0,26,0,0.004199
219,2025-12-01 20:40:36,SoC.i1_g1_cv4_h1_e1_c1_el1.txt,GEDF_D,single_gru,"[[0,0,1,0,0]]",[],2258.0,1.0,1,2258.0,4587520,0,9568256,1,0,1.14,2258.0,1,16000,0,70,0,0,0.000503
220,2025-12-01 20:40:36,SoC.i1_g1_cv4_h1_e1_c1_el1.txt,GEDF_D,single_harris,"[[0,0,0,1,0]]",[],5133.01,1.0,1,5133.01,131072,901120,410492,1,0,7.57,5133.01,1,16000,0,2,14,0,0.001476
221,2025-12-01 20:40:37,SoC.i1_g1_cv4_h1_e1_c1_el1.txt,GEDF_D,single_lstm,"[[0,0,0,0,1]]",[],3024.0,1.0,1,3024.0,2555904,0,13697024,1,0,1.98,3024.0,1,16000,0,39,0,0,0.000654
222,2025-12-01 20:40:38,SoC.i1_g1_cv4_h1_e1_c1_el1.txt,GEDF_D,mixed_balanced,"[[1,1,1,1,1]]",[],11531.7876,3.0,5,57658.94,3604480,2342912,28855320,4,1,161.87,23840.0,5,16000,0,55,36,0,0.00679
223,2025-12-01 20:40:39,SoC.i1_g1_cv4_h1_e1_c1_el1.txt,GEDF_D,mixed_vision_heavy,"[[2,2,0,2,0]]",[],10483.646,3.5,6,62901.88,262144,3538944,4986928,4,2,179.77,20987.0,6,16000,0,4,55,0,0.008566
224,2025-12-01 20:40:40,SoC.i1_g1_cv4_h1_e1_c1_el1.txt,GEDF_D,mixed_ml_heavy,"[[0,0,2,0,2]]",[],10888.25,2.5,4,43553.0,4456448,0,56360960,0,4,29.77,11810.0,4,16000,0,68,0,0,0.002521
225,2025-12-01 20:40:40,SoC.i1_g1_cv4_h1_e1_c1_el1.txt,GEDF_N,single_canny,"[[1,0,0,0,0]]",[],4240.928,1.0,1,4240.93,131072,507904,279216,1,0,4.5,4240.93,1,16000,0,2,8,0,0.001062
226,2025-12-01 20:40:41,SoC.i1_g1_cv4_h1_e1_c1_el1.txt,GEDF_N,single_deblur,"[[0,1,0,0,0]]",[],15756.0,1.0,1,15756.0,0,1687552,345580,1,0,66.16,15756.0,1,16000,0,0,26,0,0.004199
227,2025-12-01 20:40:42,SoC.i1_g1_cv4_h1_e1_c1_el1.txt,GEDF_N,single_gru,"[[0,0,1,0,0]]",[],2285.0,1.0,1,2285.0,4128768,0,10027008,1,0,1.16,2285.0,1,16000,0,63,0,0,0.000508
228,2025-12-01 20:40:42,SoC.i1_g1_cv4_h1_e1_c1_el1.txt,GEDF_N,single_harris,"[[0,0,0,1,0]]",[],2519.01,1.0,1,2519.01,0,901120,541564,1,0,2.61,2519.01,1,16000,0,0,14,0,0.001037
229,2025-12-01 20:40:43,SoC.i1_g1_cv4_h1_e1_c1_el1.txt,GEDF_N,single_lstm,"[[0,0,0,0,1]]",[],3060.0,1.0,1,3060.0,2031616,0,14221312,1,0,2.02,3060.0,1,16000,0,31,0,0,0.00066
230,2025-12-01 20:40:44,SoC.i1_g1_cv4_h1_e1_c1_el1.txt,GEDF_N,mixed_balanced,"[[1,1,1,1,1]]",[],10593.9876,3.0,5,52969.94,2621440,2326528,29854744,4,1,118.73,19555.0,5,16000,0,40,36,0,0.006072
231,2025-12-01 20:40:44,SoC.i1_g1_cv4_h1_e1_c1_el1.txt,GEDF_N,mixed_vision_heavy,"[[2,2,0,2,0]]",[],12067.312667,3.5,6,72403.88,262144,3473408,5052464,4,2,193.51,22107.0,6,16000,0,4,54,0,0.008754
232,2025-12-01 20:40:45,SoC.i1_g1_cv4_h1_e1_c1_el1.txt,GEDF_N,mixed_ml_heavy,"[[0,0,2,0,2]]",[],11367.25,2.5,4,45469.0,3473408,0,57344000,0,4,30.0,11862.0,4,16000,0,53,0,0,0.002529
233,2025-12-01 20:40:46,SoC.i1_g1_cv4_h1_e1_c1_el1.txt,HetSched,single_canny,"[[1,0,0,0,0]]",[],4224.928,1.0,1,4224.93,262144,507904,148144,1,0,4.47,4224.93,1,16000,0,4,8,0,0.001058
234,2025-12-01 20:40:47,SoC.i1_g1_cv4_h1_e1_c1_el1.txt,HetSched,single_deblur,"[[0,1,0,0,0]]",[],15756.0,1.0,1,15756.0,0,1687552,345580,1,0,66.16,15756.0,1,16000,0,0,26,0,0.004199
235,2025-12-01 20:40:47,SoC.i1_g1_cv4_h1_e1_c1_el1.txt,HetSched,single_gru,"[[0,0,1,0,0]]",[],1912.0,1.0,1,1912.0,7274496,0,6881280,1,0,0.85,1912.0,1,16000,0,111,0,0,0.000446
236,2025-12-01 20:40:48,SoC.i1_g1_cv4_h1_e1_c1_el1.txt,HetSched,single_harris,"[[0,0,0,1,0]]",[],5133.01,1.0,1,5133.01,131072,901120,410492,1,0,7.57,5133.01,1,16000,0,2,14,0,0.001476
237,2025-12-01 20:40:48,SoC.i1_g1_cv4_h1_e1_c1_el1.txt,HetSched,single_lstm,"[[0,0,0,0,1]]",[],2655.0,1.0,1,2655.0,5177344,0,11075584,1,0,1.57,2655.0,1,16000,0,79,0,0,0.000592
238,2025-12-01 20:40:49,SoC.i1_g1_cv4_h1_e1_c1_el1.txt,HetSched,mixed_balanced,"[[1,1,1,1,1]]",[],9520.1876,3.0,5,47600.94,12779520,2277376,19745816,3,2,126.01,20323.0,5,16000,0,195,35,0,0.006201
239,2025-12-01 20:40:50,SoC.i1_g1_cv4_h1_e1_c1_el1.txt,HetSched,mixed_vision_heavy,"[[2,2,0,2,0]]",[],11328.646,3.5,6,67971.88,720896,3801088,4266032,4,2,184.48,21373.0,6,16000,0,11,59,0,0.008631
240,2025-12-01 20:40:51,SoC.i1_g1_cv4_h1_e1_c1_el1.txt,HetSched,mixed_ml_heavy,"[[0,0,2,0,2]]",[],5485.25,2.5,4,21941.0,24903680,0,35913728,3,1,18.93,9134.0,4,16000,0,380,0,0,0.002072
241,2025-12-01 20:40:51,SoC.i1_g1_cv1_h4_e1_c1_el1.txt,RELIEF,single_canny,"[[1,0,0,0,0]]",[],3546.928,1.0,1,3546.93,196608,573440,148144,1,0,3.35,3546.93,1,16000,10,3,9,0,0.000944
242,2025-12-01 20:40:52,SoC.i1_g1_cv1_h4_e1_c1_el1.txt,RELIEF,single_deblur,"[[0,1,0,0,0]]",[],15756.0,1.0,1,15756.0,0,1687552,345580,1,0,66.16,15756.0,1,16000,22,0,26,0,0.004199
243,2025-12-01 20:40:53,SoC.i1_g1_cv1_h4_e1_c1_el1.txt,RELIEF,single_gru,"[[0,0,1,0,0]]",[],1908.0,1.0,1,1908.0,7274496,0,6881280,1,0,0.85,1908.0,1,16000,104,111,0,0,0.000445
244,2025-12-01 20:40:53,SoC.i1_g1_cv1_h4_e1_c1_el1.txt,RELIEF,single_harris,"[[0,0,0,1,0]]",[],8408.01,1.0,1,8408.01,262144,507904,672636,1,0,17.01,8408.01,1,16000,12,4,8,0,0.002023
245,2025-12-01 20:40:54,SoC.i1_g1_cv1_h4_e1_c1_el1.txt,RELIEF,single_lstm,"[[0,0,0,0,1]]",[],2385.0,1.0,1,2385.0,7798784,0,8454144,1,0,1.3,2385.0,1,16000,120,119,0,0,0.000546
246,2025-12-01 20:40:55,SoC.i1_g1_cv1_h4_e1_c1_el1.txt,RELIEF,mixed_balanced,"[[1,1,1,1,1]]",[],12767.3876,3.0,5,63836.94,15466496,1589248,17746968,3,2,231.83,29782.0,5,16000,260,236,25,0,0.007784
247,2025-12-01 20:40:57,SoC.i1_g1_cv1_h4_e1_c1_el1.txt,RELIEF,mixed_vision_heavy,"[[2,2,0,2,0]]",[],34589.479333,3.5,6,207536.88,917504,2752512,5118000,2,4,1183.26,70325.0,6,16000,62,14,43,0,0.016826
248,2025-12-01 20:40:57,SoC.i1_g1_cv1_h4_e1_c1_el1.txt,RELIEF,mixed_ml_heavy,"[[0,0,2,0,2]]",[],5959.25,2.5,4,23837.0,30015488,0,30801920,3,1,17.01,8587.0,4,16000,445,458,0,0,0.00198
249,2025-12-01 20:40:58,SoC.i1_g1_cv1_h4_e1_c1_el1.txt,LL,single_canny,"[[1,0,0,0,0]]",[],3545.928,1.0,1,3545.93,196608,573440,148144,1,0,3.35,3545.93,1,16000,0,3,9,0,0.000944
250,2025-12-01 20:40:59,SoC.i1_g1_cv1_h4_e1_c1_el1.txt,LL,single_deblur,"[[0,1,0,0,0]]",[],15756.0,1.0,1,15756.0,0,1687552,345580,1,0,66.16,15756.0,1,16000,0,0,26,0,0.004199
251,2025-12-01 20:40:59,SoC.i1_g1_cv1_h4_e1_c1_el1.txt,LL,single_gru,"[[0,0,1,0,0]]",[],1931.0,1.0,1,1931.0,6815744,0,7340032,1,0,0.87,1931.0,1,16000,0,104,0,0,0.00045
252,2025-12-01 20:41:00,SoC.i1_g1_cv1_h4_e1_c1_el1.txt,LL,single_harris,"[[0,0,0,1,0]]",[],8776.01,1.0,1,8776.01,262144,573440,607100,1,0,18.3,8776.01,1,16000,0,4,9,0,0.002085
253,2025-12-01 20:41:00,SoC.i1_g1_cv1_h4_e1_c1_el1.txt,LL,single_lstm,"[[0,0,0,0,1]]",[],2495.0,1.0,1,2495.0,6750208,0,9502720,1,0,1.41,2495.0,1,16000,0,103,0,0,0.000565
254,2025-12-01 20:41:02,SoC.i1_g1_cv1_h4_e1_c1_el1.txt,LL,mixed_balanced,"[[1,1,1,1,1]]",[],12709.7876,3.0,5,63548.94,13893632,1589248,19319832,3,2,231.84,29784.0,5,16000,0,212,25,0,0.007784
255,2025-12-01 20:41:03,SoC.i1_g1_cv1_h4_e1_c1_el1.txt,LL,mixed_vision_heavy,"[[2,2,0,2,0]]",[],35720.812667,3.5,6,214324.88,720896,2818048,5249072,2,4,1229.49,71928.0,6,16000,0,11,44,0,0.017093
256,2025-12-01 20:41:04,SoC.i1_g1_cv1_h4_e1_c1_el1.txt,LL,mixed_ml_heavy,"[[0,0,2,0,2]]",[],5654.5,2.5,4,22618.0,24707072,0,36110336,3,1,18.89,9123.0,4,16000,0,377,0,0,0.002071
257,2025-12-01 20:41:04,SoC.i1_g1_cv1_h4_e1_c1_el1.txt,GEDF_D,single_canny,"[[1,0,0,0,0]]",[],3550.928,1.0,1,3550.93,196608,507904,213680,1,0,3.36,3550.93,1,16000,0,3,8,0,0.000946
258,2025-12-01 20:41:05,SoC.i1_g1_cv1_h4_e1_c1_el1.txt,GEDF_D,single_deblur,"[[0,1,0,0,0]]",[],15756.0,1.0,1,15756.0,0,1687552,345580,1,0,66.16,15756.0,1,16000,0,0,26,0,0.004199
259,2025-12-01 20:41:06,SoC.i1_g1_cv1_h4_e1_c1_el1.txt,GEDF_D,single_gru,"[[0,0,1,0,0]]",[],2258.0,1.0,1,2258.0,4587520,0,9568256,1,0,1.14,2258.0,1,16000,0,70,0,0,0.000503
260,2025-12-01 20:41:06,SoC.i1_g1_cv1_h4_e1_c1_el1.txt,GEDF_D,single_harris,"[[0,0,0,1,0]]",[],8824.01,1.0,1,8824.01,131072,638976,672636,1,0,18.47,8824.01,1,16000,0,2,10,0,0.002093
261,2025-12-01 20:41:07,SoC.i1_g1_cv1_h4_e1_c1_el1.txt,GEDF_D,single_lstm,"[[0,0,0,0,1]]",[],3024.0,1.0,1,3024.0,2555904,0,13697024,1,0,1.98,3024.0,1,16000,0,39,0,0,0.000654
262,2025-12-01 20:41:08,SoC.i1_g1_cv1_h4_e1_c1_el1.txt,GEDF_D,mixed_balanced,"[[1,1,1,1,1]]",[],14280.1876,3.0,5,71400.94,3604480,1556480,29641752,2,3,239.69,30393.0,5,16000,0,55,24,0,0.007886
263,2025-12-01 20:41:09,SoC.i1_g1_cv1_h4_e1_c1_el1.txt,GEDF_D,mixed_vision_heavy,"[[2,2,0,2,0]]",[],40529.812667,3.5,6,243178.88,655360,2490368,5642288,1,5,1259.69,72959.0,6,16000,0,10,39,0,0.017266
264,2025-12-01 20:41:10,SoC.i1_g1_cv1_h4_e1_c1_el1.txt,GEDF_D,mixed_ml_heavy,"[[0,0,2,0,2]]",[],10888.25,2.5,4,43553.0,4456448,0,56360960,0,4,29.77,11810.0,4,16000,0,68,0,0,0.002521
265,2025-12-01 20:41:11,SoC.i1_g1_cv1_h4_e1_c1_el1.txt,GEDF_N,single_canny,"[[1,0,0,0,0]]",[],3558.928,1.0,1,3558.93,131072,507904,279216,1,0,3.37,3558.93,1,16000,0,2,8,0,0.000946
266,2025-12-01 20:41:12,SoC.i1_g1_cv1_h4_e1_c1_el1.txt,GEDF_N,single_deblur,"[[0,1,0,0,0]]",[],15756.0,1.0,1,15756.0,0,1687552,345580,1,0,66.16,15756.0,1,16000,0,0,26,0,0.004199
267,2025-12-01 20:41:12,SoC.i1_g1_cv1_h4_e1_c1_el1.txt,GEDF_N,single_gru,"[[0,0,1,0,0]]",[],2285.0,1.0,1,2285.0,4128768,0,10027008,1,0,1.16,2285.0,1,16000,0,63,0,0,0.000508
268,2025-12-01 20:41:13,SoC.i1_g1_cv1_h4_e1_c1_el1.txt,GEDF_N,single_harris,"[[0,0,0,1,0]]",[],8408.01,1.0,1,8408.01,196608,507904,738172,1,0,17.01,8408.01,1,16000,0,3,8,0,0.002023
269,2025-12-01 20:41:13,SoC.i1_g1_cv1_h4_e1_c1_el1.txt,GEDF_N,single_lstm,"[[0,0,0,0,1]]",[],3060.0,1.0,1,3060.0,2031616,0,14221312,1,0,2.02,3060.0,1,16000,0,31,0,0,0.00066
270,2025-12-01 20:41:15,SoC.i1_g1_cv1_h4_e1_c1_el1.txt,GEDF_N,mixed_balanced,"[[1,1,1,1,1]]",[],19251.5876,3.0,5,96257.94,2621440,1081344,31099928,1,4,310.54,35517.0,5,16000,0,40,17,0,0.008743
271,2025-12-01 20:41:16,SoC.i1_g1_cv1_h4_e1_c1_el1.txt,GEDF_N,mixed_vision_heavy,"[[2,2,0,2,0]]",[],60533.312667,3.5,6,363199.88,655360,2621440,5511216,0,6,1196.11,70772.0,6,16000,0,10,41,0,0.016901
272,2025-12-01 20:41:17,SoC.i1_g1_cv1_h4_e1_c1_el1.txt,GEDF_N,mixed_ml_heavy,"[[0,0,2,0,2]]",[],11367.25,2.5,4,45469.0,3473408,0,57344000,0,4,30.0,11862.0,4,16000,0,53,0,0,0.002529
273,2025-12-01 20:41:17,SoC.i1_g1_cv1_h4_e1_c1_el1.txt,HetSched,single_canny,"[[1,0,0,0,0]]",[],3550.928,1.0,1,3550.93,196608,507904,213680,1,0,3.36,3550.93,1,16000,0,3,8,0,0.000946
274,2025-12-01 20:41:18,SoC.i1_g1_cv1_h4_e1_c1_el1.txt,HetSched,single_deblur,"[[0,1,0,0,0]]",[],15756.0,1.0,1,15756.0,0,1687552,345580,1,0,66.16,15756.0,1,16000,0,0,26,0,0.004199
275,2025-12-01 20:41:19,SoC.i1_g1_cv1_h4_e1_c1_el1.txt,HetSched,single_gru,"[[0,0,1,0,0]]",[],1912.0,1.0,1,1912.0,7274496,0,6881280,1,0,0.85,1912.0,1,16000,0,111,0,0,0.000446
276,2025-12-01 20:41:19,SoC.i1_g1_cv1_h4_e1_c1_el1.txt,HetSched,single_harris,"[[0,0,0,1,0]]",[],8824.01,1.0,1,8824.01,131072,638976,672636,1,0,18.47,8824.01,1,16000,0,2,10,0,0.002093
277,2025-12-01 20:41:20,SoC.i1_g1_cv1_h4_e1_c1_el1.txt,HetSched,single_lstm,"[[0,0,0,0,1]]",[],2655.0,1.0,1,2655.0,5177344,0,11075584,1,0,1.57,2655.0,1,16000,0,79,0,0,0.000592
278,2025-12-01 20:41:21,SoC.i1_g1_cv1_h4_e1_c1_el1.txt,HetSched,mixed_balanced,"[[1,1,1,1,1]]",[],15319.9876,3.0,5,76599.94,12648448,1294336,20859928,3,2,279.69,33362.0,5,16000,0,193,20,0,0.008383
279,2025-12-01 20:41:22,SoC.i1_g1_cv1_h4_e1_c1_el1.txt,HetSched,mixed_vision_heavy,"[[2,2,0,2,0]]",[],56802.146,3.5,6,340812.88,655360,3211264,4921392,0,6,1235.2,72120.93,6,16000,0,10,50,0,0.017127
280,2025-12-01 20:41:23,SoC.i1_g1_cv1_h4_e1_c1_el1.txt,HetSched,mixed_ml_heavy,"[[0,0,2,0,2]]",[],5485.25,2.5,4,21941.0,24903680,0,35913728,3,1,18.93,9134.0,4,16000,0,380,0,0,0.002072
281,2025-12-01 20:41:24,SoC.i1_g1_cv1_h1_e4_c1_el1.txt,RELIEF,single_canny,"[[1,0,0,0,0]]",[],3546.928,1.0,1,3546.93,196608,573440,148144,1,0,3.35,3546.93,1,16000,10,3,9,0,0.000944
282,2025-12-01 20:41:24,SoC.i1_g1_cv1_h1_e4_c1_el1.txt,RELIEF,single_deblur,"[[0,1,0,0,0]]",[],15756.0,1.0,1,15756.0,0,1687552,345580,1,0,66.16,15756.0,1,16000,22,0,26,0,0.004199
283,2025-12-01 20:41:25,SoC.i1_g1_cv1_h1_e4_c1_el1.txt,RELIEF,single_gru,"[[0,0,1,0,0]]",[],1908.0,1.0,1,1908.0,7274496,0,6881280,1,0,0.85,1908.0,1,16000,104,111,0,0,0.000445
284,2025-12-01 20:41:26,SoC.i1_g1_cv1_h1_e4_c1_el1.txt,RELIEF,single_harris,"[[0,0,0,1,0]]",[],8408.01,1.0,1,8408.01,262144,507904,672636,1,0,17.01,8408.01,1,16000,12,4,8,0,0.002023
285,2025-12-01 20:41:26,SoC.i1_g1_cv1_h1_e4_c1_el1.txt,RELIEF,single_lstm,"[[0,0,0,0,1]]",[],2385.0,1.0,1,2385.0,7798784,0,8454144,1,0,1.3,2385.0,1,16000,120,119,0,0,0.000546
286,2025-12-01 20:41:27,SoC.i1_g1_cv1_h1_e4_c1_el1.txt,RELIEF,mixed_balanced,"[[1,1,1,1,1]]",[],12767.3876,3.0,5,63836.94,15466496,1589248,17746968,3,2,231.83,29782.0,5,16000,260,236,25,0,0.007784
287,2025-12-01 20:41:29,SoC.i1_g1_cv1_h1_e4_c1_el1.txt,RELIEF,mixed_vision_heavy,"[[2,2,0,2,0]]",[],34589.479333,3.5,6,207536.88,917504,2752512,5118000,2,4,1183.26,70325.0,6,16000,62,14,43,0,0.016826
288,2025-12-01 20:41:30,SoC.i1_g1_cv1_h1_e4_c1_el1.txt,RELIEF,mixed_ml_heavy,"[[0,0,2,0,2]]",[],5959.25,2.5,4,23837.0,30015488,0,30801920,3,1,17.01,8587.0,4,16000,445,458,0,0,0.00198
289,2025-12-01 20:41:30,SoC.i1_g1_cv1_h1_e4_c1_el1.txt,LL,single_canny,"[[1,0,0,0,0]]",[],3545.928,1.0,1,3545.93,196608,573440,148144,1,0,3.35,3545.93,1,16000,0,3,9,0,0.000944
290,2025-12-01 20:41:31,SoC.i1_g1_cv1_h1_e4_c1_el1.txt,LL,single_deblur,"[[0,1,0,0,0]]",[],15756.0,1.0,1,15756.0,0,1687552,345580,1,0,66.16,15756.0,1,16000,0,0,26,0,0.004199
291,2025-12-01 20:41:31,SoC.i1_g1_cv1_h1_e4_c1_el1.txt,LL,single_gru,"[[0,0,1,0,0]]",[],1931.0,1.0,1,1931.0,6815744,0,7340032,1,0,0.87,1931.0,1,16000,0,104,0,0,0.00045
292,2025-12-01 20:41:32,SoC.i1_g1_cv1_h1_e4_c1_el1.txt,LL,single_harris,"[[0,0,0,1,0]]",[],8776.01,1.0,1,8776.01,262144,573440,607100,1,0,18.3,8776.01,1,16000,0,4,9,0,0.002085
293,2025-12-01 20:41:33,SoC.i1_g1_cv1_h1_e4_c1_el1.txt,LL,single_lstm,"[[0,0,0,0,1]]",[],2495.0,1.0,1,2495.0,6750208,0,9502720,1,0,1.41,2495.0,1,16000,0,103,0,0,0.000565
294,2025-12-01 20:41:34,SoC.i1_g1_cv1_h1_e4_c1_el1.txt,LL,mixed_balanced,"[[1,1,1,1,1]]",[],12709.7876,3.0,5,63548.94,13893632,1589248,19319832,3,2,231.84,29784.0,5,16000,0,212,25,0,0.007784
295,2025-12-01 20:41:35,SoC.i1_g1_cv1_h1_e4_c1_el1.txt,LL,mixed_vision_heavy,"[[2,2,0,2,0]]",[],35720.812667,3.5,6,214324.88,720896,2818048,5249072,2,4,1229.49,71928.0,6,16000,0,11,44,0,0.017093
296,2025-12-01 20:41:36,SoC.i1_g1_cv1_h1_e4_c1_el1.txt,LL,mixed_ml_heavy,"[[0,0,2,0,2]]",[],5654.5,2.5,4,22618.0,24707072,0,36110336,3,1,18.89,9123.0,4,16000,0,377,0,0,0.002071
297,2025-12-01 20:41:37,SoC.i1_g1_cv1_h1_e4_c1_el1.txt,GEDF_D,single_canny,"[[1,0,0,0,0]]",[],3550.928,1.0,1,3550.93,196608,507904,213680,1,0,3.36,3550.93,1,16000,0,3,8,0,0.000946
298,2025-12-01 20:41:37,SoC.i1_g1_cv1_h1_e4_c1_el1.txt,GEDF_D,single_deblur,"[[0,1,0,0,0]]",[],15756.0,1.0,1,15756.0,0,1687552,345580,1,0,66.16,15756.0,1,16000,0,0,26,0,0.004199
299,2025-12-01 20:41:38,SoC.i1_g1_cv1_h1_e4_c1_el1.txt,GEDF_D,single_gru,"[[0,0,1,0,0]]",[],2258.0,1.0,1,2258.0,4587520,0,9568256,1,0,1.14,2258.0,1,16000,0,70,0,0,0.000503
300,2025-12-01 20:41:38,SoC.i1_g1_cv1_h1_e4_c1_el1.txt,GEDF_D,single_harris,"[[0,0,0,1,0]]",[],8824.01,1.0,1,8824.01,131072,638976,672636,1,0,18.47,8824.01,1,16000,0,2,10,0,0.002093
301,2025-12-01 20:41:39,SoC.i1_g1_cv1_h1_e4_c1_el1.txt,GEDF_D,single_lstm,"[[0,0,0,0,1]]",[],3024.0,1.0,1,3024.0,2555904,0,13697024,1,0,1.98,3024.0,1,16000,0,39,0,0,0.000654
302,2025-12-01 20:41:40,SoC.i1_g1_cv1_h1_e4_c1_el1.txt,GEDF_D,mixed_balanced,"[[1,1,1,1,1]]",[],14280.1876,3.0,5,71400.94,3604480,1556480,29641752,2,3,239.69,30393.0,5,16000,0,55,24,0,0.007886
303,2025-12-01 20:41:42,SoC.i1_g1_cv1_h1_e4_c1_el1.txt,GEDF_D,mixed_vision_heavy,"[[2,2,0,2,0]]",[],40529.812667,3.5,6,243178.88,655360,2490368,5642288,1,5,1259.69,72959.0,6,16000,0,10,39,0,0.017266
304,2025-12-01 20:41:43,SoC.i1_g1_cv1_h1_e4_c1_el1.txt,GEDF_D,mixed_ml_heavy,"[[0,0,2,0,2]]",[],10888.25,2.5,4,43553.0,4456448,0,56360960,0,4,29.77,11810.0,4,16000,0,68,0,0,0.002521
305,2025-12-01 20:41:43,SoC.i1_g1_cv1_h1_e4_c1_el1.txt,GEDF_N,single_canny,"[[1,0,0,0,0]]",[],3558.928,1.0,1,3558.93,131072,507904,279216,1,0,3.37,3558.93,1,16000,0,2,8,0,0.000946
306,2025-12-01 20:41:44,SoC.i1_g1_cv1_h1_e4_c1_el1.txt,GEDF_N,single_deblur,"[[0,1,0,0,0]]",[],15756.0,1.0,1,15756.0,0,1687552,345580,1,0,66.16,15756.0,1,16000,0,0,26,0,0.004199
307,2025-12-01 20:41:44,SoC.i1_g1_cv1_h1_e4_c1_el1.txt,GEDF_N,single_gru,"[[0,0,1,0,0]]",[],2285.0,1.0,1,2285.0,4128768,0,10027008,1,0,1.16,2285.0,1,16000,0,63,0,0,0.000508
308,2025-12-01 20:41:45,SoC.i1_g1_cv1_h1_e4_c1_el1.txt,GEDF_N,single_harris,"[[0,0,0,1,0]]",[],8408.01,1.0,1,8408.01,196608,507904,738172,1,0,17.01,8408.01,1,16000,0,3,8,0,0.002023
309,2025-12-01 20:41:46,SoC.i1_g1_cv1_h1_e4_c1_el1.txt,GEDF_N,single_lstm,"[[0,0,0,0,1]]",[],3060.0,1.0,1,3060.0,2031616,0,14221312,1,0,2.02,3060.0,1,16000,0,31,0,0,0.00066
310,2025-12-01 20:41:47,SoC.i1_g1_cv1_h1_e4_c1_el1.txt,GEDF_N,mixed_balanced,"[[1,1,1,1,1]]",[],19251.5876,3.0,5,96257.94,2621440,1081344,31099928,1,4,310.54,35517.0,5,16000,0,40,17,0,0.008743
311,2025-12-01 20:41:48,SoC.i1_g1_cv1_h1_e4_c1_el1.txt,GEDF_N,mixed_vision_heavy,"[[2,2,0,2,0]]",[],60533.312667,3.5,6,363199.88,655360,2621440,5511216,0,6,1196.11,70772.0,6,16000,0,10,41,0,0.016901
312,2025-12-01 20:41:49,SoC.i1_g1_cv1_h1_e4_c1_el1.txt,GEDF_N,mixed_ml_heavy,"[[0,0,2,0,2]]",[],11367.25,2.5,4,45469.0,3473408,0,57344000,0,4,30.0,11862.0,4,16000,0,53,0,0,0.002529
313,2025-12-01 20:41:50,SoC.i1_g1_cv1_h1_e4_c1_el1.txt,HetSched,single_canny,"[[1,0,0,0,0]]",[],3550.928,1.0,1,3550.93,196608,507904,213680,1,0,3.36,3550.93,1,16000,0,3,8,0,0.000946
314,2025-12-01 20:41:50,SoC.i1_g1_cv1_h1_e4_c1_el1.txt,HetSched,single_deblur,"[[0,1,0,0,0]]",[],15756.0,1.0,1,15756.0,0,1687552,345580,1,0,66.16,15756.0,1,16000,0,0,26,0,0.004199
315,2025-12-01 20:41:51,SoC.i1_g1_cv1_h1_e4_c1_el1.txt,HetSched,single_gru,"[[0,0,1,0,0]]",[],1912.0,1.0,1,1912.0,7274496,0,6881280,1,0,0.85,1912.0,1,16000,0,111,0,0,0.000446
316,2025-12-01 20:41:52,SoC.i1_g1_cv1_h1_e4_c1_el1.txt,HetSched,single_harris,"[[0,0,0,1,0]]",[],8824.01,1.0,1,8824.01,131072,638976,672636,1,0,18.47,8824.01,1,16000,0,2,10,0,0.002093
317,2025-12-01 20:41:52,SoC.i1_g1_cv1_h1_e4_c1_el1.txt,HetSched,single_lstm,"[[0,0,0,0,1]]",[],2655.0,1.0,1,2655.0,5177344,0,11075584,1,0,1.57,2655.0,1,16000,0,79,0,0,0.000592
318,2025-12-01 20:41:53,SoC.i1_g1_cv1_h1_e4_c1_el1.txt,HetSched,mixed_balanced,"[[1,1,1,1,1]]",[],15319.9876,3.0,5,76599.94,12648448,1294336,20859928,3,2,279.69,33362.0,5,16000,0,193,20,0,0.008383
319,2025-12-01 20:41:55,SoC.i1_g1_cv1_h1_e4_c1_el1.txt,HetSched,mixed_vision_heavy,"[[2,2,0,2,0]]",[],56802.146,3.5,6,340812.88,655360,3211264,4921392,0,6,1235.2,72120.93,6,16000,0,10,50,0,0.017127
320,2025-12-01 20:41:56,SoC.i1_g1_cv1_h1_e4_c1_el1.txt,HetSched,mixed_ml_heavy,"[[0,0,2,0,2]]",[],5485.25,2.5,4,21941.0,24903680,0,35913728,3,1,18.93,9134.0,4,16000,0,380,0,0,0.002072
321,2025-12-01 20:41:56,SoC.i1_g1_cv1_h1_e1_c4_el1.txt,RELIEF,single_canny,"[[1,0,0,0,0]]",[],3546.928,1.0,1,3546.93,196608,573440,148144,1,0,3.35,3546.93,1,16000,10,3,9,0,0.000944
322,2025-12-01 20:41:57,SoC.i1_g1_cv1_h1_e1_c4_el1.txt,RELIEF,single_deblur,"[[0,1,0,0,0]]",[],15756.0,1.0,1,15756.0,0,1687552,345580,1,0,66.16,15756.0,1,16000,22,0,26,0,0.004199
323,2025-12-01 20:41:57,SoC.i1_g1_cv1_h1_e1_c4_el1.txt,RELIEF,single_gru,"[[0,0,1,0,0]]",[],1908.0,1.0,1,1908.0,7274496,0,6881280,1,0,0.85,1908.0,1,16000,104,111,0,0,0.000445
324,2025-12-01 20:41:58,SoC.i1_g1_cv1_h1_e1_c4_el1.txt,RELIEF,single_harris,"[[0,0,0,1,0]]",[],8408.01,1.0,1,8408.01,262144,507904,672636,1,0,17.01,8408.01,1,16000,12,4,8,0,0.002023
325,2025-12-01 20:41:59,SoC.i1_g1_cv1_h1_e1_c4_el1.txt,RELIEF,single_lstm,"[[0,0,0,0,1]]",[],2385.0,1.0,1,2385.0,7798784,0,8454144,1,0,1.3,2385.0,1,16000,120,119,0,0,0.000546
326,2025-12-01 20:42:00,SoC.i1_g1_cv1_h1_e1_c4_el1.txt,RELIEF,mixed_balanced,"[[1,1,1,1,1]]",[],12767.3876,3.0,5,63836.94,15466496,1589248,17746968,3,2,231.83,29782.0,5,16000,260,236,25,0,0.007784
327,2025-12-01 20:42:01,SoC.i1_g1_cv1_h1_e1_c4_el1.txt,RELIEF,mixed_vision_heavy,"[[2,2,0,2,0]]",[],34589.479333,3.5,6,207536.88,917504,2752512,5118000,2,4,1183.26,70325.0,6,16000,62,14,43,0,0.016826
328,2025-12-01 20:42:02,SoC.i1_g1_cv1_h1_e1_c4_el1.txt,RELIEF,mixed_ml_heavy,"[[0,0,2,0,2]]",[],5959.25,2.5,4,23837.0,30015488,0,30801920,3,1,17.01,8587.0,4,16000,445,458,0,0,0.00198
329,2025-12-01 20:42:03,SoC.i1_g1_cv1_h1_e1_c4_el1.txt,LL,single_canny,"[[1,0,0,0,0]]",[],3545.928,1.0,1,3545.93,196608,573440,148144,1,0,3.35,3545.93,1,16000,0,3,9,0,0.000944
330,2025-12-01 20:42:03,SoC.i1_g1_cv1_h1_e1_c4_el1.txt,LL,single_deblur,"[[0,1,0,0,0]]",[],15756.0,1.0,1,15756.0,0,1687552,345580,1,0,66.16,15756.0,1,16000,0,0,26,0,0.004199
331,2025-12-01 20:42:04,SoC.i1_g1_cv1_h1_e1_c4_el1.txt,LL,single_gru,"[[0,0,1,0,0]]",[],1931.0,1.0,1,1931.0,6815744,0,7340032,1,0,0.87,1931.0,1,16000,0,104,0,0,0.00045
332,2025-12-01 20:42:05,SoC.i1_g1_cv1_h1_e1_c4_el1.txt,LL,single_harris,"[[0,0,0,1,0]]",[],8776.01,1.0,1,8776.01,262144,573440,607100,1,0,18.3,8776.01,1,16000,0,4,9,0,0.002085
333,2025-12-01 20:42:05,SoC.i1_g1_cv1_h1_e1_c4_el1.txt,LL,single_lstm,"[[0,0,0,0,1]]",[],2495.0,1.0,1,2495.0,6750208,0,9502720,1,0,1.41,2495.0,1,16000,0,103,0,0,0.000565
334,2025-12-01 20:42:06,SoC.i1_g1_cv1_h1_e1_c4_el1.txt,LL,mixed_balanced,"[[1,1,1,1,1]]",[],12709.7876,3.0,5,63548.94,13893632,1589248,19319832,3,2,231.84,29784.0,5,16000,0,212,25,0,0.007784
335,2025-12-01 20:42:08,SoC.i1_g1_cv1_h1_e1_c4_el1.txt,LL,mixed_vision_heavy,"[[2,2,0,2,0]]",[],35720.812667,3.5,6,214324.88,720896,2818048,5249072,2,4,1229.49,71928.0,6,16000,0,11,44,0,0.017093
336,2025-12-01 20:42:09,SoC.i1_g1_cv1_h1_e1_c4_el1.txt,LL,mixed_ml_heavy,"[[0,0,2,0,2]]",[],5654.5,2.5,4,22618.0,24707072,0,36110336,3,1,18.89,9123.0,4,16000,0,377,0,0,0.002071
337,2025-12-01 20:42:09,SoC.i1_g1_cv1_h1_e1_c4_el1.txt,GEDF_D,single_canny,"[[1,0,0,0,0]]",[],3550.928,1.0,1,3550.93,196608,507904,213680,1,0,3.36,3550.93,1,16000,0,3,8,0,0.000946
338,2025-12-01 20:42:10,SoC.i1_g1_cv1_h1_e1_c4_el1.txt,GEDF_D,single_deblur,"[[0,1,0,0,0]]",[],15756.0,1.0,1,15756.0,0,1687552,345580,1,0,66.16,15756.0,1,16000,0,0,26,0,0.004199
339,2025-12-01 20:42:11,SoC.i1_g1_cv1_h1_e1_c4_el1.txt,GEDF_D,single_gru,"[[0,0,1,0,0]]",[],2258.0,1.0,1,2258.0,4587520,0,9568256,1,0,1.14,2258.0,1,16000,0,70,0,0,0.000503
340,2025-12-01 20:42:11,SoC.i1_g1_cv1_h1_e1_c4_el1.txt,GEDF_D,single_harris,"[[0,0,0,1,0]]",[],8824.01,1.0,1,8824.01,131072,638976,672636,1,0,18.47,8824.01,1,16000,0,2,10,0,0.002093
341,2025-12-01 20:42:12,SoC.i1_g1_cv1_h1_e1_c4_el1.txt,GEDF_D,single_lstm,"[[0,0,0,0,1]]",[],3024.0,1.0,1,3024.0,2555904,0,13697024,1,0,1.98,3024.0,1,16000,0,39,0,0,0.000654
342,2025-12-01 20:42:13,SoC.i1_g1_cv1_h1_e1_c4_el1.txt,GEDF_D,mixed_balanced,"[[1,1,1,1,1]]",[],14280.1876,3.0,5,71400.94,3604480,1556480,29641752,2,3,239.69,30393.0,5,16000,0,55,24,0,0.007886
343,2025-12-01 20:42:14,SoC.i1_g1_cv1_h1_e1_c4_el1.txt,GEDF_D,mixed_vision_heavy,"[[2,2,0,2,0]]",[],40529.812667,3.5,6,243178.88,655360,2490368,5642288,1,5,1259.69,72959.0,6,16000,0,10,39,0,0.017266
344,2025-12-01 20:42:15,SoC.i1_g1_cv1_h1_e1_c4_el1.txt,GEDF_D,mixed_ml_heavy,"[[0,0,2,0,2]]",[],10888.25,2.5,4,43553.0,4456448,0,56360960,0,4,29.77,11810.0,4,16000,0,68,0,0,0.002521
345,2025-12-01 20:42:16,SoC.i1_g1_cv1_h1_e1_c4_el1.txt,GEDF_N,single_canny,"[[1,0,0,0,0]]",[],3558.928,1.0,1,3558.93,131072,507904,279216,1,0,3.37,3558.93,1,16000,0,2,8,0,0.000946
346,2025-12-01 20:42:16,SoC.i1_g1_cv1_h1_e1_c4_el1.txt,GEDF_N,single_deblur,"[[0,1,0,0,0]]",[],15756.0,1.0,1,15756.0,0,1687552,345580,1,0,66.16,15756.0,1,16000,0,0,26,0,0.004199
347,2025-12-01 20:42:17,SoC.i1_g1_cv1_h1_e1_c4_el1.txt,GEDF_N,single_gru,"[[0,0,1,0,0]]",[],2285.0,1.0,1,2285.0,4128768,0,10027008,1,0,1.16,2285.0,1,16000,0,63,0,0,0.000508
348,2025-12-01 20:42:18,SoC.i1_g1_cv1_h1_e1_c4_el1.txt,GEDF_N,single_harris,"[[0,0,0,1,0]]",[],8408.01,1.0,1,8408.01,196608,507904,738172,1,0,17.01,8408.01,1,16000,0,3,8,0,0.002023
349,2025-12-01 20:42:18,SoC.i1_g1_cv1_h1_e1_c4_el1.txt,GEDF_N,single_lstm,"[[0,0,0,0,1]]",[],3060.0,1.0,1,3060.0,2031616,0,14221312,1,0,2.02,3060.0,1,16000,0,31,0,0,0.00066
350,2025-12-01 20:42:20,SoC.i1_g1_cv1_h1_e1_c4_el1.txt,GEDF_N,mixed_balanced,"[[1,1,1,1,1]]",[],19251.5876,3.0,5,96257.94,2621440,1081344,31099928,1,4,310.54,35517.0,5,16000,0,40,17,0,0.008743
351,2025-12-01 20:42:21,SoC.i1_g1_cv1_h1_e1_c4_el1.txt,GEDF_N,mixed_vision_heavy,"[[2,2,0,2,0]]",[],60533.312667,3.5,6,363199.88,655360,2621440,5511216,0,6,1196.11,70772.0,6,16000,0,10,41,0,0.016901
352,2025-12-01 20:42:22,SoC.i1_g1_cv1_h1_e1_c4_el1.txt,GEDF_N,mixed_ml_heavy,"[[0,0,2,0,2]]",[],11367.25,2.5,4,45469.0,3473408,0,57344000,0,4,30.0,11862.0,4,16000,0,53,0,0,0.002529
353,2025-12-01 20:42:22,SoC.i1_g1_cv1_h1_e1_c4_el1.txt,HetSched,single_canny,"[[1,0,0,0,0]]",[],3550.928,1.0,1,3550.93,196608,507904,213680,1,0,3.36,3550.93,1,16000,0,3,8,0,0.000946
354,2025-12-01 20:42:23,SoC.i1_g1_cv1_h1_e1_c4_el1.txt,HetSched,single_deblur,"[[0,1,0,0,0]]",[],15756.0,1.0,1,15756.0,0,1687552,345580,1,0,66.16,15756.0,1,16000,0,0,26,0,0.004199
355,2025-12-01 20:42:24,SoC.i1_g1_cv1_h1_e1_c4_el1.txt,HetSched,single_gru,"[[0,0,1,0,0]]",[],1912.0,1.0,1,1912.0,7274496,0,6881280,1,0,0.85,1912.0,1,16000,0,111,0,0,0.000446
356,2025-12-01 20:42:24,SoC.i1_g1_cv1_h1_e1_c4_el1.txt,HetSched,single_harris,"[[0,0,0,1,0]]",[],8824.01,1.0,1,8824.01,131072,638976,672636,1,0,18.47,8824.01,1,16000,0,2,10,0,0.002093
357,2025-12-01 20:42:25,SoC.i1_g1_cv1_h1_e1_c4_el1.txt,HetSched,single_lstm,"[[0,0,0,0,1]]",[],2655.0,1.0,1,2655.0,5177344,0,11075584,1,0,1.57,2655.0,1,16000,0,79,0,0,0.000592
358,2025-12-01 20:42:26,SoC.i1_g1_cv1_h1_e1_c4_el1.txt,HetSched,mixed_balanced,"[[1,1,1,1,1]]",[],15319.9876,3.0,5,76599.94,12648448,1294336,20859928,3,2,279.69,33362.0,5,16000,0,193,20,0,0.008383
359,2025-12-01 20:42:27,SoC.i1_g1_cv1_h1_e1_c4_el1.txt,HetSched,mixed_vision_heavy,"[[2,2,0,2,0]]",[],56802.146,3.5,6,340812.88,655360,3211264,4921392,0,6,1235.2,72120.93,6,16000,0,10,50,0,0.017127
360,2025-12-01 20:42:28,SoC.i1_g1_cv1_h1_e1_c4_el1.txt,HetSched,mixed_ml_heavy,"[[0,0,2,0,2]]",[],5485.25,2.5,4,21941.0,24903680,0,35913728,3,1,18.93,9134.0,4,16000,0,380,0,0,0.002072
361,2025-12-01 20:42:29,SoC.i1_g1_cv1_h1_e1_c1_el4.txt,RELIEF,single_canny,"[[1,0,0,0,0]]",[],3545.928,1.0,1,3545.93,131072,573440,213680,1,0,3.35,3545.93,1,16000,10,2,9,0,0.000944
362,2025-12-01 20:42:30,SoC.i1_g1_cv1_h1_e1_c1_el4.txt,RELIEF,single_deblur,"[[0,1,0,0,0]]",[],15756.0,1.0,1,15756.0,0,1687552,345580,1,0,66.16,15756.0,1,16000,22,0,26,0,0.004199
363,2025-12-01 20:42:30,SoC.i1_g1_cv1_h1_e1_c1_el4.txt,RELIEF,single_gru,"[[0,0,1,0,0]]",[],2837.0,1.0,1,2837.0,6750208,1441792,5963776,1,0,1.7,2837.0,1,16000,111,103,22,0,0.0006
364,2025-12-01 20:42:31,SoC.i1_g1_cv1_h1_e1_c1_el4.txt,RELIEF,single_harris,"[[0,0,0,1,0]]",[],9254.01,1.0,1,9254.01,262144,704512,476028,1,0,20.04,9254.01,1,16000,12,4,11,0,0.002165
365,2025-12-01 20:42:31,SoC.i1_g1_cv1_h1_e1_c1_el4.txt,RELIEF,single_lstm,"[[0,0,0,0,1]]",[],1474.0,1.0,1,1474.0,7340032,3407872,5505024,1,0,0.58,1474.0,1,16000,118,112,52,0,0.000394
366,2025-12-01 20:42:33,SoC.i1_g1_cv1_h1_e1_c1_el4.txt,RELIEF,mixed_balanced,"[[1,1,1,1,1]]",[],16176.7876,3.0,5,80883.94,11927552,5980160,16895000,1,4,234.38,29981.0,5,16000,254,182,92,0,0.007818
367,2025-12-01 20:42:34,SoC.i1_g1_cv1_h1_e1_c1_el4.txt,RELIEF,mixed_vision_heavy,"[[2,2,0,2,0]]",[],35120.312667,3.5,6,210721.88,720896,3145728,4921392,2,4,1230.62,71966.0,6,16000,62,11,49,0,0.0171
368,2025-12-01 20:42:35,SoC.i1_g1_cv1_h1_e1_c1_el4.txt,RELIEF,mixed_ml_heavy,"[[0,0,2,0,2]]",[],17001.0,2.5,4,68004.0,25296896,3211264,32309248,0,4,61.82,17661.0,4,16000,399,386,49,0,0.0035
369,2025-12-01 20:42:36,SoC.i1_g1_cv1_h1_e1_c1_el4.txt,LL,single_canny,"[[1,0,0,0,0]]",[],3526.928,1.0,1,3526.93,196608,573440,148144,1,0,3.32,3526.93,1,16000,0,3,9,0,0.000941
370,2025-12-01 20:42:36,SoC.i1_g1_cv1_h1_e1_c1_el4.txt,LL,single_deblur,"[[0,1,0,0,0]]",[],15756.0,1.0,1,15756.0,0,1687552,345580,1,0,66.16,15756.0,1,16000,0,0,26,0,0.004199
371,2025-12-01 20:42:37,SoC.i1_g1_cv1_h1_e1_c1_el4.txt,LL,single_gru,"[[0,0,1,0,0]]",[],2837.0,1.0,1,2837.0,6750208,1441792,5963776,1,0,1.7,2837.0,1,16000,0,103,22,0,0.0006
372,2025-12-01 20:42:37,SoC.i1_g1_cv1_h1_e1_c1_el4.txt,LL,single_harris,"[[0,0,0,1,0]]",[],6324.01,1.0,1,6324.01,196608,638976,607100,1,0,10.59,6324.01,1,16000,0,3,10,0,0.001675
373,2025-12-01 20:42:38,SoC.i1_g1_cv1_h1_e1_c1_el4.txt,LL,single_lstm,"[[0,0,0,0,1]]",[],1474.0,1.0,1,1474.0,7340032,3407872,5505024,1,0,0.58,1474.0,1,16000,0,112,52,0,0.000394
374,2025-12-01 20:42:39,SoC.i1_g1_cv1_h1_e1_c1_el4.txt,LL,mixed_balanced,"[[1,1,1,1,1]]",[],13252.1876,3.0,5,66260.94,12517376,5783552,16501784,4,1,220.99,28925.0,5,16000,0,191,89,0,0.00764
375,2025-12-01 20:42:41,SoC.i1_g1_cv1_h1_e1_c1_el4.txt,LL,mixed_vision_heavy,"[[2,2,0,2,0]]",[],31803.146,3.5,6,190818.88,851968,3145728,4790320,3,3,1081.3,66680.0,6,16000,0,13,49,0,0.016216
376,2025-12-01 20:42:42,SoC.i1_g1_cv1_h1_e1_c1_el4.txt,LL,mixed_ml_heavy,"[[0,0,2,0,2]]",[],30032.25,2.5,4,120129.0,20512768,3080192,37224448,0,4,191.66,32251.0,4,16000,0,313,47,0,0.005943
377,2025-12-01 20:42:43,SoC.i1_g1_cv1_h1_e1_c1_el4.txt,GEDF_D,single_canny,"[[1,0,0,0,0]]",[],3545.928,1.0,1,3545.93,131072,573440,213680,1,0,3.35,3545.93,1,16000,0,2,9,0,0.000944
378,2025-12-01 20:42:43,SoC.i1_g1_cv1_h1_e1_c1_el4.txt,GEDF_D,single_deblur,"[[0,1,0,0,0]]",[],15756.0,1.0,1,15756.0,0,1687552,345580,1,0,66.16,15756.0,1,16000,0,0,26,0,0.004199
379,2025-12-01 20:42:44,SoC.i1_g1_cv1_h1_e1_c1_el4.txt,GEDF_D,single_gru,"[[0,0,1,0,0]]",[],2837.0,1.0,1,2837.0,6750208,1441792,5963776,1,0,1.7,2837.0,1,16000,0,103,22,0,0.0006
380,2025-12-01 20:42:44,SoC.i1_g1_cv1_h1_e1_c1_el4.txt,GEDF_D,single_harris,"[[0,0,0,1,0]]",[],6702.01,1.0,1,6702.01,196608,638976,607100,1,0,11.65,6702.01,1,16000,0,3,10,0,0.001738
381,2025-12-01 20:42:45,SoC.i1_g1_cv1_h1_e1_c1_el4.txt,GEDF_D,single_lstm,"[[0,0,0,0,1]]",[],1474.0,1.0,1,1474.0,7340032,3407872,5505024,1,0,0.58,1474.0,1,16000,0,112,52,0,0.000394
382,2025-12-01 20:42:46,SoC.i1_g1_cv1_h1_e1_c1_el4.txt,GEDF_D,mixed_balanced,"[[1,1,1,1,1]]",[],13762.7876,3.0,5,68813.94,12386304,5783552,16632856,3,2,212.81,28263.0,5,16000,0,189,89,0,0.00753
383,2025-12-01 20:42:48,SoC.i1_g1_cv1_h1_e1_c1_el4.txt,GEDF_D,mixed_vision_heavy,"[[2,2,0,2,0]]",[],42264.312667,3.5,6,253585.88,720896,3014656,5052464,0,6,1310.22,74655.0,6,16000,0,11,47,0,0.01755
384,2025-12-01 20:42:50,SoC.i1_g1_cv1_h1_e1_c1_el4.txt,GEDF_D,mixed_ml_heavy,"[[0,0,2,0,2]]",[],71216.25,2.5,4,284865.0,9764864,3014656,48037888,0,4,903.81,71873.0,4,16000,0,149,46,0,0.012575
385,2025-12-01 20:42:50,SoC.i1_g1_cv1_h1_e1_c1_el4.txt,GEDF_N,single_canny,"[[1,0,0,0,0]]",[],3545.928,1.0,1,3545.93,131072,573440,213680,1,0,3.35,3545.93,1,16000,0,2,9,0,0.000944
386,2025-12-01 20:42:51,SoC.i1_g1_cv1_h1_e1_c1_el4.txt,GEDF_N,single_deblur,"[[0,1,0,0,0]]",[],15756.0,1.0,1,15756.0,0,1687552,345580,1,0,66.16,15756.0,1,16000,0,0,26,0,0.004199
387,2025-12-01 20:42:52,SoC.i1_g1_cv1_h1_e1_c1_el4.txt,GEDF_N,single_gru,"[[0,0,1,0,0]]",[],2837.0,1.0,1,2837.0,6750208,1441792,5963776,1,0,1.7,2837.0,1,16000,0,103,22,0,0.0006
388,2025-12-01 20:42:52,SoC.i1_g1_cv1_h1_e1_c1_el4.txt,GEDF_N,single_harris,"[[0,0,0,1,0]]",[],6702.01,1.0,1,6702.01,196608,638976,607100,1,0,11.65,6702.01,1,16000,0,3,10,0,0.001738
389,2025-12-01 20:42:53,SoC.i1_g1_cv1_h1_e1_c1_el4.txt,GEDF_N,single_lstm,"[[0,0,0,0,1]]",[],1474.0,1.0,1,1474.0,7340032,3407872,5505024,1,0,0.58,1474.0,1,16000,0,112,52,0,0.000394
390,2025-12-01 20:42:54,SoC.i1_g1_cv1_h1_e1_c1_el4.txt,GEDF_N,mixed_balanced,"[[1,1,1,1,1]]",[],24235.5876,3.0,5,121177.94,12713984,5128192,16960536,0,5,349.26,38079.0,5,16000,0,194,79,0,0.009172
391,2025-12-01 20:42:55,SoC.i1_g1_cv1_h1_e1_c1_el4.txt,GEDF_N,mixed_vision_heavy,"[[2,2,0,2,0]]",[],64145.146,3.5,6,384870.88,655360,3014656,5118000,0,6,1300.96,74347.0,6,16000,0,10,47,0,0.017498
392,2025-12-01 20:42:57,SoC.i1_g1_cv1_h1_e1_c1_el4.txt,GEDF_N,mixed_ml_heavy,"[[0,0,2,0,2]]",[],45183.75,2.5,4,180735.0,14221312,2752512,43843584,0,4,402.23,47421.0,4,16000,0,217,42,0,0.008482
393,2025-12-01 20:42:58,SoC.i1_g1_cv1_h1_e1_c1_el4.txt,HetSched,single_canny,"[[1,0,0,0,0]]",[],3545.928,1.0,1,3545.93,131072,573440,213680,1,0,3.35,3545.93,1,16000,0,2,9,0,0.000944
394,2025-12-01 20:42:58,SoC.i1_g1_cv1_h1_e1_c1_el4.txt,HetSched,single_deblur,"[[0,1,0,0,0]]",[],15756.0,1.0,1,15756.0,0,1687552,345580,1,0,66.16,15756.0,1,16000,0,0,26,0,0.004199
395,2025-12-01 20:42:59,SoC.i1_g1_cv1_h1_e1_c1_el4.txt,HetSched,single_gru,"[[0,0,1,0,0]]",[],2837.0,1.0,1,2837.0,6750208,1441792,5963776,1,0,1.7,2837.0,1,16000,0,103,22,0,0.0006
396,2025-12-01 20:43:00,SoC.i1_g1_cv1_h1_e1_c1_el4.txt,HetSched,single_harris,"[[0,0,0,1,0]]",[],6702.01,1.0,1,6702.01,196608,638976,607100,1,0,11.65,6702.01,1,16000,0,3,10,0,0.001738
397,2025-12-01 20:43:00,SoC.i1_g1_cv1_h1_e1_c1_el4.txt,HetSched,single_lstm,"[[0,0,0,0,1]]",[],1474.0,1.0,1,1474.0,7340032,3407872,5505024,1,0,0.58,1474.0,1,16000,0,112,52,0,0.000394
398,2025-12-01 20:43:01,SoC.i1_g1_cv1_h1_e1_c1_el4.txt,HetSched,mixed_balanced,"[[1,1,1,1,1]]",[],20497.1876,3.0,5,102485.94,12845056,5324800,16632856,0,5,318.68,36068.0,5,16000,0,196,82,0,0.008835
399,2025-12-01 20:43:03,SoC.i1_g1_cv1_h1_e1_c1_el4.txt,HetSched,mixed_vision_heavy,"[[2,2,0,2,0]]",[],54619.146,3.5,6,327714.88,655360,3473408,4659248,0,6,1109.77,67715.93,6,16000,0,10,54,0,0.016389
400,2025-12-01 20:43:04,SoC.i1_g1_cv1_h1_e1_c1_el4.txt,HetSched,mixed_ml_heavy,"[[0,0,2,0,2]]",[],23606.5,2.5,4,94426.0,22806528,4849664,33161216,0,4,138.21,27158.0,4,16000,0,348,74,0,0.005089
