application,policy,app_mix_str,num_edges,num_nodes,deadline,sim_ticks,sim_seconds,final_tick,host_seconds,sim_insts,system.cpu.cpi,system.cpu.ipc,mem_ctrls.bw_total::total,dag_deadlines_met,node_deadlines_met,percent_dag_deadlines_met,percent_node_deadlines_met,num_forwards,num_colocations,forwards_only,percent_forwards,percent_colocations,total_dags,app_mix_list,application_mix,app_mix_label,num_apps,total_edges,total_nodes,avg_deadline_difference,max_deadline_difference,min_deadline_difference,median_deadline_difference,avg_slowdown,max_slowdown,min_slowdown,median_slowdown,slowdown_p25,slowdown_p75
canny,FCFS,canny_1_deblur_0_gru_0_harris_0_lstm_0_,14.0,12.0,16667.0,3707756875.0,0.003708,3862416250.0,2606.89,92962.0,5.059173,0.197661,150875049.0,1,12,100.0,100.0,11,4,7,78.57142857142857,28.57142857142857,12,"[1, 0, 0, 0, 0]",,,1,,,,,,,,,,,,
canny,GEDF_D,canny_1_deblur_0_gru_0_harris_0_lstm_0_,14.0,12.0,16667.0,3707871875.0,0.003708,3862621250.0,2563.26,93047.0,5.069998,0.197239,150870370.0,1,12,100.0,100.0,11,4,7,78.57142857142857,28.57142857142857,12,"[1, 0, 0, 0, 0]",,,1,,,,,,,,,,,,
canny,GEDF_N,canny_1_deblur_0_gru_0_harris_0_lstm_0_,14.0,12.0,16667.0,3723981250.0,0.003724,3878730625.0,2510.95,93818.0,5.071995,0.197161,167816097.0,1,12,100.0,100.0,11,3,8,78.57142857142857,21.428571428571427,12,"[1, 0, 0, 0, 0]",,,1,,,,,,,,,,,,
canny,LAX,canny_1_deblur_0_gru_0_harris_0_lstm_0_,14.0,12.0,16667.0,3739296875.0,0.003739,3894761250.0,2125.46,116996.0,2.966126,0.33714,167111631.0,1,12,100.0,100.0,11,3,8,78.57142857142857,21.428571428571427,12,"[1, 0, 0, 0, 0]",,,1,,,,,,,,,,,,
canny,HetSched,canny_1_deblur_0_gru_0_harris_0_lstm_0_,14.0,12.0,16667.0,3712418750.0,0.003712,3867786250.0,1399.14,97806.0,4.385991,0.227999,150668348.0,1,12,100.0,100.0,11,4,7,78.57142857142857,28.57142857142857,12,"[1, 0, 0, 0, 0]",,,1,,,,,,,,,,,,
canny,ELF,canny_1_deblur_0_gru_0_harris_0_lstm_0_,14.0,12.0,16667.0,3719890000.0,0.00372,3875359375.0,2067.21,113469.0,3.133159,0.319167,132868445.0,1,12,100.0,100.0,12,4,8,85.71428571428571,28.57142857142857,12,"[1, 0, 0, 0, 0]",,,1,,,,,,,,,,,,
deblur,FCFS,canny_0_deblur_1_gru_0_harris_0_lstm_0_,30.0,22.0,16667.0,16052163125.0,0.016052,16239995625.0,5804.64,130143.0,4.621659,0.216373,46132350.0,1,22,100.0,100.0,26,0,26,86.66666666666667,0.0,22,"[0, 1, 0, 0, 0]",,,1,,,,,,,,,,,,
deblur,GEDF_D,canny_0_deblur_1_gru_0_harris_0_lstm_0_,30.0,22.0,16667.0,16052075000.0,0.016052,16239997500.0,5807.84,130210.0,4.616893,0.216596,46132603.0,1,22,100.0,100.0,26,0,26,86.66666666666667,0.0,22,"[0, 1, 0, 0, 0]",,,1,,,,,,,,,,,,
deblur,GEDF_N,canny_0_deblur_1_gru_0_harris_0_lstm_0_,30.0,22.0,16667.0,16052096250.0,0.016052,16240018750.0,5786.56,130210.0,4.618617,0.216515,46132542.0,1,22,100.0,100.0,26,0,26,86.66666666666667,0.0,22,"[0, 1, 0, 0, 0]",,,1,,,,,,,,,,,,
deblur,LAX,canny_0_deblur_1_gru_0_harris_0_lstm_0_,30.0,22.0,16667.0,16079964375.0,0.01608,16268523750.0,5009.23,179079.0,2.637878,0.379093,46056570.0,1,22,100.0,100.0,26,0,26,86.66666666666667,0.0,22,"[0, 1, 0, 0, 0]",,,1,,,,,,,,,,,,
deblur,HetSched,canny_0_deblur_1_gru_0_harris_0_lstm_0_,30.0,22.0,16667.0,16057808750.0,0.016058,16246598125.0,3652.97,138863.0,4.006904,0.249569,46108159.0,1,22,100.0,100.0,26,0,26,86.66666666666667,0.0,22,"[0, 1, 0, 0, 0]",,,1,,,,,,,,,,,,
deblur,ELF,canny_0_deblur_1_gru_0_harris_0_lstm_0_,30.0,22.0,16667.0,16080584375.0,0.016081,16269488750.0,4898.54,175491.0,2.739548,0.365024,46054794.0,1,22,100.0,100.0,26,0,26,86.66666666666667,0.0,22,"[0, 1, 0, 0, 0]",,,1,,,,,,,,,,,,
gru,FCFS,canny_0_deblur_0_gru_1_harris_0_lstm_0_,149.0,120.0,8000.0,3966620625.0,0.003967,9056780000.0,20333.95,6713902.0,4.285808,0.233328,3721761518.0,1,120,100.0,100.0,63,63,0,42.28187919463088,42.28187919463088,120,"[0, 0, 1, 0, 0]",,,1,,,,,,,,,,,,
gru,GEDF_D,canny_0_deblur_0_gru_1_harris_0_lstm_0_,149.0,120.0,8000.0,3968043125.0,0.003968,9058202500.0,20347.58,6715607.0,4.266021,0.23441,3720427308.0,1,120,100.0,100.0,63,63,0,42.28187919463088,42.28187919463088,120,"[0, 0, 1, 0, 0]",,,1,,,,,,,,,,,,
gru,GEDF_N,canny_0_deblur_0_gru_1_harris_0_lstm_0_,149.0,120.0,8000.0,4128966875.0,0.004129,9219126250.0,19949.48,6722839.0,4.268332,0.234284,3829382138.0,1,120,100.0,100.0,55,55,0,36.91275167785235,36.91275167785235,120,"[0, 0, 1, 0, 0]",,,1,,,,,,,,,,,,
gru,LAX,canny_0_deblur_0_gru_1_harris_0_lstm_0_,149.0,120.0,8000.0,4037728750.0,0.004038,9128298125.0,18301.13,6953849.0,2.456659,0.407057,3575110884.0,1,120,100.0,100.0,69,69,0,46.30872483221477,46.30872483221477,120,"[0, 0, 1, 0, 0]",,,1,,,,,,,,,,,,
gru,HetSched,canny_0_deblur_0_gru_1_harris_0_lstm_0_,149.0,120.0,8000.0,3250795000.0,0.003251,8603834375.0,15859.72,6741352.0,3.376247,0.296187,3089203718.0,1,120,100.0,100.0,103,103,0,69.12751677852349,69.12751677852349,120,"[0, 0, 1, 0, 0]",,,1,,,,,,,,,,,,
gru,ELF,canny_0_deblur_0_gru_1_harris_0_lstm_0_,149.0,120.0,8000.0,3334898750.0,0.003335,8425685000.0,18508.47,6865798.0,2.565072,0.389853,3011814377.0,1,120,100.0,100.0,103,103,0,69.12751677852349,69.12751677852349,120,"[0, 0, 1, 0, 0]",,,1,,,,,,,,,,,,
harris,FCFS,canny_0_deblur_0_gru_0_harris_1_lstm_0_,22.0,18.0,16667.0,6436330625.0,0.006436,6668798125.0,3656.59,144259.0,4.844103,0.206437,188787691.0,1,18,100.0,100.0,16,2,14,72.72727272727273,9.090909090909092,18,"[0, 0, 0, 1, 0]",,,1,,,,,,,,,,,,
harris,GEDF_D,canny_0_deblur_0_gru_0_harris_1_lstm_0_,22.0,18.0,16667.0,6436949375.0,0.006437,6669506875.0,3708.06,144458.0,4.832353,0.206939,188769544.0,1,18,100.0,100.0,16,2,14,72.72727272727273,9.090909090909092,18,"[0, 0, 0, 1, 0]",,,1,,,,,,,,,,,,
harris,GEDF_N,canny_0_deblur_0_gru_0_harris_1_lstm_0_,22.0,18.0,16667.0,6310424375.0,0.00631,6542981875.0,3854.0,143791.0,4.805425,0.208098,171783692.0,1,18,100.0,100.0,17,3,14,77.27272727272727,13.636363636363637,18,"[0, 0, 0, 1, 0]",,,1,,,,,,,,,,,,
harris,LAX,canny_0_deblur_0_gru_0_harris_1_lstm_0_,22.0,18.0,16667.0,6325746250.0,0.006326,6559013750.0,3271.11,182437.0,2.7579,0.362595,171357490.0,1,18,100.0,100.0,17,3,14,77.27272727272727,13.636363636363637,18,"[0, 0, 0, 1, 0]",,,1,,,,,,,,,,,,
harris,HetSched,canny_0_deblur_0_gru_0_harris_1_lstm_0_,22.0,18.0,16667.0,6313709375.0,0.006314,6546844375.0,2208.66,150517.0,4.123611,0.242506,150904000.0,1,18,100.0,100.0,18,4,14,81.81818181818183,18.181818181818183,18,"[0, 0, 0, 1, 0]",,,1,,,,,,,,,,,,
harris,ELF,canny_0_deblur_0_gru_0_harris_1_lstm_0_,22.0,18.0,16667.0,6329407500.0,0.006329,6562681875.0,3214.3,178809.0,2.861506,0.349466,150610622.0,1,18,100.0,100.0,18,4,14,81.81818181818183,18.181818181818183,18,"[0, 0, 0, 1, 0]",,,1,,,,,,,,,,,,
lstm,FCFS,canny_0_deblur_0_gru_0_harris_0_lstm_1_,174.0,144.0,8000.0,5303852500.0,0.005304,11076991875.0,23525.69,6990494.0,4.445285,0.224957,4072994111.0,1,144,100.0,100.0,39,39,0,22.41379310344828,22.41379310344828,144,"[0, 0, 0, 0, 1]",,,1,,,,,,,,,,,,
lstm,GEDF_D,canny_0_deblur_0_gru_0_harris_0_lstm_1_,174.0,144.0,8000.0,5308426875.0,0.005308,11081759375.0,23122.4,6993423.0,4.42041,0.226223,4069484333.0,1,144,100.0,100.0,39,39,0,22.41379310344828,22.41379310344828,144,"[0, 0, 0, 0, 1]",,,1,,,,,,,,,,,,
lstm,GEDF_N,canny_0_deblur_0_gru_0_harris_0_lstm_1_,174.0,144.0,8000.0,5580106875.0,0.00558,11353439375.0,23430.76,7003344.0,4.43527,0.225465,4164966822.0,1,144,100.0,100.0,23,23,0,13.218390804597702,13.218390804597702,144,"[0, 0, 0, 0, 1]",,,1,,,,,,,,,,,,
lstm,LAX,canny_0_deblur_0_gru_0_harris_0_lstm_1_,174.0,144.0,8000.0,5623028125.0,0.005623,11396832500.0,21741.76,7351115.0,2.436433,0.410436,3946741774.0,1,144,100.0,100.0,31,31,0,17.81609195402299,17.81609195402299,144,"[0, 0, 0, 0, 1]",,,1,,,,,,,,,,,,
lstm,HetSched,canny_0_deblur_0_gru_0_harris_0_lstm_1_,174.0,144.0,8000.0,4547313750.0,0.004547,10354893750.0,18855.73,7026741.0,3.617937,0.276401,3597953627.0,1,144,100.0,100.0,79,79,0,45.40229885057471,45.40229885057471,144,"[0, 0, 0, 0, 1]",,,1,,,,,,,,,,,,
lstm,ELF,canny_0_deblur_0_gru_0_harris_0_lstm_1_,174.0,144.0,8000.0,3835732500.0,0.003836,9609622500.0,21789.83,7142419.0,2.584627,0.386903,2898220874.0,1,144,100.0,100.0,119,119,0,68.39080459770115,68.39080459770115,144,"[0, 0, 0, 0, 1]",,,1,,,,,,,,,,,,
,FCFS,canny_1_deblur_1_gru_0_harris_0_lstm_0_,,,,18897670625.0,0.018898,19233820000.0,10419.31,221400.0,4.625782,0.21618,79249344.0,1,14,50.0,41.1764705882353,35,4,31,79.54545454545455,9.090909090909092,34,"[1, 1, 0, 0, 0]",canny-deblur,CD,2,44.0,34.0,,,,,,,,,,
,GEDF_D,canny_1_deblur_1_gru_0_harris_0_lstm_0_,,,,18898230625.0,0.018898,19234735000.0,10242.5,221620.0,4.617085,0.216587,79246996.0,1,14,50.0,41.1764705882353,35,4,31,79.54545454545455,9.090909090909092,34,"[1, 1, 0, 0, 0]",canny-deblur,CD,2,44.0,34.0,,,,,,,,,,
,GEDF_N,canny_1_deblur_1_gru_0_harris_0_lstm_0_,,,,18842350000.0,0.018842,19178860000.0,10367.4,223257.0,4.662697,0.214468,89909592.0,1,16,50.0,47.05882352941177,35,2,33,79.54545454545455,4.545454545454546,34,"[1, 1, 0, 0, 0]",canny-deblur,CD,2,44.0,34.0,,,,,,,,,,
,LAX,canny_1_deblur_1_gru_0_harris_0_lstm_0_,,,,18897487500.0,0.018897,19234650000.0,7094.32,295593.0,2.634816,0.379533,86186060.0,1,16,50.0,47.05882352941177,35,3,32,79.54545454545455,6.8181818181818175,34,"[1, 1, 0, 0, 0]",canny-deblur,CD,2,44.0,34.0,,,,,,,,,,
,HetSched,canny_1_deblur_1_gru_0_harris_0_lstm_0_,,,,18852482500.0,0.018852,19189611875.0,6185.48,235933.0,4.011705,0.249271,86344279.0,1,16,50.0,47.05882352941177,25,0,25,56.81818181818182,0.0,34,"[1, 1, 0, 0, 0]",canny-deblur,CD,2,44.0,34.0,,,,,,,,,,
,ELF,canny_1_deblur_1_gru_0_harris_0_lstm_0_,,,,18917560625.0,0.018918,19254600000.0,7187.03,289909.0,2.737729,0.365266,75722025.0,1,16,50.0,47.05882352941177,37,3,34,84.0909090909091,6.8181818181818175,34,"[1, 1, 0, 0, 0]",canny-deblur,CD,2,44.0,34.0,,,,,,,,,,
,FCFS,canny_1_deblur_0_gru_1_harris_0_lstm_0_,,,,4255258750.0,0.004255,9493356250.0,24615.09,6808997.0,4.394058,0.22758,3802673574.0,2,132,100.0,100.0,67,61,6,41.104294478527606,37.42331288343559,132,"[1, 0, 1, 0, 0]",canny-gru,CG,2,163.0,132.0,,,,,,,,,,
,GEDF_D,canny_1_deblur_0_gru_1_harris_0_lstm_0_,,,,4840914375.0,0.004841,10079011875.0,24692.36,6809830.0,4.297269,0.232706,3180169449.0,2,132,100.0,100.0,73,67,6,44.785276073619634,41.104294478527606,132,"[1, 0, 1, 0, 0]",canny-gru,CG,2,163.0,132.0,,,,,,,,,,
,GEDF_N,canny_1_deblur_0_gru_1_harris_0_lstm_0_,,,,5009203750.0,0.005009,10247301250.0,24617.68,6817431.0,4.30512,0.232282,3295715811.0,2,132,100.0,100.0,65,58,7,39.87730061349693,35.58282208588957,132,"[1, 0, 1, 0, 0]",canny-gru,CG,2,163.0,132.0,,,,,,,,,,
,LAX,canny_1_deblur_0_gru_1_harris_0_lstm_0_,,,,4957541875.0,0.004958,10196811250.0,16291.93,7070822.0,2.492966,0.401129,3052658027.0,2,132,100.0,100.0,79,72,7,48.466257668711656,44.171779141104295,132,"[1, 0, 1, 0, 0]",canny-gru,CG,2,163.0,132.0,,,,,,,,,,
,HetSched,canny_1_deblur_0_gru_1_harris_0_lstm_0_,,,,4115759375.0,0.004116,9619444375.0,16275.21,6839255.0,3.497635,0.285908,2658157342.0,2,132,100.0,100.0,102,102,0,62.57668711656442,62.57668711656442,132,"[1, 0, 1, 0, 0]",canny-gru,CG,2,163.0,132.0,,,,,,,,,,
,ELF,canny_1_deblur_0_gru_1_harris_0_lstm_0_,,,,4121640000.0,0.004122,9360650000.0,21984.73,6978825.0,2.600022,0.384612,2574396599.0,2,132,100.0,100.0,114,107,7,69.93865030674846,65.6441717791411,132,"[1, 0, 1, 0, 0]",canny-gru,CG,2,163.0,132.0,,,,,,,,,,
,FCFS,canny_1_deblur_0_gru_0_harris_1_lstm_0_,,,,9353151875.0,0.009353,9731224375.0,8421.79,235929.0,4.639867,0.215523,217681914.0,2,30,100.0,100.0,23,4,19,63.888888888888886,11.11111111111111,30,"[1, 0, 0, 1, 0]",canny-harris,CH,2,36.0,30.0,,,,,,,,,,
,GEDF_D,canny_1_deblur_0_gru_0_harris_1_lstm_0_,,,,9350856875.0,0.009351,9729339375.0,8457.43,236309.0,4.630991,0.215937,217735340.0,2,30,100.0,100.0,23,4,19,63.888888888888886,11.11111111111111,30,"[1, 0, 0, 1, 0]",canny-harris,CH,2,36.0,30.0,,,,,,,,,,
,GEDF_N,canny_1_deblur_0_gru_0_harris_1_lstm_0_,,,,9215915625.0,0.009216,9594418125.0,8519.02,236214.0,4.642821,0.215386,220923464.0,2,30,100.0,100.0,23,4,19,63.888888888888886,11.11111111111111,30,"[1, 0, 0, 1, 0]",canny-harris,CH,2,36.0,30.0,,,,,,,,,,
,LAX,canny_1_deblur_0_gru_0_harris_1_lstm_0_,,,,9814996875.0,0.009815,10194461250.0,5681.96,300148.0,2.64205,0.378494,180704286.0,2,30,100.0,100.0,27,4,23,75.0,11.11111111111111,30,"[1, 0, 0, 1, 0]",canny-harris,CH,2,36.0,30.0,,,,,,,,,,
,HetSched,canny_1_deblur_0_gru_0_harris_1_lstm_0_,,,,9192222500.0,0.009192,9571722500.0,4923.44,246543.0,3.938507,0.253903,164387231.0,2,30,100.0,100.0,18,4,14,50.0,11.11111111111111,30,"[1, 0, 0, 1, 0]",canny-harris,CH,2,36.0,30.0,,,,,,,,,,
,ELF,canny_1_deblur_0_gru_0_harris_1_lstm_0_,,,,9788193125.0,0.009788,10167287500.0,5466.1,291652.0,2.744691,0.36434,154469776.0,2,30,100.0,100.0,29,7,22,80.55555555555556,19.444444444444446,30,"[1, 0, 0, 1, 0]",canny-harris,CH,2,36.0,30.0,,,,,,,,,,
,FCFS,canny_1_deblur_0_gru_0_harris_0_lstm_1_,,,,5536376875.0,0.005536,11460521250.0,26753.14,7083598.0,4.496274,0.222406,4087002115.0,2,156,100.0,100.0,46,40,6,24.46808510638298,21.27659574468085,156,"[1, 0, 0, 0, 1]",canny-lstm,CL,2,188.0,156.0,,,,,,,,,,
,GEDF_D,canny_1_deblur_0_gru_0_harris_0_lstm_1_,,,,6169295625.0,0.006169,12093440000.0,26704.46,7089200.0,4.39968,0.227289,3604003010.0,2,156,100.0,100.0,49,43,6,26.063829787234045,22.872340425531917,156,"[1, 0, 0, 0, 1]",canny-lstm,CL,2,188.0,156.0,,,,,,,,,,
,GEDF_N,canny_1_deblur_0_gru_0_harris_0_lstm_1_,,,,6472605625.0,0.006473,12396750000.0,27201.58,7099828.0,4.416361,0.226431,3698390631.0,2,156,100.0,100.0,33,26,7,17.5531914893617,13.829787234042554,156,"[1, 0, 0, 0, 1]",canny-lstm,CL,2,188.0,156.0,,,,,,,,,,
,LAX,canny_1_deblur_0_gru_0_harris_0_lstm_1_,,,,6533783750.0,0.006534,12459108125.0,17988.86,7469255.0,2.448032,0.408491,3483352506.0,2,156,100.0,100.0,42,35,7,22.34042553191489,18.617021276595743,156,"[1, 0, 0, 0, 1]",canny-lstm,CL,2,188.0,156.0,,,,,,,,,,
,HetSched,canny_1_deblur_0_gru_0_harris_0_lstm_1_,,,,4713485625.0,0.004713,10673785625.0,18196.26,7123441.0,3.672642,0.272284,3605257203.0,2,156,100.0,100.0,79,79,0,42.02127659574468,42.02127659574468,156,"[1, 0, 0, 0, 1]",canny-lstm,CL,2,188.0,156.0,,,,,,,,,,
,ELF,canny_1_deblur_0_gru_0_harris_0_lstm_1_,,,,4652442500.0,0.004652,10577585000.0,25441.66,7256800.0,2.605442,0.383812,2511028562.0,2,156,100.0,100.0,130,123,7,69.14893617021278,65.42553191489363,156,"[1, 0, 0, 0, 1]",canny-lstm,CL,2,188.0,156.0,,,,,,,,,,
,FCFS,canny_0_deblur_1_gru_1_harris_0_lstm_0_,,,,16226017500.0,0.016226,21498845000.0,26673.7,6843386.0,4.379752,0.228323,972288117.0,2,142,100.0,100.0,88,62,26,49.162011173184354,34.63687150837989,142,"[0, 1, 1, 0, 0]",deblur-gru,DG,2,179.0,142.0,,,,,,,,,,
,GEDF_D,canny_0_deblur_1_gru_1_harris_0_lstm_0_,,,,18414322500.0,0.018414,23687305000.0,26586.97,6846466.0,4.316639,0.231662,846088147.0,1,123,50.0,86.61971830985915,89,63,26,49.72067039106145,35.19553072625698,142,"[0, 1, 1, 0, 0]",deblur-gru,DG,2,179.0,142.0,,,,,,,,,,
,GEDF_N,canny_0_deblur_1_gru_1_harris_0_lstm_0_,,,,16132368750.0,0.016132,21405351250.0,26896.84,6853127.0,4.364388,0.229127,1051063254.0,2,142,100.0,100.0,79,53,26,44.1340782122905,29.60893854748604,142,"[0, 1, 1, 0, 0]",deblur-gru,DG,2,179.0,142.0,,,,,,,,,,
,LAX,canny_0_deblur_1_gru_1_harris_0_lstm_0_,,,,16151975625.0,0.016152,21425988125.0,18353.11,7136297.0,2.483563,0.402647,956501443.0,2,142,100.0,100.0,94,68,26,52.513966480446925,37.98882681564245,142,"[0, 1, 1, 0, 0]",deblur-gru,DG,2,179.0,142.0,,,,,,,,,,
,HetSched,canny_0_deblur_1_gru_1_harris_0_lstm_0_,,,,16131093125.0,0.016131,21669907500.0,18217.19,6880118.0,3.525669,0.283634,689481606.0,2,142,100.0,100.0,101,101,0,56.4245810055866,56.4245810055866,142,"[0, 1, 1, 0, 0]",deblur-gru,DG,2,179.0,142.0,,,,,,,,,,
,ELF,canny_0_deblur_1_gru_1_harris_0_lstm_0_,,,,16366498750.0,0.016366,21640576250.0,24934.06,7041995.0,2.597766,0.384946,663660821.0,2,142,100.0,100.0,129,103,26,72.06703910614524,57.54189944134078,142,"[0, 1, 1, 0, 0]",deblur-gru,DG,2,179.0,142.0,,,,,,,,,,
,FCFS,canny_0_deblur_1_gru_0_harris_1_lstm_0_,,,,22050535000.0,0.022051,22462592500.0,11625.61,272794.0,4.540964,0.220218,103528372.0,1,22,50.0,55.0,38,2,36,73.07692307692307,3.8461538461538463,40,"[0, 1, 0, 1, 0]",deblur-harris,DH,2,52.0,40.0,,,,,,,,,,
,GEDF_D,canny_0_deblur_1_gru_0_harris_1_lstm_0_,,,,22045798125.0,0.022046,22458197500.0,11744.64,273176.0,4.534556,0.220529,103550617.0,1,22,50.0,55.0,38,2,36,73.07692307692307,3.8461538461538463,40,"[0, 1, 0, 1, 0]",deblur-harris,DH,2,52.0,40.0,,,,,,,,,,
,GEDF_N,canny_0_deblur_1_gru_0_harris_1_lstm_0_,,,,21936016250.0,0.021936,22348495625.0,11558.17,272945.0,4.5511,0.219727,104068851.0,1,22,50.0,55.0,39,3,36,75.0,5.769230769230769,40,"[0, 1, 0, 1, 0]",deblur-harris,DH,2,52.0,40.0,,,,,,,,,,
,LAX,canny_0_deblur_1_gru_0_harris_1_lstm_0_,,,,22075296875.0,0.022075,22488681250.0,8004.4,360374.0,2.579449,0.38768,91543050.0,1,22,50.0,55.0,41,3,38,78.84615384615384,5.769230769230769,40,"[0, 1, 0, 1, 0]",deblur-harris,DH,2,52.0,40.0,,,,,,,,,,
,HetSched,canny_0_deblur_1_gru_0_harris_1_lstm_0_,,,,21942563750.0,0.021943,22355996250.0,6962.05,288248.0,3.921441,0.255008,98064384.0,1,22,50.0,55.0,14,4,10,26.923076923076923,7.6923076923076925,40,"[0, 1, 0, 1, 0]",deblur-harris,DH,2,52.0,40.0,,,,,,,,,,
,ELF,canny_0_deblur_1_gru_0_harris_1_lstm_0_,,,,21968975625.0,0.021969,22382335000.0,7947.08,356619.0,2.656014,0.376504,97961054.0,1,22,50.0,55.0,40,4,36,76.92307692307693,7.6923076923076925,40,"[0, 1, 0, 1, 0]",deblur-harris,DH,2,52.0,40.0,,,,,,,,,,
,FCFS,canny_0_deblur_1_gru_0_harris_0_lstm_1_,,,,16404520000.0,0.016405,22362480000.0,28727.76,7120287.0,4.498676,0.222288,1382489948.0,2,166,100.0,100.0,64,38,26,31.37254901960784,18.62745098039216,166,"[0, 1, 0, 0, 1]",deblur-lstm,DL,2,204.0,166.0,,,,,,,,,,
,GEDF_D,canny_0_deblur_1_gru_0_harris_0_lstm_1_,,,,19747267500.0,0.019747,25705192500.0,28526.12,7124603.0,4.428501,0.22581,1135208200.0,1,147,50.0,88.55421686746988,65,39,26,31.862745098039213,19.11764705882353,166,"[0, 1, 0, 0, 1]",deblur-lstm,DL,2,204.0,166.0,,,,,,,,,,
,GEDF_N,canny_0_deblur_1_gru_0_harris_0_lstm_1_,,,,16146511250.0,0.016147,22104436250.0,28873.52,7132730.0,4.480958,0.223167,1497934236.0,2,166,100.0,100.0,49,23,26,24.01960784313725,11.27450980392157,166,"[0, 1, 0, 0, 1]",deblur-lstm,DL,2,204.0,166.0,,,,,,,,,,
,LAX,canny_0_deblur_1_gru_0_harris_0_lstm_1_,,,,16198552500.0,0.016199,22157465000.0,20056.52,7532023.0,2.46175,0.406215,1428503689.0,2,166,100.0,100.0,57,31,26,27.94117647058824,15.196078431372548,166,"[0, 1, 0, 0, 1]",deblur-lstm,DL,2,204.0,166.0,,,,,,,,,,
,HetSched,canny_0_deblur_1_gru_0_harris_0_lstm_1_,,,,16137405625.0,0.016137,22132578125.0,20178.78,7165188.0,3.692588,0.270813,1076533639.0,2,166,100.0,100.0,78,78,0,38.23529411764706,38.23529411764706,166,"[0, 1, 0, 0, 1]",deblur-lstm,DL,2,204.0,166.0,,,,,,,,,,
,ELF,canny_0_deblur_1_gru_0_harris_0_lstm_1_,,,,16148958125.0,0.016149,22108318125.0,28507.1,7318148.0,2.599847,0.384638,742930157.0,2,166,100.0,100.0,145,119,26,71.07843137254902,58.333333333333336,166,"[0, 1, 0, 0, 1]",deblur-lstm,DL,2,204.0,166.0,,,,,,,,,,
,FCFS,canny_0_deblur_0_gru_1_harris_1_lstm_0_,,,,6428162500.0,0.006428,11743650000.0,25720.86,6857811.0,4.353421,0.229704,2548096754.0,2,138,100.0,100.0,74,64,10,43.27485380116959,37.42690058479532,138,"[0, 0, 1, 1, 0]",gru-harris,GH,2,171.0,138.0,,,,,,,,,,
,GEDF_D,canny_0_deblur_0_gru_1_harris_1_lstm_0_,,,,9038555625.0,0.009039,14354045000.0,25110.24,6864221.0,4.247908,0.23541,1768692772.0,2,138,100.0,100.0,78,65,13,45.614035087719294,38.01169590643275,138,"[0, 0, 1, 1, 0]",gru-harris,GH,2,171.0,138.0,,,,,,,,,,
,GEDF_N,canny_0_deblur_0_gru_1_harris_1_lstm_0_,,,,9094255625.0,0.009094,14409745000.0,25064.62,6870084.0,4.255726,0.234978,1851534935.0,2,138,100.0,100.0,72,58,14,42.10526315789473,33.91812865497076,138,"[0, 0, 1, 1, 0]",gru-harris,GH,2,171.0,138.0,,,,,,,,,,
,LAX,canny_0_deblur_0_gru_1_harris_1_lstm_0_,,,,9004628125.0,0.009005,14321292500.0,16589.86,7138425.0,2.472266,0.404487,1709961121.0,2,138,100.0,100.0,86,72,14,50.29239766081871,42.10526315789473,138,"[0, 0, 1, 1, 0]",gru-harris,GH,2,171.0,138.0,,,,,,,,,,
,HetSched,canny_0_deblur_0_gru_1_harris_1_lstm_0_,,,,8221388750.0,0.008221,13800378125.0,16540.12,6894654.0,3.429893,0.291554,1330616558.0,2,138,100.0,100.0,18,4,14,10.526315789473683,2.3391812865497075,138,"[0, 0, 1, 1, 0]",gru-harris,GH,2,171.0,138.0,,,,,,,,,,
,ELF,canny_0_deblur_0_gru_1_harris_1_lstm_0_,,,,8308156875.0,0.008308,13624656250.0,22172.59,7046501.0,2.579946,0.387605,1316874027.0,2,138,100.0,100.0,121,107,14,70.76023391812866,62.57309941520468,138,"[0, 0, 1, 1, 0]",gru-harris,GH,2,171.0,138.0,,,,,,,,,,
,FCFS,canny_0_deblur_0_gru_1_harris_0_lstm_1_,,,,10797927500.0,0.010798,21657155000.0,34867.26,13751351.0,4.516061,0.221432,4244441167.0,0,115,0.0,43.56060606060606,17,17,0,5.263157894736842,5.263157894736842,264,"[0, 0, 1, 0, 1]",gru-lstm,GL,2,323.0,264.0,,,,,,,,,,
,GEDF_D,canny_0_deblur_0_gru_1_harris_0_lstm_1_,,,,10800502500.0,0.010801,21660000000.0,34902.98,13758045.0,4.472356,0.223596,4243429229.0,0,115,0.0,43.56060606060606,17,17,0,5.263157894736842,5.263157894736842,264,"[0, 0, 1, 0, 1]",gru-lstm,GL,2,323.0,264.0,,,,,,,,,,
,GEDF_N,canny_0_deblur_0_gru_1_harris_0_lstm_1_,,,,10795853750.0,0.010796,21655486250.0,34720.37,13762891.0,4.439618,0.225245,4239156352.0,0,125,0.0,47.34848484848485,18,18,0,5.572755417956656,5.572755417956656,264,"[0, 0, 1, 0, 1]",gru-lstm,GL,2,323.0,264.0,,,,,,,,,,
,LAX,canny_0_deblur_0_gru_1_harris_0_lstm_1_,,,,11168688750.0,0.011169,22029063125.0,25799.08,14475272.0,2.405316,0.415746,4080264122.0,0,122,0.0,46.21212121212121,20,20,0,6.191950464396285,6.191950464396285,264,"[0, 0, 1, 0, 1]",gru-lstm,GL,2,323.0,264.0,,,,,,,,,,
,HetSched,canny_0_deblur_0_gru_1_harris_0_lstm_1_,,,,7812531250.0,0.007813,18971725625.0,26252.31,13768793.0,3.529813,0.283301,3383716641.0,1,161,50.0,60.98484848484848,79,79,0,24.458204334365323,24.458204334365323,264,"[0, 0, 1, 0, 1]",gru-lstm,GL,2,323.0,264.0,,,,,,,,,,
,ELF,canny_0_deblur_0_gru_1_harris_0_lstm_1_,,,,7210378125.0,0.00721,18071038125.0,36606.86,14019568.0,2.571121,0.388935,2957177506.0,0,249,0.0,94.3181818181818,221,221,0,68.42105263157895,68.42105263157895,264,"[0, 0, 1, 0, 1]",gru-lstm,GL,2,323.0,264.0,,,,,,,,,,
,FCFS,canny_0_deblur_0_gru_0_harris_1_lstm_1_,,,,6440712500.0,0.006441,12444085000.0,27732.11,7134561.0,4.490671,0.222684,3604937187.0,2,162,100.0,100.0,50,40,10,25.51020408163265,20.40816326530612,162,"[0, 0, 0, 1, 1]",harris-lstm,HL,2,196.0,162.0,,,,,,,,,,
,GEDF_D,canny_0_deblur_0_gru_0_harris_1_lstm_1_,,,,10389942500.0,0.01039,16393450000.0,27230.94,7142901.0,4.379962,0.228312,2196930349.0,2,162,100.0,100.0,54,41,13,27.55102040816326,20.918367346938776,162,"[0, 0, 0, 1, 1]",harris-lstm,HL,2,196.0,162.0,,,,,,,,,,
,GEDF_N,canny_0_deblur_0_gru_0_harris_1_lstm_1_,,,,10545295000.0,0.010545,16548802500.0,27243.57,7152361.0,4.399143,0.227317,2301289058.0,2,162,100.0,100.0,40,26,14,20.40816326530612,13.26530612244898,162,"[0, 0, 0, 1, 1]",harris-lstm,HL,2,196.0,162.0,,,,,,,,,,
,LAX,canny_0_deblur_0_gru_0_harris_1_lstm_1_,,,,10602924375.0,0.010603,16607524375.0,18097.86,7538765.0,2.44824,0.408457,2190000719.0,2,162,100.0,100.0,48,34,14,24.489795918367346,17.346938775510203,162,"[0, 0, 0, 1, 1]",harris-lstm,HL,2,196.0,162.0,,,,,,,,,,
,HetSched,canny_0_deblur_0_gru_0_harris_1_lstm_1_,,,,6309429375.0,0.006309,12346739375.0,18836.98,7176872.0,3.670347,0.272454,2786837756.0,2,162,100.0,100.0,79,79,0,40.30612244897959,40.30612244897959,162,"[0, 0, 0, 1, 1]",harris-lstm,HL,2,196.0,162.0,,,,,,,,,,
,ELF,canny_0_deblur_0_gru_0_harris_1_lstm_1_,,,,8811671875.0,0.008812,14816251250.0,26170.28,7323883.0,2.589482,0.386178,1363325844.0,2,162,100.0,100.0,137,123,14,69.89795918367348,62.755102040816325,162,"[0, 0, 0, 1, 1]",harris-lstm,HL,2,196.0,162.0,,,,,,,,,,
,FCFS,canny_1_deblur_1_gru_1_harris_0_lstm_0_,,,,18915604375.0,0.018916,24337277500.0,31408.25,6935573.0,4.384552,0.228073,874237570.0,2,134,66.66666666666667,87.01298701298701,96,66,30,49.740932642487046,34.196891191709845,154,"[1, 1, 1, 0, 0]",canny-deblur-gru,CDG,3,193.0,154.0,-4010.6666666666665,2248.0,-11374.0,-2906.0,0.69640031699366,1.134877302453951,0.3175736485270294,0.63675,0.4771618242635147,0.8858136512269754
,GEDF_D,canny_1_deblur_1_gru_1_harris_0_lstm_0_,,,,18915344375.0,0.018915,24337247500.0,30779.99,6937668.0,4.363504,0.229174,867326953.0,2,134,66.66666666666667,87.01298701298701,97,67,30,50.25906735751296,34.715025906735754,154,"[1, 1, 1, 0, 0]",canny-deblur-gru,CDG,3,193.0,154.0,-4040.3333333333335,2248.0,-11375.0,-2994.0,0.6927136507269855,1.134877302453951,0.3175136497270054,0.62575,0.4716318248635027,0.8803136512269755
,GEDF_N,canny_1_deblur_1_gru_1_harris_0_lstm_0_,,,,18867970000.0,0.018868,24290003125.0,30829.1,6946560.0,4.380278,0.228296,942439277.0,2,136,66.66666666666667,88.31168831168831,88,56,32,45.59585492227979,29.015544041450774,154,"[1, 1, 1, 0, 0]",canny-deblur-gru,CDG,3,193.0,154.0,-2929.6666666666665,2201.0,-8210.0,-2780.0,0.7639890702185955,1.1320573588528229,0.5074098518029639,0.6525,0.579954925901482,0.8922786794264115
,LAX,canny_1_deblur_1_gru_1_harris_0_lstm_0_,,,,18924455625.0,0.018924,24347768125.0,27370.99,7251661.0,2.502086,0.399666,863486925.0,2,136,66.66666666666667,88.31168831168831,102,71,31,52.84974093264248,36.787564766839374,154,"[1, 1, 1, 0, 0]",canny-deblur-gru,CDG,3,193.0,154.0,-3467.6666666666665,2256.0,-9786.0,-2873.0,0.7296946786064279,1.1353572928541429,0.4128517429651407,0.640875,0.5268633714825703,0.8881161464270715
,ELFD,canny_1_deblur_1_gru_1_harris_0_lstm_0_,,,,18893467500.0,0.018893,24315380000.0,23938.16,6939784.0,4.342875,0.230262,874394708.0,2,136,66.66666666666667,88.31168831168831,97,67,30,50.25906735751296,34.715025906735754,154,"[1, 1, 1, 0, 0]",canny-deblur-gru,CDG,3,193.0,154.0,-3507.6666666666665,2226.0,-9795.0,-2954.0,0.7255396942061157,1.1335573288534229,0.4123117537649247,0.63075,0.5215308768824624,0.8821536644267114
,LL,canny_1_deblur_1_gru_1_harris_0_lstm_0_,,,,18879470625.0,0.018879,24650095000.0,14808.19,7008935.0,3.748382,0.266782,941865180.0,2,136,66.66666666666667,88.31168831168831,54,54,0,27.979274611398964,27.979274611398964,154,"[1, 1, 1, 0, 0]",canny-deblur-gru,CDG,3,193.0,154.0,-2914.0,2211.0,-8201.0,-2752.0,0.7655357292854145,1.132657346853063,0.50794984100318,0.656,0.58197492050159,0.8943286734265314
,HetSched,canny_1_deblur_1_gru_1_harris_0_lstm_0_,,,,18886308125.0,0.018886,24573472500.0,23434.33,6977169.0,3.573253,0.279857,629245479.0,2,136,66.66666666666667,88.31168831168831,102,102,0,52.84974093264248,52.84974093264248,154,"[1, 1, 1, 0, 0]",canny-deblur-gru,CDG,3,193.0,154.0,-3218.6666666666665,2218.0,-8214.0,-3660.0,0.727582398352033,1.1330773384532309,0.507169856602868,0.5425,0.524834928301434,0.8377886692266154
,ELF,canny_1_deblur_1_gru_1_harris_0_lstm_0_,,,,18930065625.0,0.01893,24352823125.0,27446.63,7157754.0,2.59901,0.384762,613936171.0,2,136,66.66666666666667,88.31168831168831,139,106,33,72.02072538860104,54.92227979274611,154,"[1, 1, 1, 0, 0]",canny-deblur-gru,CDG,3,193.0,154.0,-3710.0,2263.0,-9793.0,-3600.0,0.6994030119397611,1.1357772844543108,0.4124317513649727,0.55,0.4812158756824863,0.8428886422271554
,FCFS,canny_1_deblur_1_gru_0_harris_1_lstm_0_,,,,24961246875.0,0.024961,25520596250.0,11747.46,364404.0,4.540284,0.220251,119169367.0,2,32,66.66666666666667,61.53846153846154,47,4,43,71.21212121212122,6.0606060606060606,52,"[1, 1, 0, 1, 0]",canny-deblur-harris,CDH,3,66.0,52.0,-1974.6666666666667,8293.0,-10035.0,-4182.0,0.881522369552609,1.497570048599028,0.3979120417591648,0.749085018299634,0.5734985300293994,1.1233275334493311
,GEDF_D,canny_1_deblur_1_gru_0_harris_1_lstm_0_,,,,24962955625.0,0.024963,25522630000.0,11836.43,364937.0,4.535851,0.220466,119161210.0,2,32,66.66666666666667,61.53846153846154,47,4,43,71.21212121212122,6.0606060606060606,52,"[1, 1, 0, 1, 0]",canny-deblur-harris,CDH,3,66.0,52.0,-1968.0,8295.0,-10020.0,-4179.0,0.8819223615527689,1.497690046199076,0.3988120237595248,0.749265014699706,0.5740385192296154,1.123477530449391
,GEDF_N,canny_1_deblur_1_gru_0_harris_1_lstm_0_,,,,24723681250.0,0.024724,25283511250.0,11514.99,366092.0,4.542215,0.220157,141520349.0,1,24,33.333333333333336,46.15384615384615,43,5,38,65.15151515151516,7.575757575757576,52,"[1, 1, 0, 1, 0]",canny-deblur-harris,CDH,3,66.0,52.0,3112.0,8056.0,-3768.0,5048.0,1.1867162656746866,1.4833503329933402,0.7739245215095698,1.3028739425211495,1.0383992320153597,1.3931121377572449
,LAX,canny_1_deblur_1_gru_0_harris_1_lstm_0_,,,,24987025000.0,0.024987,25548035000.0,10478.13,479648.0,2.564091,0.390002,124312518.0,2,34,66.66666666666667,65.38461538461539,46,4,42,69.6969696969697,6.0606060606060606,52,"[1, 1, 0, 1, 0]",canny-deblur-harris,CDH,3,66.0,52.0,-338.3333333333333,8320.0,-5628.0,-3707.0,0.9797004059918802,1.499190016199676,0.6623267534649308,0.7775844483110338,0.7199556008879823,1.138387232255355
,ELFD,canny_1_deblur_1_gru_0_harris_1_lstm_0_,,,,24977057500.0,0.024977,25537010000.0,10921.17,366056.0,4.495779,0.222431,134837020.0,2,34,66.66666666666667,65.38461538461539,42,4,38,63.63636363636363,6.0606060606060606,52,"[1, 1, 0, 1, 0]",canny-deblur-harris,CDH,3,66.0,52.0,-1437.3333333333333,8310.0,-8450.0,-4172.0,0.9137617247655048,1.498590028199436,0.493010139797204,0.749685006299874,0.621347573048539,1.124137517249655
,LL,canny_1_deblur_1_gru_0_harris_1_lstm_0_,,,,24754614375.0,0.024755,25316118750.0,6334.37,387148.0,3.939193,0.253859,141335750.0,0,20,0.0,38.46153846153846,13,3,10,19.696969696969692,4.545454545454546,52,"[1, 1, 0, 1, 0]",canny-deblur-harris,CDH,3,66.0,52.0,4788.0,8086.0,610.0,5668.0,1.2872742545149096,1.4851502969940602,1.0365992680146396,1.3400731985360292,1.1883362332753344,1.4126117477650446
,HetSched,canny_1_deblur_1_gru_0_harris_1_lstm_0_,,,,24737060625.0,0.024737,25298328125.0,10039.86,385419.0,3.900798,0.256358,133490719.0,1,24,33.333333333333336,46.15384615384615,14,4,10,21.21212121212121,6.0606060606060606,52,"[1, 1, 0, 1, 0]",canny-deblur-harris,CDH,3,66.0,52.0,3119.0,8069.0,-3776.0,5064.0,1.1871362572748545,1.4841303173936522,0.7734445311093778,1.3038339233215337,1.0386392272154557,1.3939821203575928
,ELF,canny_1_deblur_1_gru_0_harris_1_lstm_0_,,,,24801045625.0,0.024801,25361700000.0,10380.97,472132.0,2.64545,0.378007,127915575.0,0,22,0.0,42.30769230769231,46,7,39,69.6969696969697,10.606060606060606,52,"[1, 1, 0, 1, 0]",canny-deblur-harris,CDH,3,66.0,52.0,4503.0,8133.0,1284.0,4092.0,1.2701745965080695,1.487970240595188,1.077038459230815,1.245515089698206,1.1612767744645107,1.3667426651466972
,FCFS,canny_1_deblur_1_gru_0_harris_0_lstm_1_,,,,18922453125.0,0.018922,25027582500.0,35987.17,7214779.0,4.497314,0.222355,1259450867.0,2,158,66.66666666666667,88.76404494382022,68,38,30,31.19266055045872,17.431192660550458,178,"[1, 1, 0, 0, 1]",canny-deblur-lstm,CDL,3,218.0,178.0,-3402.333333333333,2254.0,-11086.0,-1375.0,0.7660718660626787,1.135237295254095,0.3348533029339413,0.828125,0.5814891514669707,0.9816811476270476
,GEDF_D,canny_1_deblur_1_gru_0_harris_0_lstm_1_,,,,19772966875.0,0.019773,25878251250.0,36048.16,7217473.0,4.426223,0.225926,1168831170.0,2,158,66.66666666666667,88.76404494382022,74,43,31,33.94495412844037,19.72477064220184,178,"[1, 1, 0, 0, 1]",canny-deblur-lstm,CDL,3,218.0,178.0,-3015.0,3105.0,-10489.0,-1661.0,0.7831146202075958,1.1862962740745184,0.370672586548269,0.792375,0.5815237932741345,0.9893356370372592
,GEDF_N,canny_1_deblur_1_gru_0_harris_0_lstm_1_,,,,18884163125.0,0.018884,24989407500.0,35549.53,7227448.0,4.475878,0.22342,1334869850.0,2,160,66.66666666666667,89.88764044943821,56,25,31,25.68807339449541,11.46788990825688,178,"[1, 1, 0, 0, 1]",canny-deblur-lstm,CDL,3,218.0,178.0,-2416.333333333333,2216.0,-8194.0,-1271.0,0.8274840578188437,1.132957340853183,0.5083698326033479,0.841125,0.674747416301674,0.9870411704265916
,LAX,canny_1_deblur_1_gru_0_harris_0_lstm_1_,,,,18930675000.0,0.018931,25037486250.0,29794.88,7657411.0,2.45662,0.407063,1286673402.0,2,160,66.66666666666667,89.88764044943821,63,32,31,28.899082568807337,14.678899082568808,178,"[1, 1, 0, 0, 1]",canny-deblur-lstm,CDL,3,218.0,178.0,-2908.6666666666665,2263.0,-9755.0,-1234.0,0.7987463300733985,1.1357772844543108,0.4147117057658847,0.84575,0.6302308528829423,0.9907636422271554
,ELFD,canny_1_deblur_1_gru_0_harris_0_lstm_1_,,,,18905552500.0,0.018906,25011310000.0,26329.0,7217561.0,4.443018,0.225072,1236301134.0,2,160,66.66666666666667,89.88764044943821,73,43,30,33.48623853211009,19.72477064220184,178,"[1, 1, 0, 0, 1]",canny-deblur-lstm,CDL,3,218.0,178.0,-3040.6666666666665,2238.0,-9800.0,-1560.0,0.7837630247395051,1.1342773144537108,0.4120117597648047,0.805,0.6085058798824023,0.9696386572268554
,LL,canny_1_deblur_1_gru_0_harris_0_lstm_1_,,,,18897010000.0,0.018897,25099002500.0,16666.98,7300989.0,3.84612,0.260002,1334101215.0,2,160,66.66666666666667,89.88764044943821,23,23,0,10.550458715596331,10.550458715596331,178,"[1, 1, 0, 0, 1]",canny-deblur-lstm,CDL,3,218.0,178.0,-2401.333333333333,2229.0,-8183.0,-1250.0,0.8288390482190356,1.133737325253495,0.5090298194036119,0.84375,0.676389909701806,0.9887436626267476
,HetSched,canny_1_deblur_1_gru_0_harris_0_lstm_1_,,,,18887506250.0,0.018888,25031096250.0,26856.18,7263400.0,3.704742,0.269924,966986523.0,2,160,66.66666666666667,89.88764044943821,78,78,0,35.77981651376147,35.77981651376147,178,"[1, 1, 0, 0, 1]",canny-deblur-lstm,CDL,3,218.0,178.0,-2779.6666666666665,2219.0,-8212.0,-2346.0,0.7823923971520571,1.133137337253255,0.507289854202916,0.70675,0.607019927101458,0.9199436686266276
,ELF,canny_1_deblur_1_gru_0_harris_0_lstm_1_,,,,18932175625.0,0.018932,25038273125.0,30560.24,7434353.0,2.608994,0.383289,670342186.0,2,160,66.66666666666667,89.88764044943821,155,122,33,71.10091743119266,55.96330275229357,178,"[1, 1, 0, 0, 1]",canny-deblur-lstm,CDL,3,218.0,178.0,-3544.6666666666665,2265.0,-9798.0,-3101.0,0.7201346798064039,1.135897282054359,0.4121317573648527,0.612375,0.5122533786824264,0.8741361410271795
,FCFS,canny_1_deblur_0_gru_1_harris_1_lstm_0_,,,,9339256875.0,0.009339,14801801250.0,29053.05,6950644.0,4.39047,0.227766,1842474217.0,3,150,100.0,100.0,82,64,18,44.32432432432433,34.5945945945946,150,"[1, 0, 1, 1, 0]",canny-gru-harris,CGH,3,185.0,150.0,-7244.666666666667,-2806.0,-11600.0,-7328.0,0.5045309043819124,0.64925,0.3040139197216056,0.5603287934241316,0.4321713565728685,0.6047893967120658
,GEDF_D,canny_1_deblur_0_gru_1_harris_1_lstm_0_,,,,9334446875.0,0.009334,14797331250.0,29125.2,6954047.0,4.32178,0.231386,1829388739.0,3,150,100.0,100.0,82,67,15,44.32432432432433,36.21621621621622,150,"[1, 0, 1, 1, 0]",canny-gru-harris,CGH,3,185.0,150.0,-7310.666666666667,-2994.0,-11605.0,-7333.0,0.496497575048499,0.62575,0.3037139257214856,0.5600287994240115,0.4318713625727485,0.5928893997120057
,GEDF_N,canny_1_deblur_0_gru_1_harris_1_lstm_0_,,,,9236771875.0,0.009237,14699606250.0,28498.02,6961137.0,4.325085,0.231209,1955160552.0,3,150,100.0,100.0,75,59,16,40.54054054054054,31.89189189189189,150,"[1, 0, 1, 1, 0]",canny-gru-harris,CGH,3,185.0,150.0,-7274.666666666667,-2829.0,-11564.0,-7431.0,0.502232597848043,0.646375,0.3061738765224695,0.5541489170216596,0.4301613967720645,0.6002619585108298
,LAX,canny_1_deblur_0_gru_1_harris_1_lstm_0_,,,,9240245625.0,0.00924,14704443125.0,25642.34,7255877.0,2.484468,0.402501,1805629491.0,3,150,100.0,100.0,89,73,16,48.10810810810811,39.45945945945946,150,"[1, 0, 1, 1, 0]",canny-gru-harris,CGH,3,185.0,150.0,-7312.666666666667,-2939.0,-11571.0,-7428.0,0.4975692661146777,0.632625,0.3057538849223015,0.5543289134217315,0.4300413991720165,0.5934769567108658
,ELFD,canny_1_deblur_0_gru_1_harris_1_lstm_0_,,,,9338513750.0,0.009339,14801841250.0,22847.12,6954767.0,4.338521,0.230493,1842655101.0,3,150,100.0,100.0,82,64,18,44.32432432432433,34.5945945945946,150,"[1, 0, 1, 1, 0]",canny-gru-harris,CGH,3,185.0,150.0,-7245.333333333333,-2805.0,-11602.0,-7329.0,0.504512572248555,0.649375,0.3038939221215576,0.5602687946241075,0.4320813583728325,0.6048218973120538
,LL,canny_1_deblur_0_gru_1_harris_1_lstm_0_,,,,9249877500.0,0.00925,15059637500.0,13693.22,7021954.0,3.715585,0.269137,1952452668.0,3,150,100.0,100.0,11,3,8,5.9459459459459465,1.6216216216216215,150,"[1, 0, 1, 1, 0]",canny-gru-harris,CGH,3,185.0,150.0,-7256.0,-2800.0,-11550.0,-7418.0,0.5039809203815924,0.65,0.3070138597228055,0.5549289014219716,0.4309713805723886,0.6024644507109858
,HetSched,canny_1_deblur_0_gru_1_harris_1_lstm_0_,,,,9199878750.0,0.0092,14930498125.0,23371.91,6988886.0,3.542655,0.282274,1293635745.0,3,150,100.0,100.0,18,4,14,9.72972972972973,2.1621621621621623,150,"[1, 0, 1, 1, 0]",canny-gru-harris,CGH,3,185.0,150.0,-7874.666666666667,-3594.0,-12562.0,-7468.0,0.4496580118397632,0.5519289614207716,0.246295074098518,0.55075,0.398522537049259,0.5513394807103857
,ELF,canny_1_deblur_0_gru_1_harris_1_lstm_0_,,,,9783060000.0,0.009783,15247035000.0,25950.61,7158280.0,2.5992,0.384734,1196194647.0,3,150,100.0,100.0,130,110,20,70.27027027027027,59.45945945945946,150,"[1, 0, 1, 1, 0]",canny-gru-harris,CGH,3,185.0,150.0,-6209.666666666667,-3648.0,-8097.0,-6884.0,0.5483859922801545,0.5869682606347874,0.5141897162056759,0.544,0.529094858102838,0.5654841303173936
,FCFS,canny_1_deblur_0_gru_1_harris_0_lstm_1_,,,,11002311250.0,0.011002,22010001250.0,48289.59,13843771.0,4.549034,0.219827,4246803689.0,1,118,33.333333333333336,42.7536231884058,25,19,6,7.418397626112759,5.637982195845697,276,"[1, 0, 1, 0, 1]",canny-gru-lstm,CGL,3,337.0,276.0,-1812.6666666666667,4002.0,-12379.0,2939.0,1.0416332848343035,1.50025,0.2572748545029099,1.367375,0.812324927251455,1.4338125000000002
,GEDF_D,canny_1_deblur_0_gru_1_harris_0_lstm_1_,,,,11634113125.0,0.011634,22642151250.0,48056.52,13861434.0,4.431525,0.225656,3993793038.0,1,126,33.333333333333336,45.65217391304348,27,21,6,8.011869436201781,6.231454005934718,276,"[1, 0, 1, 0, 1]",canny-gru-lstm,CGL,3,337.0,276.0,522.0,3832.0,-5033.0,2767.0,1.17430034649307,1.479,0.6980260394792104,1.345875,1.021950519739605,1.4124375
,GEDF_N,canny_1_deblur_0_gru_1_harris_0_lstm_1_,,,,11640711875.0,0.011641,22648750000.0,48658.71,13866208.0,4.391046,0.227736,3991468606.0,1,136,33.333333333333336,49.27536231884058,28,21,7,8.30860534124629,6.231454005934718,276,"[1, 0, 1, 0, 1]",canny-gru-lstm,CGL,3,337.0,276.0,859.6666666666666,3826.0,-5027.0,3780.0,1.2163786774264516,1.47825,0.6983860322793544,1.4725,1.085443016139677,1.475375
,LAX,canny_1_deblur_0_gru_1_harris_0_lstm_1_,,,,11365406875.0,0.011365,22374491250.0,37934.83,14592551.0,2.41926,0.413349,4076790608.0,1,132,33.333333333333336,47.82608695652174,29,23,6,8.605341246290802,6.824925816023739,276,"[1, 0, 1, 0, 1]",canny-gru-lstm,CGL,3,337.0,276.0,-613.3333333333334,4364.0,-10521.0,4317.0,1.151292541649167,1.5455,0.368752624947501,1.539625,0.9541888124737504,1.5425625
,ELFD,canny_1_deblur_0_gru_1_harris_0_lstm_1_,,,,11005140625.0,0.011005,22013225000.0,32195.85,13851261.0,4.500204,0.222212,4245700222.0,1,118,33.333333333333336,42.7536231884058,25,19,6,7.418397626112759,5.637982195845697,276,"[1, 0, 1, 0, 1]",canny-gru-lstm,CGL,3,337.0,276.0,-1812.0,4004.0,-12381.0,2941.0,1.041759952300954,1.5005,0.2571548569028619,1.367625,0.812389928451431,1.4340625
,LL,canny_1_deblur_0_gru_1_harris_0_lstm_1_,,,,11751133125.0,0.011751,23199337500.0,22540.54,13978699.0,3.80343,0.262921,3954348871.0,1,136,33.333333333333336,49.27536231884058,1,1,0,0.2967359050445104,0.2967359050445104,276,"[1, 0, 1, 0, 1]",canny-gru-lstm,CGL,3,337.0,276.0,944.6666666666666,3899.0,-4918.0,3853.0,1.2246419671606568,1.487375,0.7049259014819703,1.481625,1.0932754507409852,1.4845
,HetSched,canny_1_deblur_0_gru_1_harris_0_lstm_1_,,,,8002370625.0,0.008002,19312753125.0,35791.27,13866168.0,3.56915,0.280179,3398894812.0,2,151,66.66666666666667,54.71014492753624,79,79,0,23.44213649851632,23.44213649851632,276,"[1, 0, 1, 0, 1]",canny-gru-lstm,CGL,3,337.0,276.0,-4731.333333333333,1001.0,-12063.0,-3132.0,0.6699531584368312,1.125125,0.2762344753104938,0.6085,0.4423672376552469,0.8668125
,ELF,canny_1_deblur_0_gru_1_harris_0_lstm_1_,,,,8078111250.0,0.008078,19087001250.0,38417.54,14143078.0,2.574985,0.388352,2734078712.0,1,257,33.333333333333336,93.1159420289855,230,223,7,68.24925816023739,66.17210682492582,276,"[1, 0, 1, 0, 1]",canny-gru-lstm,CGL,3,337.0,276.0,-2706.0,272.0,-8589.0,199.0,0.8478484355312893,1.034,0.4846703065938681,1.024875,0.7547726532969341,1.0294375
,FCFS,canny_1_deblur_0_gru_0_harris_1_lstm_1_,,,,9335184375.0,0.009335,15485627500.0,34394.52,7227189.0,4.503626,0.222043,2575578482.0,3,174,100.0,100.0,58,41,17,27.61904761904762,19.52380952380953,174,"[1, 0, 0, 1, 1]",canny-harris-lstm,CHL,3,210.0,174.0,-6592.333333333333,-1342.0,-11102.0,-7333.0,0.5753907071858563,0.83225,0.3338933221335573,0.5600287994240115,0.4469610607787844,0.6961393997120058
,GEDF_D,canny_1_deblur_0_gru_0_harris_1_lstm_1_,,,,10404473125.0,0.010404,16555331250.0,33916.43,7234633.0,4.400144,0.227265,2298258808.0,3,174,100.0,100.0,57,43,14,27.142857142857142,20.476190476190474,174,"[1, 0, 0, 1, 1]",canny-harris-lstm,CHL,3,210.0,174.0,-6110.0,-1642.0,-10425.0,-6263.0,0.5978300083998319,0.79475,0.374512509749805,0.624227515449691,0.499370012599748,0.7094887577248454
,GEDF_N,canny_1_deblur_0_gru_0_harris_1_lstm_1_,,,,10581779375.0,0.010582,16732787500.0,33667.96,7245092.0,4.404456,0.227043,2402207332.0,3,174,100.0,100.0,43,27,16,20.476190476190474,12.857142857142856,174,"[1, 0, 0, 1, 1]",canny-harris-lstm,CHL,3,210.0,174.0,-5855.0,-1366.0,-10113.0,-6086.0,0.6191098128037439,0.82925,0.3932321353572928,0.6348473030539389,0.5140397192056159,0.7320486515269695
,LAX,canny_1_deblur_0_gru_0_harris_1_lstm_1_,,,,10600461875.0,0.0106,16752505000.0,28806.77,7654097.0,2.456558,0.407074,2286835827.0,3,174,100.0,100.0,52,36,16,24.761904761904763,17.142857142857142,174,"[1, 0, 0, 1, 1]",canny-harris-lstm,CHL,3,210.0,174.0,-5841.0,-1352.0,-10104.0,-6067.0,0.6202531349373013,0.831,0.3937721245575089,0.6359872802543949,0.5148797024059519,0.7334936401271974
,ELFD,canny_1_deblur_0_gru_0_harris_1_lstm_1_,,,,9337915000.0,0.009338,15489160000.0,24991.33,7232660.0,4.452891,0.224573,2588882422.0,3,174,100.0,100.0,57,40,17,27.142857142857142,19.047619047619047,174,"[1, 0, 0, 1, 1]",canny-harris-lstm,CHL,3,210.0,174.0,-6586.666666666667,-1351.0,-11079.0,-7330.0,0.5755356967860643,0.831125,0.3352732945341093,0.5602087958240836,0.4477410451790964,0.6956668979120417
,LL,canny_1_deblur_0_gru_0_harris_1_lstm_1_,,,,10619520000.0,0.01062,16865562500.0,15238.5,7316377.0,3.798262,0.263278,2393923266.0,3,174,100.0,100.0,23,23,0,10.952380952380953,10.952380952380953,174,"[1, 0, 0, 1, 1]",canny-harris-lstm,CHL,3,210.0,174.0,-5815.666666666667,-1328.0,-10071.0,-6048.0,0.6222931141377172,0.834,0.3957520849583008,0.6371272574548509,0.5164396712065759,0.7355636287274254
,HetSched,canny_1_deblur_0_gru_0_harris_1_lstm_1_,,,,9193133125.0,0.009193,15380875625.0,25258.08,7273629.0,3.692476,0.270821,1974013838.0,3,174,100.0,100.0,79,79,0,37.61904761904762,37.61904761904762,174,"[1, 0, 0, 1, 1]",canny-harris-lstm,CHL,3,210.0,174.0,-7382.333333333333,-2167.0,-12505.0,-7475.0,0.5101163251734966,0.729125,0.249715005699886,0.5515089698206036,0.4006119877602448,0.6403169849103019
,ELF,canny_1_deblur_0_gru_0_harris_1_lstm_1_,,,,9241723125.0,0.009242,15393491250.0,29315.24,7435049.0,2.609004,0.383288,1403303240.0,3,174,100.0,100.0,143,126,17,68.0952380952381,60.0,174,"[1, 0, 0, 1, 1]",canny-harris-lstm,CHL,3,210.0,174.0,-7379.333333333333,-3130.0,-11582.0,-7426.0,0.4894309363812724,0.60875,0.3050938981220376,0.5544489110217795,0.4297714045719085,0.5815994555108898
,FCFS,canny_0_deblur_1_gru_1_harris_1_lstm_0_,,,,22054565625.0,0.022055,27553405000.0,32862.12,6986938.0,4.403039,0.227116,790793902.0,2,142,66.66666666666667,88.75,98,64,34,48.75621890547264,31.8407960199005,160,"[0, 1, 1, 1, 0]",deblur-gru-harris,DGH,3,201.0,160.0,-1506.3333333333333,5387.0,-7090.0,-2816.0,0.848607347853043,1.3232135357292854,0.5746085078298434,0.648,0.6113042539149217,0.9856067678646429
,GEDF_D,canny_0_deblur_1_gru_1_harris_1_lstm_0_,,,,23109017500.0,0.023109,28608280000.0,32746.61,6991873.0,4.321589,0.231396,744089445.0,2,141,66.66666666666667,88.125,99,65,34,49.25373134328358,32.33830845771145,160,"[0, 1, 1, 1, 0]",deblur-gru-harris,DGH,3,201.0,160.0,-863.3333333333334,6441.0,-6036.0,-2995.0,0.8833081713365732,1.386452270954581,0.625625,0.6378472430551388,0.6317361215275694,1.01214975700486
,GEDF_N,canny_0_deblur_1_gru_1_harris_1_lstm_0_,,,,21968837500.0,0.021969,27468180000.0,32413.35,6997848.0,4.359473,0.229386,845341771.0,2,142,66.66666666666667,88.75,90,57,33,44.776119402985074,28.35820895522388,160,"[0, 1, 1, 1, 0]",deblur-gru-harris,DGH,3,201.0,160.0,22.666666666666668,5301.0,-2730.0,-2503.0,0.9422088808223836,1.3180536389272215,0.65875,0.8498230035399292,0.7542865017699646,1.0839383212335754
,LAX,canny_0_deblur_1_gru_1_harris_1_lstm_0_,,,,22098411875.0,0.022098,27598866250.0,28237.64,7317378.0,2.489456,0.401694,757405016.0,2,142,66.66666666666667,88.75,107,71,36,53.233830845771145,35.32338308457712,160,"[0, 1, 1, 1, 0]",deblur-gru-harris,DGH,3,201.0,160.0,-1540.0,5431.0,-7174.0,-2877.0,0.8452656971860563,1.3258534829303414,0.5695686086278274,0.640375,0.6049718043139137,0.9831142414651708
,ELFD,canny_0_deblur_1_gru_1_harris_1_lstm_0_,,,,22049513125.0,0.02205,27549127500.0,24706.92,6991317.0,4.347173,0.230035,790986717.0,2,142,66.66666666666667,88.75,98,64,34,48.75621890547264,31.8407960199005,160,"[0, 1, 1, 1, 0]",deblur-gru-harris,DGH,3,201.0,160.0,-1511.0,5382.0,-7095.0,-2820.0,0.8482406851862963,1.3229135417291653,0.5743085138297234,0.6475,0.6109042569148617,0.9852067708645826
,LL,canny_0_deblur_1_gru_1_harris_1_lstm_0_,,,,21985331250.0,0.021985,27831121250.0,15490.69,7062723.0,3.739603,0.267408,844687205.0,2,142,66.66666666666667,88.75,12,3,9,5.970149253731343,1.4925373134328357,160,"[0, 1, 1, 1, 0]",deblur-gru-harris,DGH,3,201.0,160.0,43.66666666666666,5317.0,-2702.0,-2484.0,0.9440755334893302,1.3190136197276054,0.66225,0.8509629807403852,0.7566064903701926,1.0849883002339953
,HetSched,canny_0_deblur_1_gru_1_harris_1_lstm_0_,,,,21986791250.0,0.021987,27751731250.0,24348.54,7030569.0,3.565504,0.280465,564503654.0,2,142,66.66666666666667,88.75,14,4,10,6.965174129353234,1.9900497512437807,160,"[0, 1, 1, 1, 0]",deblur-gru-harris,DGH,3,201.0,160.0,-274.6666666666667,5319.0,-3660.0,-2483.0,0.9042188656226876,1.3191336173276536,0.5425,0.8510229795404092,0.6967614897702046,1.0850782984340317
,ELF,canny_0_deblur_1_gru_1_harris_1_lstm_0_,,,,21990453750.0,0.02199,27490673125.0,28031.67,7225214.0,2.588219,0.386366,561446896.0,2,142,66.66666666666667,88.75,142,107,35,70.64676616915423,53.233830845771145,160,"[0, 1, 1, 1, 0]",deblur-gru-harris,DGH,3,201.0,160.0,-257.0,5322.0,-3604.0,-2489.0,0.9064922001559969,1.3193136137277257,0.5495,0.8506629867402652,0.7000814933701326,1.0849883002339953
,FCFS,canny_0_deblur_1_gru_1_harris_0_lstm_1_,,,,17244071875.0,0.017244,28288181250.0,50985.09,13881515.0,4.554564,0.21956,2724159139.0,0,115,0.0,40.20979020979021,43,17,26,12.181303116147308,4.815864022662889,286,"[0, 1, 1, 0, 1]",deblur-gru-lstm,DGL,3,353.0,286.0,2562.333333333333,4115.0,577.0,2995.0,1.307789769204616,1.514375,1.0346193076138477,1.374375,1.2044971538069238,1.444375
,GEDF_D,canny_0_deblur_1_gru_1_harris_0_lstm_1_,,,,25253190625.0,0.025253,36297300000.0,49993.01,13891449.0,4.476587,0.223384,1847246817.0,0,117,0.0,40.90909090909091,43,17,26,12.181303116147308,4.815864022662889,286,"[0, 1, 1, 0, 1]",deblur-gru-lstm,DGL,3,353.0,286.0,5059.0,8586.0,2764.0,3827.0,1.4463415656686869,1.5151496970060598,1.3455,1.478375,1.4119375,1.49676234850303
,GEDF_N,canny_0_deblur_1_gru_1_harris_0_lstm_1_,,,,20196806875.0,0.020197,31241036250.0,50688.93,13894430.0,4.464457,0.223991,2316217820.0,0,129,0.0,45.10489510489511,44,18,26,12.46458923512748,5.099150141643059,286,"[0, 1, 1, 0, 1]",deblur-gru-lstm,DGL,3,353.0,286.0,3830.6666666666665,4004.0,3529.0,3959.0,1.4023702550948982,1.5005,1.2117357652846945,1.494875,1.3533053826423471,1.4976875
,LAX,canny_0_deblur_1_gru_1_harris_0_lstm_1_,,,,16673085000.0,0.016673,27719000000.0,40403.44,14652614.0,2.427851,0.411887,2782309093.0,0,130,0.0,45.45454545454545,49,23,26,13.881019830028327,6.515580736543909,286,"[0, 1, 1, 0, 1]",deblur-gru-lstm,DGL,3,353.0,286.0,2929.0,4414.0,6.0,4367.0,1.3659949976000478,1.55175,1.000359992800144,1.545875,1.2731174964000722,1.5488125
,ELFD,canny_0_deblur_1_gru_1_harris_0_lstm_1_,,,,17249828125.0,0.01725,28294597500.0,34541.68,13889282.0,4.5096,0.221749,2723250090.0,0,115,0.0,40.20979020979021,43,17,26,12.181303116147308,4.815864022662889,286,"[0, 1, 1, 0, 1]",deblur-gru-lstm,DGL,3,353.0,286.0,2567.0,4120.0,582.0,2999.0,1.308264767204656,1.515,1.0349193016139675,1.374875,1.204897150806984,1.4449375
,LL,canny_0_deblur_1_gru_1_harris_0_lstm_1_,,,,20265511250.0,0.020266,31750246250.0,24701.69,14012149.0,3.84899,0.259808,2308535888.0,0,129,0.0,45.10489510489511,1,1,0,0.28328611898017,0.28328611898017,286,"[0, 1, 1, 0, 1]",deblur-gru-lstm,DGL,3,353.0,286.0,3897.6666666666665,4071.0,3597.0,4025.0,1.409271894562109,1.508875,1.2158156836863263,1.503125,1.359470341843163,1.506
,HetSched,canny_0_deblur_1_gru_1_harris_0_lstm_1_,,,,16186680000.0,0.016187,27533705000.0,38570.96,13908668.0,3.596592,0.278041,1712035575.0,2,166,66.66666666666667,58.04195804195804,78,78,0,22.096317280453256,22.096317280453256,286,"[0, 1, 1, 0, 1]",deblur-gru-lstm,DGL,3,353.0,286.0,-852.6666666666666,1054.0,-3131.0,-481.0,0.9038385257294856,1.13175,0.608625,0.9711405771884564,0.7898827885942281,1.0514452885942285
,ELF,canny_0_deblur_1_gru_1_harris_0_lstm_1_,,,,16984385000.0,0.016984,28030205000.0,41047.95,14206676.0,2.58378,0.38703,1334457503.0,0,240,0.0,83.91608391608392,244,218,26,69.12181303116147,61.756373937677054,286,"[0, 1, 1, 0, 1]",deblur-gru-lstm,DGL,3,353.0,286.0,370.3333333333333,460.0,317.0,334.0,1.0394232065358693,1.0575,1.0190196196076078,1.04175,1.0303848098038038,1.049625
,FCFS,canny_0_deblur_1_gru_0_harris_1_lstm_1_,,,,22061773750.0,0.022062,28247451250.0,37249.15,7263400.0,4.502267,0.22211,1095390075.0,2,166,66.66666666666667,90.21739130434784,75,41,34,33.1858407079646,18.141592920353983,184,"[0, 1, 0, 1, 1]",deblur-harris-lstm,DHL,3,226.0,184.0,-1046.6666666666667,5394.0,-7083.0,-1451.0,0.905762342253155,1.3236335273294535,0.5750284994300114,0.818625,0.6968267497150058,1.0711292636647267
,GEDF_D,canny_0_deblur_1_gru_0_harris_1_lstm_1_,,,,24459410000.0,0.024459,30645500000.0,36688.91,7271829.0,4.411194,0.226696,982673908.0,2,165,66.66666666666667,89.67391304347827,75,41,34,33.1858407079646,18.141592920353983,184,"[0, 1, 0, 1, 1]",deblur-harris-lstm,DHL,3,226.0,184.0,488.3333333333333,7792.0,-4685.0,-1642.0,0.9937220905581888,1.4675106497870043,0.7189056218875622,0.79475,0.7568278109437812,1.131130324893502
,GEDF_N,canny_0_deblur_1_gru_0_harris_1_lstm_1_,,,,21979707500.0,0.02198,28165927500.0,36568.84,7279600.0,4.464749,0.223977,1177014753.0,2,166,66.66666666666667,90.21739130434784,59,26,33,26.10619469026549,11.50442477876106,184,"[0, 1, 0, 1, 1]",deblur-harris-lstm,DHL,3,226.0,184.0,514.0,5312.0,-2492.0,-1278.0,1.0031488720225594,1.3187136257274854,0.84025,0.8504829903401931,0.8453664951700965,1.0845983080338393
,LAX,canny_0_deblur_1_gru_0_harris_1_lstm_1_,,,,23276222500.0,0.023276,29463205000.0,30350.56,7717492.0,2.460565,0.406411,1058007071.0,2,166,66.66666666666667,90.21739130434784,67,34,33,29.646017699115045,15.04424778761062,184,"[0, 1, 0, 1, 1]",deblur-harris-lstm,DHL,3,226.0,184.0,-219.33333333333331,6609.0,-5997.0,-1270.0,0.9593230885382292,1.3965320693586127,0.6401871962560749,0.84125,0.7407185981280375,1.1188910346793064
,ELFD,canny_0_deblur_1_gru_0_harris_1_lstm_1_,,,,22064738750.0,0.022065,28251136250.0,26802.31,7268441.0,4.45911,0.22426,1095251581.0,2,166,66.66666666666667,90.21739130434784,75,41,34,33.1858407079646,18.141592920353983,184,"[0, 1, 0, 1, 1]",deblur-harris-lstm,DHL,3,226.0,184.0,-1045.6666666666667,5397.0,-7081.0,-1453.0,0.9057790069198616,1.3238135237295254,0.5751484970300594,0.818375,0.6967617485150297,1.0710942618647628
,LL,canny_0_deblur_1_gru_0_harris_1_lstm_1_,,,,21974326875.0,0.021974,28255956250.0,17022.15,7355304.0,3.835153,0.260746,1177349556.0,2,166,66.66666666666667,90.21739130434784,23,23,0,10.17699115044248,10.17699115044248,184,"[0, 1, 0, 1, 1]",deblur-harris-lstm,DHL,3,226.0,184.0,523.0,5306.0,-2496.0,-1241.0,1.0044905426891464,1.3183536329273415,0.844875,0.8502429951400972,0.8475589975700486,1.0842983140337197
,HetSched,canny_0_deblur_1_gru_0_harris_1_lstm_1_,,,,21980536875.0,0.021981,28204361250.0,27788.99,7317293.0,3.722513,0.268636,869122720.0,2,166,66.66666666666667,90.21739130434784,77,77,0,34.070796460176986,34.070796460176986,184,"[0, 1, 0, 1, 1]",deblur-harris-lstm,DHL,3,226.0,184.0,221.66666666666663,5313.0,-2489.0,-2159.0,0.966520537089258,1.3187736245275097,0.730125,0.8506629867402652,0.7903939933701326,1.0847183056338874
,ELF,canny_0_deblur_1_gru_0_harris_1_lstm_1_,,,,21988005625.0,0.021988,28174755000.0,31309.64,7501296.0,2.605282,0.383836,619225237.0,2,166,66.66666666666667,90.21739130434784,156,123,33,69.02654867256636,54.42477876106194,184,"[0, 1, 0, 1, 1]",deblur-harris-lstm,DHL,3,226.0,184.0,-89.0,5320.0,-3095.0,-2492.0,0.9276005354892902,1.3191936161276774,0.613125,0.8504829903401931,0.7318039951700965,1.0848383032339353
,FCFS,canny_0_deblur_0_gru_1_harris_1_lstm_1_,,,,11220841875.0,0.011221,22310895000.0,49159.43,13896346.0,4.542657,0.220136,4245881417.0,1,125,33.333333333333336,44.326241134751776,27,17,10,7.82608695652174,4.9275362318840585,282,"[0, 0, 1, 1, 1]",gru-harris-lstm,GHL,3,345.0,282.0,-826.3333333333334,4221.0,-9857.0,3157.0,1.1102806093878124,1.527625,0.4085918281634367,1.394625,0.9016084140817184,1.461125
,GEDF_D,canny_0_deblur_0_gru_1_harris_1_lstm_1_,,,,15880718125.0,0.015881,26970966250.0,48622.07,13914529.0,4.417081,0.226394,2963045602.0,1,132,33.333333333333336,46.80851063829788,32,19,13,9.27536231884058,5.507246376811594,282,"[0, 0, 1, 1, 1]",gru-harris-lstm,GHL,3,345.0,282.0,1937.0,3831.0,-787.0,2767.0,1.2591769814603708,1.478875,0.9527809443811124,1.345875,1.149327972190556,1.412375
,GEDF_N,canny_0_deblur_0_gru_1_harris_1_lstm_1_,,,,15765014375.0,0.015765,26855397500.0,49019.65,13918175.0,4.382091,0.228202,2968176171.0,1,142,33.333333333333336,50.354609929078016,35,21,14,10.144927536231885,6.086956521739131,282,"[0, 0, 1, 1, 1]",gru-harris-lstm,GHL,3,345.0,282.0,2231.6666666666665,3822.0,-903.0,3776.0,1.2985236945261094,1.47775,0.9458210835783284,1.472,1.208910541789164,1.474875
,LAX,canny_0_deblur_0_gru_1_harris_1_lstm_1_,,,,11511995000.0,0.011512,22602985000.0,38750.15,14661910.0,2.412376,0.414529,4064924281.0,1,140,33.333333333333336,49.645390070921984,34,23,11,9.855072463768115,6.666666666666667,282,"[0, 0, 1, 1, 1]",gru-harris-lstm,GHL,3,345.0,282.0,858.3333333333334,4512.0,-6402.0,4465.0,1.2460042274154517,1.564,0.615887682246355,1.558125,1.0870063411231774,1.5610625
,ELFD,canny_0_deblur_0_gru_1_harris_1_lstm_1_,,,,11221703750.0,0.011222,22312206250.0,33309.61,13904012.0,4.495887,0.222426,4245566722.0,1,125,33.333333333333336,44.326241134751776,27,17,10,7.82608695652174,4.9275362318840585,282,"[0, 0, 1, 1, 1]",gru-harris-lstm,GHL,3,345.0,282.0,-826.6666666666666,4221.0,-9858.0,3157.0,1.1102606097878045,1.527625,0.4085318293634127,1.394625,0.9015784146817064,1.461125
,LL,canny_0_deblur_0_gru_1_harris_1_lstm_1_,,,,15832048750.0,0.015832,27363011250.0,22843.86,14032801.0,3.799698,0.263179,2955826927.0,1,142,33.333333333333336,50.354609929078016,1,1,0,0.2898550724637681,0.2898550724637681,282,"[0, 0, 1, 1, 1]",gru-harris-lstm,GHL,3,345.0,282.0,2296.6666666666665,3886.0,-836.0,3840.0,1.3051970010599787,1.48575,0.9498410031799364,1.48,1.2149205015899682,1.482875
,HetSched,canny_0_deblur_0_gru_1_harris_1_lstm_1_,,,,8693690625.0,0.008694,20082865000.0,36751.2,13923875.0,3.542035,0.282324,3166588413.0,2,162,66.66666666666667,57.4468085106383,79,79,0,22.89855072463768,22.89855072463768,282,"[0, 0, 1, 1, 1]",gru-harris-lstm,GHL,3,345.0,282.0,-3421.333333333333,951.0,-7975.0,-3240.0,0.7451281899362012,1.118875,0.5215095698086039,0.595,0.5582547849043019,0.8569375
,ELF,canny_0_deblur_0_gru_1_harris_1_lstm_1_,,,,12221243125.0,0.012221,23312003125.0,38948.45,14210262.0,2.564542,0.389933,1834083470.0,1,263,33.333333333333336,93.26241134751773,237,223,14,68.69565217391305,64.6376811594203,282,"[0, 0, 1, 1, 1]",gru-harris-lstm,GHL,3,345.0,282.0,-1326.3333333333333,270.0,-4446.0,197.0,0.930540111697766,1.03375,0.7332453350932981,1.024625,0.878935167546649,1.0291875
,FCFS,canny_1_deblur_1_gru_1_harris_1_lstm_0_,,,,25412330625.0,0.025412,29101098125.0,26885.74,7784983.0,3.407664,0.293456,787944730.0,2,129,50.0,75.0,84,61,23,39.06976744186046,28.37209302325581,172,"[1, 1, 1, 1, 0]",canny-deblur-gru-harris,CDGH,4,215.0,172.0,-921.25,8745.0,-9346.0,-1542.0,0.9559875633737324,1.5246895062098758,0.4392512149757004,0.9300047661546768,0.6898512029759404,1.1961411265524688
,GEDF_D,canny_1_deblur_1_gru_1_harris_1_lstm_0_,,,,26229093750.0,0.026229,29918438125.0,27219.06,7689357.0,3.39959,0.294153,723384505.0,3,152,75.0,88.37209302325581,92,67,25,42.7906976744186,31.16279069767442,172,"[1, 1, 1, 1, 0]",canny-deblur-gru-harris,CDGH,4,215.0,172.0,-545.25,9561.0,-8651.0,-1545.5,0.9651568649877004,1.5736485270294591,0.4809503809923801,0.9030142759644808,0.7370402591948161,1.1311308817573649
,GEDF_N,canny_1_deblur_1_gru_1_harris_1_lstm_0_,,,,25299890000.0,0.0253,28989133125.0,26679.3,7895971.0,3.393111,0.294715,832869708.0,1,125,25.0,72.67441860465117,76,58,18,35.348837209302324,26.976744186046517,172,"[1, 1, 1, 1, 0]",canny-deblur-gru-harris,CDGH,4,215.0,172.0,2876.5,8632.0,-3265.0,3069.5,1.1810204539659206,1.5179096418071638,0.8041039179216416,1.2010341280674388,0.9996822294804104,1.3823723525529488
,LAX,canny_1_deblur_1_gru_1_harris_1_lstm_0_,,,,25558193750.0,0.025558,29249443125.0,17806.67,8058175.0,3.15656,0.316801,747529195.0,2,150,50.0,87.20930232558139,95,71,24,44.18604651162791,33.02325581395349,172,"[1, 1, 1, 1, 0]",canny-deblur-gru-harris,CDGH,4,215.0,172.0,398.75,8890.0,-4568.0,-1363.5,1.032017170906582,1.5333893322133558,0.7259254814903702,0.9343769349613008,0.7863592728145437,1.180034833053339
,ELF,canny_1_deblur_1_gru_1_harris_1_lstm_0_,,,,25274436250.0,0.025274,28965571250.0,17780.96,7519033.0,3.172859,0.315173,571843259.0,1,142,25.0,82.55813953488372,132,110,22,61.395348837209305,51.16279069767442,172,"[1, 1, 1, 1, 0]",canny-deblur-gru-harris,CDGH,4,215.0,172.0,3326.25,8607.0,-1510.0,3104.0,1.1750330555888882,1.5164096718065638,0.81125,1.1862362752744944,1.0281859925301495,1.3330833383332332
,FCFS,canny_1_deblur_1_gru_1_harris_0_lstm_1_,,,,22036259375.0,0.022036,29336733750.0,38390.55,16399701.0,3.383083,0.295588,2249634621.0,1,62,25.0,20.80536912751678,30,16,14,8.174386920980927,4.35967302452316,298,"[1, 1, 1, 0, 1]",canny-deblur-gru-lstm,CDGL,4,367.0,298.0,5131.25,13650.0,-10214.0,8544.5,1.720155203770925,2.70625,0.3871722565548689,1.8935992792644147,1.0883482330353391,2.52540625
,GEDF_D,canny_1_deblur_1_gru_1_harris_0_lstm_1_,,,,34221660000.0,0.034222,41523008125.0,37744.14,16271342.0,3.371821,0.296576,1402705421.0,0,56,0.0,18.79194630872483,42,19,23,11.444141689373296,5.177111716621254,298,"[1, 1, 1, 0, 1]",canny-deblur-gru-lstm,CDGL,4,367.0,298.0,11213.5,17554.0,3948.0,11676.0,2.052273549529009,2.57275,1.23687526249475,2.199734467810644,1.8491330173396527,2.402875
,GEDF_N,canny_1_deblur_1_gru_1_harris_0_lstm_1_,,,,28927875625.0,0.028928,36229465625.0,37881.32,16351867.0,3.37352,0.296426,1687742738.0,0,66,0.0,22.14765100671141,36,19,17,9.809264305177113,5.177111716621254,298,"[1, 1, 1, 0, 1]",canny-deblur-gru-lstm,CDGL,4,367.0,298.0,10561.75,12934.0,4202.0,12555.5,2.0527063114987696,2.61675,1.252114957700846,2.170980144147117,1.6147177056458872,2.60896875
,LAX,canny_1_deblur_1_gru_1_harris_0_lstm_1_,,,,21829656875.0,0.02183,29131436875.0,27288.15,17186746.0,3.149106,0.31755,2263634481.0,1,72,25.0,24.161073825503355,32,20,12,8.71934604904632,5.449591280653951,298,"[1, 1, 1, 0, 1]",canny-deblur-gru-lstm,CDGL,4,367.0,298.0,6070.75,14259.0,-9301.0,9662.5,1.8261037416751664,2.782375,0.4419511609767804,2.040044402861943,1.0927731445371094,2.773375
,ELF,canny_1_deblur_1_gru_1_harris_0_lstm_1_,,,,21538746250.0,0.021539,28840071250.0,27907.16,14377659.0,3.157949,0.316661,1128811293.0,1,117,25.0,39.26174496644296,240,223,17,65.39509536784742,60.76294277929155,298,"[1, 1, 1, 0, 1]",canny-deblur-gru-lstm,CDGL,4,367.0,298.0,2669.25,4924.0,-3826.0,4789.5,1.31667468650627,1.6155,0.7704445911081779,1.440377077458451,1.161801763964721,1.59525
,FCFS,canny_1_deblur_1_gru_0_harris_1_lstm_1_,,,,25451835000.0,0.025452,29224173125.0,29095.13,8527099.0,3.403559,0.29381,1058117499.0,2,108,50.0,55.10204081632653,59,36,23,24.58333333333333,15.0,196,"[1, 1, 0, 1, 1]",canny-deblur-harris-lstm,CDHL,4,240.0,196.0,-195.0,8783.0,-9264.0,-149.5,1.0441850156746866,1.5269694606107878,0.4441711165776684,1.102799742755145,0.6928361432771344,1.454148615152697
,GEDF_D,canny_1_deblur_1_gru_0_harris_1_lstm_1_,,,,28884203125.0,0.028884,32655791250.0,28818.55,8430299.0,3.394134,0.294626,893849690.0,2,113,50.0,57.6530612244898,68,43,25,28.33333333333333,17.916666666666668,196,"[1, 1, 0, 1, 1]",canny-deblur-harris-lstm,CDHL,4,240.0,196.0,2113.5,12216.0,-5979.0,1108.5,1.1678069707355854,1.732945341093178,0.6412671746565068,1.148507683596328,0.8965470690586188,1.4197675852732945
,GEDF_N,canny_1_deblur_1_gru_0_harris_1_lstm_1_,,,,25324963125.0,0.025325,29097903125.0,28919.89,8708062.0,3.389287,0.295047,1132012863.0,1,98,25.0,50.0,42,27,15,17.5,11.25,196,"[1, 1, 0, 1, 1]",canny-deblur-harris-lstm,CDHL,4,240.0,196.0,3639.25,8657.0,-3220.0,4560.0,1.2748204254664908,1.5194096118077638,0.8068038639227215,1.3865341130677389,1.2057208855822883,1.455633652951941
,LAX,canny_1_deblur_1_gru_0_harris_1_lstm_1_,,,,25607806250.0,0.025608,29382371250.0,19451.22,8963558.0,3.157928,0.316663,1037617035.0,2,109,50.0,55.61224489795919,61,38,23,25.416666666666664,15.833333333333332,196,"[1, 1, 0, 1, 1]",canny-deblur-harris-lstm,CDHL,4,240.0,196.0,1046.0,8940.0,-5224.0,234.0,1.121958587703246,1.5363892722145558,0.6865662686746266,1.1324394049619009,0.7787694246115078,1.475628568053639
,ELF,canny_1_deblur_1_gru_0_harris_1_lstm_1_,,,,25309488125.0,0.025309,29083258125.0,19836.41,7732444.0,3.174568,0.315003,621253497.0,1,166,25.0,84.6938775510204,146,126,20,60.83333333333333,52.5,196,"[1, 1, 0, 1, 1]",canny-deblur-harris-lstm,CDHL,4,240.0,196.0,3552.0,8642.0,-707.0,3136.5,1.2016267755894885,1.518509629807404,0.911625,1.1881862362752744,1.0548097119307611,1.3350032999340014
,FCFS,canny_1_deblur_0_gru_1_harris_1_lstm_1_,,,,20596248125.0,0.020596,27785606250.0,36859.81,16302268.0,3.380893,0.29578,2394731103.0,2,77,50.0,26.19047619047619,23,17,6,6.406685236768802,4.735376044568245,294,"[1, 0, 1, 1, 1]",canny-gru-harris-lstm,CGHL,4,359.0,294.0,2319.0,13595.0,-10629.0,3155.0,1.551569831103378,2.699375,0.3622727545449091,1.5723157849343012,0.5941981160376792,2.5296875
,GEDF_D,canny_1_deblur_0_gru_1_harris_1_lstm_1_,,,,24812951250.0,0.024813,32003186250.0,36521.89,16251678.0,3.365706,0.297114,1953590587.0,0,58,0.0,19.727891156462587,30,21,9,8.356545961002785,5.8495821727019495,294,"[1, 0, 1, 1, 1]",canny-gru-harris-lstm,CGHL,4,359.0,294.0,8878.25,12585.0,4012.0,9458.0,1.9122263529729409,2.573125,1.240715185696286,1.917532613097738,1.426696466070679,2.4030625
,GEDF_N,canny_1_deblur_0_gru_1_harris_1_lstm_1_,,,,24604573750.0,0.024605,31794743125.0,36535.81,16248983.0,3.364309,0.297238,1967542315.0,0,67,0.0,22.789115646258505,31,22,9,8.635097493036211,6.128133704735376,294,"[1, 0, 1, 1, 1]",canny-gru-harris-lstm,CGHL,4,359.0,294.0,9290.0,12586.0,4135.0,10219.5,1.9650926287724244,2.57325,1.248095038099238,2.01951273849523,1.4191366172676545,2.56546875
,LAX,canny_1_deblur_0_gru_1_harris_1_lstm_1_,,,,21000963750.0,0.021001,28191858125.0,25690.49,17009305.0,3.147051,0.317758,2311323070.0,2,88,50.0,29.931972789115648,30,24,6,8.356545961002785,6.685236768802229,294,"[1, 0, 1, 1, 1]",canny-gru-harris-lstm,CGHL,4,359.0,294.0,2458.25,14000.0,-11059.0,3446.0,1.6009404211915763,2.75,0.3364732705345893,1.6586442071158576,0.5185846283074339,2.741
,ELF,canny_1_deblur_0_gru_1_harris_1_lstm_1_,,,,16510163125.0,0.01651,23701018125.0,26084.02,14225264.0,3.15299,0.317159,1431723952.0,2,136,50.0,46.25850340136054,237,228,9,66.01671309192201,63.50974930362116,294,"[1, 0, 1, 1, 1]",canny-gru-harris-lstm,CGHL,4,359.0,294.0,1140.75,4477.0,-4109.0,2097.5,1.2119337800743983,1.559625,0.753464930701386,1.267322594798104,0.9312563748725023,1.548
,FCFS,canny_0_deblur_1_gru_1_harris_1_lstm_1_,,,,24329515000.0,0.02433,31633433125.0,39305.77,16496559.0,3.383445,0.295557,2073992844.0,1,68,25.0,22.36842105263158,30,17,13,8.0,4.533333333333333,304,"[0, 1, 1, 1, 1]",deblur-gru-harris-lstm,DGHL,4,375.0,304.0,7159.0,13868.0,-4875.0,9821.5,1.8495854139167216,2.7335,0.7075058498830024,1.9786679028919425,1.271659566808664,2.55659375
,GEDF_D,canny_0_deblur_1_gru_1_harris_1_lstm_1_,,,,38932563125.0,0.038933,46237151250.0,38388.14,16388207.0,3.373155,0.296458,1260816655.0,0,56,0.0,18.42105263157895,41,19,22,10.933333333333334,5.066666666666666,304,"[0, 1, 1, 1, 1]",deblur-gru-harris-lstm,DGHL,4,375.0,304.0,13834.5,22265.0,9744.0,11664.5,2.2091566474920503,2.571375,1.5846283074338514,2.3403116412671743,2.1480620387592246,2.40140625
,GEDF_N,canny_0_deblur_1_gru_1_harris_1_lstm_1_,,,,33564188125.0,0.033564,40868701250.0,38726.75,16452758.0,3.372233,0.296539,1482049374.0,0,65,0.0,21.38157894736842,36,21,15,9.6,5.6000000000000005,304,"[0, 1, 1, 1, 1]",deblur-gru-harris-lstm,DGHL,4,375.0,304.0,13725.75,16896.0,12258.0,12874.5,2.2419575039749207,2.6145,1.735465290694186,2.308932362602748,1.9441711165776685,2.60671875
,LAX,canny_0_deblur_1_gru_1_harris_1_lstm_1_,,,,24700846250.0,0.024701,32006231250.0,27961.53,17289595.0,3.148449,0.317617,2032393202.0,1,78,25.0,25.657894736842103,33,21,12,8.799999999999999,5.6000000000000005,304,"[0, 1, 1, 1, 1]",deblur-gru-harris-lstm,DGHL,4,375.0,304.0,7524.75,14534.0,-6768.0,11166.5,1.92003712050759,2.81675,0.5939281214375712,2.134735180296394,1.2599598008039838,2.7948125
,ELF,canny_0_deblur_1_gru_1_harris_1_lstm_1_,,,,26167326250.0,0.026167,33472856250.0,28292.42,14501304.0,3.156449,0.316812,966823120.0,0,109,0.0,35.85526315789474,239,224,15,63.73333333333333,59.73333333333334,304,"[0, 1, 1, 1, 1]",deblur-gru-harris-lstm,DGHL,4,375.0,304.0,5982.75,9499.0,4681.0,4875.5,1.5146194444861103,1.61225,1.2911741765164697,1.5775268007139855,1.500239995200096,1.59190625
